///////////////////////////////////////////////
// 電光掲示板 サウンドデータ
// sounddata.c
///////////////////////////////////////////////

#include "pico/stdlib.h"
#include <stdio.h>

const uint8_t SOUND_NO1[] = {
0x80,0x83,0x7D,0x7B,0x8A,0x6E,0x88,0x9C,0x5C,0xAB,0x80,0x52,0xBD,0x4A,0x71,0xAE,
0x40,0x94,0x94,0x4A,0x80,0x8A,0x48,0x8D,0xA6,0x5A,0xC8,0xA6,0x7B,0xDF,0x78,0x94,
0xB6,0x5F,0x97,0x78,0x4F,0x76,0x57,0x3B,0x64,0x52,0x31,0x83,0x4D,0x48,0x9F,0x43,
0x88,0x9F,0x61,0xC8,0xA1,0x9C,0xDF,0xAE,0xAE,0xD4,0xA9,0x97,0xCF,0x83,0x92,0xB8,
0x48,0x9A,0x78,0x2E,0x92,0x3D,0x43,0x76,0x31,0x4A,0x5A,0x31,0x43,0x64,0x2E,0x5F,
0x7B,0x38,0x9F,0x78,0x64,0xC8,0x7D,0xB1,0xDA,0xA4,0xE1,0xDC,0xBB,0xDC,0xCF,0xA4,
0xCD,0xAE,0x7D,0xBD,0x69,0x6C,0x94,0x2C,0x6C,0x61,0x29,0x6C,0x40,0x38,0x5A,0x3B,
0x31,0x5A,0x3B,0x38,0x7B,0x43,0x6E,0x8F,0x4F,0xA6,0x94,0x85,0xD4,0xA9,0xC3,0xE6,
0xC3,0xCF,0xDC,0xB1,0xBD,0xD2,0x8A,0xB1,0x9F,0x5C,0x9C,0x57,0x52,0x7B,0x31,0x5C,
0x5A,0x2C,0x4F,0x45,0x29,0x48,0x4A,0x2E,0x6C,0x5A,0x4A,0x97,0x5F,0x7D,0xA9,0x7B,
0xC0,0xBD,0xB3,0xE6,0xCD,0xC5,0xDF,0xC3,0xA9,0xCD,0x9F,0x94,0xB3,0x61,0x88,0x7B,
0x3B,0x78,0x4D,0x40,0x66,0x3D,0x45,0x4F,0x36,0x3D,0x52,0x36,0x52,0x6E,0x45,0x85,
0x7B,0x64,0xAE,0x88,0x9F,0xCA,0xAB,0xD4,0xDA,0xBD,0xD2,0xCF,0xAB,0xC0,0xB6,0x8D,
0xB3,0x7D,0x6C,0x92,0x48,0x61,0x66,0x38,0x61,0x4A,0x3B,0x52,0x3D,0x33,0x4F,0x45,
0x3D,0x71,0x4F,0x64,0x8D,0x61,0x97,0x9C,0x88,0xC5,0xB3,0xBD,0xDF,0xC3,0xC5,0xD4,
0xB8,0xB1,0xC3,0x92,0xA1,0xA1,0x64,0x8D,0x64,0x4A,0x73,0x3D,0x4F,0x5C,0x38,0x4A,
0x4D,0x36,0x45,0x4F,0x38,0x61,0x66,0x52,0x8D,0x73,0x7B,0xA6,0x85,0xB3,0xC3,0xB3,
0xDA,0xCF,0xC0,0xD4,0xC5,0xAB,0xC0,0xA4,0x8F,0xAB,0x71,0x76,0x7B,0x43,0x66,0x52,
0x40,0x5C,0x43,0x43,0x4F,0x3B,0x38,0x4F,0x40,0x4D,0x71,0x4F,0x76,0x85,0x6C,0xA4,
0x92,0x9F,0xCA,0xB3,0xCD,0xDA,0xC5,0xCD,0xCF,0xB1,0xB6,0xB8,0x8D,0xA4,0x8A,0x66,
0x88,0x55,0x57,0x66,0x3D,0x57,0x4F,0x3B,0x4D,0x45,0x36,0x4A,0x4D,0x3D,0x66,0x5C,
0x5C,0x8A,0x6C,0x8D,0xA1,0x8D,0xC0,0xBD,0xBD,0xDA,0xCA,0xC5,0xD2,0xBD,0xAE,0xC0,
0x9C,0x97,0xA1,0x6C,0x7D,0x6E,0x4A,0x69,0x4A,0x4A,0x5A,0x3D,0x45,0x4D,0x38,0x3D,
0x4F,0x3D,0x55,0x69,0x52,0x7D,0x7B,0x78,0xA4,0x8D,0xAB,0xC5,0xB6,0xD2,0xD4,0xC5,
0xCD,0xCD,0xB1,0xBB,0xAE,0x8F,0xA9,0x80,0x6E,0x83,0x4F,0x5F,0x5C,0x40,0x57,0x48,
0x3D,0x4D,0x43,0x38,0x4A,0x48,0x45,0x69,0x57,0x69,0x85,0x6E,0x97,0x9A,0x94,0xC0,
0xB8,0xC5,0xD7,0xCA,0xCA,0xD2,0xBB,0xB3,0xBD,0x97,0x9F,0x97,0x6C,0x85,0x64,0x55,
0x66,0x45,0x4F,0x55,0x3D,0x45,0x48,0x38,0x40,0x4D,0x3B,0x5C,0x61,0x57,0x83,0x73,
0x83,0x9F,0x8D,0xB1,0xBD,0xBD,0xD4,0xD2,0xC8,0xD2,0xCA,0xB1,0xBD,0xA9,0x97,0xA4,
0x78,0x78,0x76,0x4D,0x66,0x52,0x43,0x57,0x43,0x40,0x4A,0x3D,0x38,0x4A,0x40,0x4A,
0x66,0x55,0x73,0x80,0x73,0x9C,0x97,0xA1,0xC3,0xBB,0xCD,0xD7,0xCA,0xCD,0xD2,0xB6,
0xB8,0xB6,0x94,0xA1,0x85,0x71,0x80,0x57,0x5A,0x5C,0x45,0x52,0x4A,0x3D,0x45,0x43,
0x38,0x48,0x48,0x40,0x64,0x5C,0x64,0x85,0x73,0x8F,0x9F,0x97,0xBD,0xC0,0xC5,0xDC,
0xCF,0xC8,0xD2,0xC3,0xB1,0xBB,0x9F,0x97,0x94,0x6E,0x7B,0x69,0x4D,0x61,0x4D,0x48,
0x4F,0x3D,0x40,0x45,0x3B,0x40,0x4D,0x43,0x57,0x66,0x5C,0x80,0x80,0x80,0xA4,0x9A,
0xAE,0xC3,0xBD,0xD2,0xD4,0xC8,0xCD,0xC8,0xAE,0xB1,0xA9,0x92,0x97,0x7B,0x71,0x76,
0x52,0x5A,0x55,0x45,0x4F,0x45,0x40,0x48,0x43,0x3D,0x4D,0x4A,0x4F,0x69,0x64,0x73,
0x85,0x7D,0x9A,0xA1,0xA6,0xC0,0xC0,0xCA,0xD4,0xC8,0xC5,0xC5,0xB3,0xAB,0xAE,0x94,
0x94,0x88,0x6E,0x76,0x5C,0x55,0x5F,0x48,0x4F,0x4F,0x40,0x4A,0x48,0x3D,0x48,0x4F,
0x4A,0x64,0x69,0x69,0x85,0x80,0x8F,0xA6,0x9F,0xB8,0xC0,0xC0,0xCF,0xCA,0xC3,0xC5,
0xBB,0xA6,0xA9,0x9A,0x88,0x8D,0x73,0x71,0x69,0x4F,0x5C,0x52,0x45,0x4F,0x48,0x48,
0x4A,0x48,0x48,0x55,0x52,0x5C,0x73,0x6C,0x80,0x8D,0x88,0xA1,0xA1,0xAB,0xBD,0xBB,
0xC5,0xC8,0xBD,0xBD,0xBB,0xA9,0xA4,0xA1,0x88,0x8A,0x7D,0x6C,0x71,0x5A,0x5A,0x5C,
0x4A,0x52,0x4D,0x48,0x4A,0x4A,0x48,0x4F,0x57,0x5A,0x6E,0x71,0x76,0x8A,0x85,0x97,
0xA4,0xA1,0xB8,0xBB,0xC0,0xC8,0xC0,0xBB,0xB8,0xAB,0xA1,0xA4,0x92,0x88,0x85,0x6E,
0x6E,0x64,0x55,0x5F,0x4F,0x4D,0x55,0x4A,0x4A,0x4F,0x4D,0x4D,0x5A,0x5A,0x66,0x73,
0x73,0x88,0x8A,0x8F,0xA4,0xA1,0xAE,0xBD,0xBB,0xC3,0xC0,0xB8,0xB6,0xB1,0x9F,0x9F,
0x97,0x85,0x8A,0x78,0x69,0x6C,0x57,0x5A,0x57,0x4D,0x52,0x4F,0x4A,0x4F,0x52,0x4D,
0x57,0x5F,0x5F,0x73,0x73,0x7D,0x92,0x8D,0x9F,0xA6,0xA6,0xB8,0xBB,0xBB,0xC0,0xB8,
0xB3,0xB3,0xA4,0x9A,0x9C,0x85,0x85,0x83,0x66,0x6E,0x64,0x55,0x5C,0x4F,0x4F,0x55,
0x4D,0x4F,0x55,0x52,0x55,0x61,0x5F,0x6C,0x7B,0x78,0x8F,0x8F,0x92,0xA6,0xA1,0xAE,
0xBB,0xB8,0xBD,0xBB,0xB3,0xAE,0xA9,0x9C,0x97,0x8F,0x80,0x85,0x71,0x69,0x6C,0x57,
0x5C,0x57,0x4F,0x55,0x4D,0x52,0x55,0x52,0x55,0x61,0x61,0x66,0x7B,0x78,0x88,0x94,
0x8F,0xA6,0xA6,0xAB,0xBB,0xB6,0xBB,0xB8,0xB3,0xAE,0xA6,0x9C,0x94,0x8F,0x83,0x80,
0x76,0x66,0x6E,0x5A,0x57,0x5C,0x4F,0x57,0x55,0x55,0x57,0x57,0x5A,0x5C,0x66,0x66,
0x76,0x7D,0x83,0x94,0x8F,0x9C,0xA6,0xA4,0xB3,0xB3,0xB3,0xB6,0xAE,0xAB,0xA6,0x9C,
0x92,0x92,0x88,0x7D,0x7B,0x6C,0x6C,0x64,0x57,0x5F,0x55,0x55,0x5C,0x55,0x57,0x57,
0x5A,0x5F,0x66,0x6C,0x73,0x80,0x83,0x8F,0x94,0x94,0xA4,0xA4,0xAB,0xB3,0xB1,0xB3,
0xAB,0xAB,0xA4,0x9C,0x94,0x8D,0x8A,0x7D,0x7B,0x71,0x66,0x69,0x5A,0x5C,0x5A,0x52,
0x5C,0x5A,0x57,0x5C,0x5F,0x61,0x64,0x6C,0x71,0x80,0x83,0x8A,0x97,0x94,0x9F,0xA4,
0xA4,0xB1,0xAE,0xAE,0xAE,0xA9,0xA6,0x9C,0x97,0x8D,0x8A,0x80,0x78,0x76,0x69,0x69,
0x61,0x5C,0x5C,0x55,0x5C,0x5A,0x5A,0x5C,0x5C,0x61,0x64,0x6C,0x71,0x78,0x85,0x88,
0x94,0x97,0x9C,0xA6,0xA4,0xAE,0xAE,0xAB,0xAB,0xA6,0xA4,0x9A,0x94,0x8A,0x88,0x83,
0x73,0x76,0x6C,0x66,0x69,0x5C,0x5F,0x5C,0x5A,0x5C,0x5C,0x5F,0x61,0x66,0x66,0x6E,
0x76,0x78,0x88,0x88,0x8F,0x9A,0x9A,0xA1,0xA4,0xA6,0xAB,0xA9,0xA6,0xA4,0xA1,0x97,
0x92,0x8D,0x83,0x83,0x78,0x73,0x71,0x66,0x69,0x61,0x5C,0x5F,0x5C,0x5F,0x61,0x61,
0x64,0x69,0x69,0x6C,0x76,0x78,0x83,0x8A,0x8D,0x97,0x9A,0x9F,0xA1,0xA1,0xA9,0xA6,
0xA4,0xA4,0x9F,0x97,0x92,0x8D,0x83,0x80,0x7B,0x73,0x73,0x69,0x66,0x64,0x5C,0x61,
0x5F,0x5F,0x64,0x64,0x66,0x69,0x6C,0x6C,0x78,0x7B,0x80,0x8D,0x8D,0x94,0x9A,0x9A,
0xA1,0xA1,0xA4,0xA4,0xA4,0xA1,0x9F,0x97,0x8F,0x8D,0x83,0x7D,0x7D,0x73,0x71,0x6E,
0x66,0x66,0x5F,0x5F,0x61,0x5F,0x61,0x66,0x64,0x69,0x71,0x66,0x7B,0x80,0x88,0x88,
0x8F,0x97,0x9F,0x9C,0x8F,0x94,0x78,0x85,0x97,0x92,0x9C,0xB6,0xA1,0xB3,0xB3,0xA9,
0xA9,0x94,0x80,0x76,0x61,0x55,0x4A,0x40,0x38,0x2E,0x33,0x31,0x38,0x3B,0x4D,0x52,
0x64,0x73,0x88,0x9C,0xB3,0xBB,0xD2,0xDC,0xE1,0xE9,0xE4,0xD7,0xCF,0xBD,0xA1,0x8F,
0x78,0x6C,0x5C,0x52,0x43,0x40,0x2E,0x3B,0x3B,0x3D,0x43,0x48,0x4D,0x5F,0x6E,0x7D,
0x92,0x9F,0xA9,0xAB,0xB8,0xBB,0xBD,0xB6,0xB6,0x9F,0x9A,0x8D,0x7B,0x73,0x71,0x61,
0x64,0x5F,0x5A,0x5F,0x69,0x6C,0x73,0x7B,0x83,0x97,0x94,0xA9,0xAB,0xA4,0xA9,0xAB,
0x9C,0xA1,0x97,0x8A,0x7B,0x71,0x5A,0x55,0x4A,0x43,0x43,0x33,0x3B,0x43,0x43,0x52,
0x5F,0x5F,0x78,0x88,0x9A,0xAE,0xC8,0xD2,0xDF,0xD7,0xDC,0xDF,0xCD,0xC3,0xB8,0x9C,
0x88,0x73,0x5F,0x55,0x43,0x3D,0x36,0x31,0x26,0x2E,0x31,0x38,0x3D,0x4D,0x5A,0x6E,
0x80,0x9A,0xA9,0xB8,0xCA,0xCF,0xDA,0xDC,0xDA,0xD2,0xC5,0xB1,0xA1,0x88,0x78,0x69,
0x5C,0x4A,0x4A,0x40,0x43,0x45,0x4A,0x4D,0x57,0x5F,0x6C,0x7D,0x85,0x9A,0xA6,0xA9,
0xB1,0xB3,0xAE,0xB6,0xA6,0xA4,0x94,0x88,0x7B,0x6E,0x5C,0x5C,0x57,0x4D,0x4D,0x52,
0x55,0x61,0x69,0x71,0x83,0x83,0x97,0xA6,0xB1,0xB6,0xBD,0xB8,0xBB,0xB3,0xA9,0xA1,
0x92,0x7D,0x76,0x5C,0x55,0x4F,0x3D,0x3D,0x3B,0x38,0x38,0x43,0x4A,0x5A,0x61,0x73,
0x85,0x9A,0xA9,0xC0,0xC5,0xD7,0xDC,0xD7,0xDA,0xCF,0xBD,0xB3,0x9F,0x83,0x76,0x64,
0x4F,0x48,0x40,0x31,0x36,0x2C,0x33,0x36,0x38,0x48,0x4F,0x5C,0x76,0x83,0x9C,0xB1,
0xBB,0xCA,0xD2,0xD4,0xDC,0xD7,0xC8,0xC5,0xAB,0x94,0x85,0x71,0x64,0x5A,0x43,0x48,
0x43,0x3B,0x43,0x48,0x48,0x57,0x5F,0x66,0x80,0x8D,0x9C,0xAE,0xAE,0xB6,0xBD,0xB6,
0xBD,0xB1,0xA6,0x9C,0x8A,0x78,0x71,0x5F,0x55,0x57,0x4A,0x4A,0x4F,0x4D,0x5C,0x61,
0x64,0x7D,0x80,0x8F,0xA4,0xAB,0xB3,0xC0,0xBB,0xBB,0xB8,0xAE,0xA6,0x9C,0x83,0x7B,
0x69,0x57,0x52,0x43,0x3D,0x3B,0x33,0x36,0x40,0x45,0x55,0x61,0x6E,0x83,0x97,0xA4,
0xBB,0xC8,0xD2,0xDC,0xDA,0xD7,0xD4,0xC3,0xB3,0x9F,0x85,0x78,0x61,0x55,0x4A,0x3D,
0x31,0x33,0x29,0x2E,0x36,0x38,0x45,0x55,0x5C,0x76,0x88,0x9A,0xB3,0xBD,0xCA,0xD7,
0xD7,0xDC,0xDC,0xCA,0xBD,0xAB,0x92,0x80,0x71,0x5C,0x57,0x45,0x40,0x43,0x3B,0x40,
0x48,0x48,0x55,0x61,0x66,0x80,0x8F,0x9C,0xB1,0xB3,0xB6,0xC3,0xBB,0xB8,0xB6,0xA6,
0x9A,0x8D,0x78,0x71,0x64,0x55,0x55,0x4D,0x45,0x4F,0x4D,0x55,0x64,0x61,0x76,0x85,
0x8D,0xA1,0xAE,0xB3,0xBD,0xBD,0xBB,0xB6,0xB1,0xA6,0x9C,0x85,0x78,0x69,0x55,0x52,
0x48,0x40,0x40,0x38,0x3B,0x48,0x48,0x57,0x64,0x6E,0x83,0x9A,0xA4,0xBB,0xCA,0xCF,
0xD7,0xD4,0xCF,0xCA,0xBB,0xAB,0x9A,0x80,0x73,0x61,0x52,0x48,0x40,0x33,0x33,0x2E,
0x2E,0x3B,0x40,0x4A,0x5C,0x66,0x7B,0x92,0xA1,0xB6,0xC5,0xCF,0xD7,0xDA,0xD4,0xD2,
0xC3,0xB3,0xA4,0x88,0x78,0x6C,0x57,0x52,0x45,0x3D,0x3D,0x3B,0x40,0x48,0x4F,0x5A,
0x66,0x6E,0x85,0x97,0xA1,0xAE,0xBB,0xBB,0xC3,0xC0,0xBB,0xB3,0xA6,0x97,0x88,0x78,
0x6E,0x64,0x55,0x4F,0x4D,0x45,0x4A,0x4F,0x52,0x61,0x64,0x71,0x7D,0x88,0x9C,0xA9,
0xB3,0xBD,0xBD,0xBB,0xB8,0xB1,0xA4,0x9C,0x8D,0x7B,0x73,0x5F,0x5A,0x52,0x48,0x45,
0x3D,0x40,0x48,0x4D,0x5A,0x64,0x71,0x7D,0x8F,0x9C,0xAE,0xBD,0xC3,0xCD,0xCA,0xC8,
0xC3,0xB6,0xA9,0x97,0x85,0x76,0x64,0x5A,0x4D,0x45,0x3D,0x3B,0x38,0x38,0x43,0x48,
0x55,0x61,0x6C,0x83,0x92,0xA1,0xB6,0xC0,0xC8,0xCF,0xCF,0xCA,0xC5,0xB8,0xA9,0x9A,
0x85,0x76,0x66,0x5A,0x52,0x48,0x43,0x3D,0x3D,0x45,0x4D,0x52,0x5C,0x66,0x76,0x85,
0x94,0xA4,0xB1,0xB8,0xBD,0xC3,0xBD,0xBB,0xB3,0xA6,0x9A,0x8A,0x7B,0x6E,0x64,0x57,
0x52,0x4D,0x48,0x4A,0x4F,0x52,0x5F,0x64,0x6C,0x78,0x88,0x94,0xA1,0xAE,0xB6,0xB8,
0xB8,0xB3,0xB3,0xA9,0x9F,0x94,0x83,0x76,0x69,0x5F,0x57,0x4D,0x48,0x48,0x45,0x4D,
0x52,0x5A,0x64,0x71,0x7B,0x8A,0x9A,0xA6,0xB6,0xBD,0xC0,0xC3,0xBD,0xB8,0xB1,0xA4,
0x94,0x85,0x76,0x66,0x5F,0x52,0x4A,0x45,0x40,0x40,0x43,0x48,0x52,0x5A,0x66,0x76,
0x83,0x92,0xA1,0xB1,0xBB,0xC5,0xC5,0xC8,0xC3,0xBB,0xB3,0xA4,0x92,0x83,0x71,0x66,
0x5C,0x52,0x4A,0x45,0x40,0x43,0x48,0x4A,0x55,0x5C,0x69,0x78,0x85,0x94,0xA4,0xAE,
0xBB,0xBD,0xC0,0xC0,0xBD,0xB3,0xA9,0x9C,0x8A,0x80,0x6E,0x64,0x5C,0x52,0x4D,0x4A,
0x48,0x4F,0x52,0x57,0x61,0x6C,0x76,0x85,0x92,0x9C,0xAB,0xAE,0xB3,0xB8,0xB1,0xB1,
0xA9,0x9F,0x97,0x85,0x7B,0x6E,0x64,0x5A,0x57,0x4F,0x4D,0x4F,0x4F,0x5A,0x5F,0x66,
0x76,0x7B,0x88,0x97,0x9F,0xAB,0xB3,0xB3,0xB6,0xB3,0xAB,0xA6,0x9C,0x8D,0x83,0x76,
0x66,0x61,0x55,0x4F,0x4F,0x45,0x4A,0x4F,0x52,0x5F,0x66,0x71,0x7D,0x88,0x97,0xA6,
0xB1,0xB8,0xC0,0xBD,0xBD,0xBB,0xAE,0xA9,0x9A,0x88,0x80,0x6C,0x5F,0x5C,0x4D,0x4A,
0x48,0x40,0x45,0x4D,0x4F,0x5C,0x66,0x6E,0x80,0x8A,0x9A,0xAB,0xB1,0xBB,0xC0,0xC0,
0xC0,0xBB,0xB1,0xA6,0x9A,0x88,0x7D,0x6E,0x64,0x5C,0x4F,0x4D,0x4A,0x45,0x4D,0x4F,
0x57,0x5F,0x66,0x73,0x80,0x8A,0x9A,0xA6,0xAE,0xB3,0xB6,0xB3,0xB3,0xAB,0xA1,0x9C,
0x8A,0x83,0x78,0x69,0x66,0x5F,0x55,0x57,0x52,0x55,0x5C,0x61,0x66,0x73,0x7B,0x83,
0x92,0x9A,0xA4,0xAB,0xA9,0xAE,0xAB,0xA4,0xA1,0x97,0x8A,0x83,0x76,0x69,0x66,0x5C,
0x57,0x55,0x4F,0x52,0x57,0x5A,0x66,0x6E,0x76,0x83,0x8A,0x97,0xA4,0xAB,0xB3,0xB8,
0xB6,0xB3,0xAE,0xA4,0x9C,0x92,0x83,0x78,0x6C,0x61,0x5C,0x52,0x4D,0x4A,0x45,0x48,
0x52,0x55,0x5F,0x6C,0x71,0x80,0x8F,0x9A,0xAB,0xB1,0xBB,0xC0,0xBB,0xBB,0xB6,0xAB,
0xA4,0x94,0x85,0x7B,0x6E,0x61,0x5C,0x55,0x4D,0x4F,0x4A,0x4F,0x55,0x57,0x64,0x6C,
0x73,0x83,0x8D,0x97,0xA4,0xAB,0xAE,0xB1,0xAE,0xAB,0xA9,0x9C,0x97,0x8A,0x7D,0x78,
0x6E,0x64,0x64,0x5C,0x5C,0x5C,0x5C,0x64,0x6C,0x6C,0x76,0x7D,0x83,0x8F,0x97,0x9C,
0xA4,0xA1,0xA1,0xA1,0x9A,0x97,0x8F,0x85,0x7D,0x76,0x6C,0x69,0x61,0x5C,0x5F,0x5A,
0x5A,0x64,0x64,0x6C,0x78,0x7B,0x88,0x92,0x94,0xA1,0xA9,0xA9,0xB1,0xAB,0xA4,0xA4,
0x9A,0x8F,0x8A,0x7B,0x73,0x6C,0x5F,0x5F,0x57,0x4F,0x52,0x4F,0x4F,0x5C,0x5F,0x69,
0x76,0x78,0x88,0x94,0x9A,0xA9,0xB1,0xB1,0xB8,0xB3,0xAE,0xB1,0xA1,0x9A,0x92,0x7D,
0x78,0x6E,0x61,0x5F,0x57,0x4F,0x55,0x52,0x55,0x5F,0x5F,0x66,0x73,0x73,0x83,0x8F,
0x92,0xA1,0xA6,0xA6,0xAB,0xA6,0xA4,0xA4,0x97,0x92,0x8D,0x7B,0x7B,0x73,0x66,0x69,
0x64,0x61,0x66,0x64,0x69,0x71,0x73,0x7B,0x83,0x83,0x8F,0x92,0x94,0x9C,0x97,0x94,
0x97,0x8A,0x8D,0x88,0x7B,0x7D,0x76,0x6C,0x6E,0x69,0x64,0x69,0x64,0x64,0x71,0x73,
0x78,0x7D,0x88,0x97,0x97,0x8F,0x9F,0xB1,0xA6,0x94,0x9F,0x83,0x85,0xA1,0x76,0x71,
0x8A,0x80,0x73,0x6E,0x6E,0x66,0x5F,0x57,0x4D,0x4D,0x55,0x52,0x55,0x64,0x76,0x83,
0x8F,0x9F,0xB6,0xC0,0xC5,0xC8,0xC5,0xC0,0xB3,0x9C,0x88,0x80,0x71,0x61,0x57,0x55,
0x5A,0x57,0x57,0x61,0x69,0x73,0x7B,0x7B,0x80,0x88,0x85,0x7D,0x78,0x78,0x7B,0x78,
0x78,0x7D,0x83,0x8A,0x8F,0x94,0x9F,0xA9,0xA6,0xA1,0x9F,0x97,0x8D,0x7B,0x6C,0x66,
0x64,0x5F,0x5C,0x5C,0x64,0x6E,0x71,0x78,0x8A,0x97,0xA1,0xA1,0x9F,0xA1,0x9A,0x8A,
0x7D,0x73,0x6E,0x69,0x5F,0x5C,0x61,0x66,0x6C,0x71,0x7B,0x8D,0x97,0x9A,0x9C,0x9F,
0x9F,0x94,0x88,0x80,0x80,0x7B,0x73,0x71,0x73,0x7B,0x7B,0x7B,0x83,0x8A,0x8D,0x8D,
0x8A,0x85,0x83,0x78,0x6C,0x66,0x64,0x66,0x64,0x61,0x6C,0x76,0x7D,0x85,0x8F,0x9F,
0xAE,0xAE,0xAB,0xAE,0xA6,0x9C,0x8D,0x7B,0x73,0x6E,0x61,0x5C,0x5A,0x5F,0x64,0x64,
0x6C,0x7B,0x85,0x8A,0x8D,0x8D,0x94,0x8F,0x83,0x7D,0x7B,0x7B,0x7B,0x76,0x76,0x80,
0x85,0x88,0x8D,0x94,0x9C,0x9C,0x97,0x94,0x8F,0x88,0x7B,0x6C,0x66,0x66,0x61,0x5C,
0x61,0x66,0x73,0x78,0x80,0x8D,0x9A,0xA1,0xA1,0x9F,0x9F,0x9A,0x8D,0x7D,0x76,0x6E,
0x66,0x5F,0x5A,0x61,0x66,0x6C,0x71,0x7B,0x8D,0x9A,0x9C,0x9C,0x9F,0x9F,0x94,0x8A,
0x7D,0x7D,0x7B,0x71,0x71,0x71,0x76,0x7B,0x78,0x7D,0x88,0x8D,0x8D,0x8A,0x85,0x85,
0x7D,0x6E,0x69,0x69,0x66,0x66,0x61,0x6C,0x76,0x7B,0x85,0x8F,0x9C,0xAB,0xAE,0xA9,
0xA9,0xA6,0x9A,0x8D,0x7B,0x71,0x6E,0x61,0x5C,0x5C,0x5F,0x66,0x69,0x6E,0x7B,0x85,
0x8D,0x8F,0x8F,0x92,0x8F,0x85,0x7B,0x7B,0x78,0x76,0x73,0x73,0x7D,0x83,0x85,0x8D,
0x92,0x9C,0x9F,0x9C,0x97,0x94,0x8D,0x7D,0x71,0x69,0x66,0x64,0x5F,0x61,0x66,0x71,
0x78,0x7D,0x8A,0x97,0x9F,0x9F,0x9C,0x9A,0x97,0x8A,0x7B,0x71,0x6C,0x66,0x61,0x5C,
0x64,0x6C,0x73,0x78,0x83,0x92,0x9F,0xA1,0xA1,0xA1,0x9F,0x94,0x88,0x7D,0x78,0x76,
0x6E,0x6C,0x6C,0x73,0x78,0x76,0x7D,0x88,0x8A,0x8F,0x8A,0x85,0x88,0x7D,0x73,0x6C,
0x69,0x69,0x69,0x66,0x6C,0x76,0x7D,0x88,0x8F,0x9C,0xA9,0xAB,0xA9,0xA6,0xA1,0x9A,
0x8A,0x78,0x71,0x6C,0x64,0x5C,0x5C,0x5F,0x69,0x69,0x6E,0x7B,0x85,0x8D,0x8F,0x8D,
0x8F,0x8D,0x85,0x7B,0x76,0x78,0x76,0x73,0x73,0x7B,0x83,0x88,0x8D,0x8F,0x9A,0xA1,
0x9C,0x9A,0x94,0x8F,0x83,0x73,0x6C,0x6C,0x66,0x64,0x64,0x66,0x71,0x78,0x7B,0x85,
0x8F,0x97,0x9A,0x94,0x94,0x92,0x85,0x7B,0x71,0x6C,0x6C,0x64,0x61,0x66,0x71,0x78,
0x7D,0x85,0x94,0x9F,0xA1,0xA1,0xA1,0x9F,0x97,0x8A,0x80,0x78,0x76,0x6E,0x66,0x69,
0x6E,0x71,0x73,0x76,0x7D,0x85,0x88,0x85,0x85,0x85,0x83,0x78,0x71,0x6E,0x71,0x6E,
0x6E,0x73,0x7B,0x83,0x8A,0x8F,0x9A,0xA6,0xA9,0xA6,0xA1,0x9C,0x94,0x88,0x78,0x71,
0x69,0x64,0x5F,0x5C,0x61,0x69,0x6C,0x71,0x7B,0x85,0x8F,0x8F,0x8F,0x92,0x8F,0x88,
0x80,0x78,0x78,0x78,0x71,0x71,0x76,0x80,0x85,0x88,0x8F,0x9A,0x9C,0x9C,0x97,0x94,
0x92,0x85,0x78,0x71,0x6E,0x6C,0x69,0x64,0x69,0x71,0x76,0x78,0x80,0x8A,0x94,0x94,
0x8F,0x8F,0x8D,0x83,0x78,0x71,0x6C,0x6C,0x66,0x64,0x69,0x71,0x7B,0x80,0x88,0x97,
0xA1,0xA6,0xA4,0xA4,0x9F,0x97,0x88,0x7D,0x78,0x71,0x6C,0x66,0x64,0x6C,0x6E,0x71,
0x76,0x7B,0x83,0x88,0x85,0x85,0x88,0x83,0x7B,0x76,0x71,0x73,0x73,0x71,0x76,0x7D,
0x85,0x8D,0x8F,0x97,0xA4,0xA4,0xA4,0x9F,0x9A,0x92,0x85,0x76,0x6E,0x69,0x64,0x61,
0x5F,0x64,0x6C,0x6E,0x73,0x7D,0x85,0x8D,0x8F,0x8D,0x8F,0x8F,0x85,0x7D,0x78,0x76,
0x78,0x71,0x71,0x76,0x7B,0x83,0x88,0x8D,0x97,0x9C,0x9C,0x9A,0x97,0x92,0x8A,0x7B,
0x73,0x73,0x6E,0x6C,0x69,0x69,0x71,0x76,0x76,0x7B,0x83,0x8D,0x8F,0x8A,0x88,0x8A,
0x85,0x7B,0x73,0x71,0x71,0x6E,0x6C,0x71,0x76,0x7D,0x85,0x8A,0x94,0x9F,0xA4,0xA1,
0xA1,0x9C,0x94,0x8A,0x7B,0x76,0x73,0x6C,0x66,0x66,0x69,0x6C,0x71,0x73,0x78,0x80,
0x85,0x85,0x85,0x85,0x85,0x80,0x78,0x78,0x78,0x78,0x78,0x7B,0x80,0x88,0x8A,0x8F,
0x94,0x9C,0x9F,0x9C,0x97,0x92,0x8D,0x83,0x76,0x6C,0x69,0x69,0x64,0x61,0x66,0x6E,
0x71,0x78,0x7B,0x88,0x8F,0x8F,0x8F,0x8F,0x8D,0x88,0x7D,0x78,0x78,0x78,0x73,0x73,
0x76,0x7D,0x83,0x85,0x8A,0x92,0x97,0x97,0x94,0x92,0x8F,0x88,0x7D,0x76,0x73,0x73,
0x71,0x6C,0x6E,0x73,0x76,0x78,0x7D,0x80,0x8A,0x8A,0x88,0x88,0x85,0x83,0x7B,0x73,
0x73,0x73,0x71,0x71,0x76,0x7B,0x83,0x8A,0x8A,0x97,0x9F,0x9F,0x9F,0x9C,0x97,0x92,
0x85,0x7B,0x73,0x6E,0x6C,0x64,0x61,0x69,0x6C,0x6E,0x73,0x76,0x80,0x85,0x85,0x85,
0x88,0x88,0x85,0x7D,0x7D,0x7D,0x7D,0x7D,0x80,0x80,0x88,0x8D,0x8A,0x92,0x97,0x97,
0x97,0x92,0x8A,0x88,0x7D,0x76,0x6E,0x6C,0x6C,0x69,0x66,0x6C,0x73,0x76,0x7B,0x80,
0x85,0x8D,0x8F,0x8D,0x8D,0x8A,0x8A,0x80,0x7B,0x78,0x78,0x76,0x76,0x76,0x7B,0x83,
0x83,0x85,0x8D,0x92,0x92,0x92,0x8F,0x8D,0x88,0x80,0x78,0x76,0x76,0x73,0x71,0x71,
0x73,0x76,0x78,0x7B,0x80,0x85,0x88,0x85,0x85,0x83,0x83,0x7D,0x76,0x76,0x78,0x76,
0x76,0x7B,0x7D,0x85,0x8A,0x8A,0x94,0x9A,0x9C,0x9C,0x97,0x92,0x8F,0x83,0x7B,0x73,
0x71,0x6E,0x69,0x64,0x69,0x6C,0x6E,0x71,0x73,0x7B,0x83,0x83,0x85,0x88,0x88,0x88,
0x85,0x80,0x85,0x85,0x83,0x85,0x83,0x88,0x8D,0x88,0x8D,0x8F,0x8F,0x8D,0x88,0x83,
0x80,0x78,0x73,0x71,0x6C,0x6E,0x6E,0x6C,0x73,0x78,0x7B,0x83,0x85,0x88,0x8F,0x8F,
0x8D,0x8D,0x88,0x85,0x80,0x76,0x78,0x78,0x73,0x76,0x73,0x78,0x80,0x83,0x85,0x8A,
0x8F,0x92,0x8F,0x8D,0x8D,0x8A,0x83,0x7D,0x7B,0x78,0x78,0x73,0x73,0x76,0x78,0x78,
0x78,0x7B,0x80,0x80,0x7D,0x7D,0x7D,0x7D,0x7D,0x78,0x78,0x7D,0x7D,0x7D,0x80,0x83,
0x8D,0x8F,0x8D,0x94,0x97,0x9A,0x97,0x8F,0x8A,0x88,0x80,0x76,0x71,0x6C,0x6C,0x69,
0x64,0x66,0x6C,0x6E,0x73,0x73,0x7B,0x85,0x83,0x85,0x8A,0x8D,0x8D,0x8A,0x88,0x8A,
0x8D,0x8A,0x88,0x88,0x88,0x8A,0x85,0x88,0x8A,0x88,0x85,0x7D,0x78,0x78,0x76,0x71,
0x71,0x71,0x71,0x76,0x73,0x76,0x80,0x83,0x83,0x88,0x88,0x8F,0x8F,0x8D,0x8A,0x88,
0x85,0x80,0x78,0x76,0x78,0x73,0x71,0x73,0x76,0x7B,0x80,0x80,0x88,0x8D,0x8F,0x8F,
0x8D,0x8D,0x8D,0x88,0x80,0x80,0x7B,0x7B,0x78,0x73,0x76,0x78,0x76,0x78,0x78,0x7D,
0x80,0x7B,0x7B,0x7B,0x7B,0x7B,0x7B,0x78,0x7D,0x80,0x80,0x83,0x88,0x8D,0x92,0x8F,
0x92,0x97,0x97,0x94,0x8F,0x8A,0x85,0x80,0x76,0x71,0x6E,0x6C,0x69,0x66,0x66,0x6C,
0x6E,0x71,0x73,0x78,0x83,0x83,0x85,0x8F,0x8A,0x8A,0x9A,0x85,0x83,0x9C,0x8A,0x83,
0x94,0x85,0x78,0x8D,0x80,0x80,0x97,0x88,0x80,0x8D,0x71,0x5C,0x66,0x5A,0x55,0x73,
0x7D,0x80,0x9A,0x9A,0x8A,0x92,0x85,0x76,0x80,0x7D,0x76,0x88,0x8D,0x85,0x94,0x8F,
0x7D,0x85,0x7D,0x69,0x6E,0x6E,0x66,0x78,0x83,0x83,0x94,0x9A,0x8A,0x8D,0x8A,0x76,
0x78,0x78,0x6C,0x78,0x88,0x83,0x8D,0x97,0x85,0x85,0x88,0x71,0x6E,0x76,0x64,0x6C,
0x80,0x7B,0x85,0x92,0x85,0x88,0x8D,0x7B,0x76,0x80,0x73,0x7B,0x8D,0x8A,0x8F,0xA1,
0x94,0x88,0x8D,0x7B,0x6E,0x71,0x66,0x66,0x7B,0x7B,0x7B,0x8D,0x88,0x7D,0x85,0x78,
0x6C,0x7B,0x73,0x6E,0x85,0x8D,0x8D,0x9F,0x9A,0x8D,0x92,0x88,0x73,0x7B,0x76,0x6E,
0x80,0x85,0x83,0x92,0x8F,0x7D,0x80,0x7B,0x69,0x6C,0x6E,0x64,0x76,0x85,0x83,0x92,
0x9C,0x8D,0x8F,0x8D,0x76,0x78,0x7B,0x6E,0x7B,0x88,0x83,0x8D,0x94,0x80,0x80,0x83,
0x6E,0x6E,0x76,0x6C,0x73,0x85,0x83,0x8F,0x9C,0x8F,0x8A,0x8D,0x7B,0x73,0x78,0x6E,
0x73,0x85,0x85,0x88,0x97,0x8D,0x83,0x88,0x76,0x69,0x73,0x69,0x66,0x7B,0x7D,0x80,
0x92,0x8D,0x85,0x8F,0x83,0x78,0x80,0x7B,0x78,0x8A,0x8D,0x8D,0x9C,0x97,0x88,0x88,
0x7B,0x69,0x6C,0x69,0x61,0x76,0x7D,0x7B,0x8D,0x8F,0x83,0x85,0x80,0x71,0x78,0x78,
0x6E,0x7D,0x8D,0x8A,0x97,0x9A,0x8A,0x8F,0x8A,0x76,0x78,0x78,0x6E,0x7B,0x85,0x80,
0x8A,0x92,0x80,0x7D,0x7B,0x6C,0x69,0x6E,0x66,0x71,0x85,0x85,0x8F,0x9C,0x94,0x8F,
0x8F,0x7D,0x76,0x7B,0x71,0x73,0x83,0x83,0x85,0x92,0x85,0x80,0x85,0x76,0x6C,0x76,
0x71,0x71,0x83,0x85,0x8A,0x9A,0x92,0x88,0x8A,0x80,0x73,0x78,0x73,0x71,0x83,0x88,
0x85,0x92,0x92,0x83,0x85,0x7B,0x6C,0x71,0x6E,0x64,0x73,0x7D,0x7D,0x8D,0x92,0x88,
0x8F,0x8A,0x7B,0x80,0x80,0x78,0x85,0x8D,0x8A,0x94,0x9A,0x88,0x83,0x80,0x6C,0x69,
0x6C,0x64,0x6E,0x80,0x7D,0x85,0x92,0x85,0x83,0x83,0x73,0x76,0x7B,0x71,0x78,0x8A,
0x8A,0x92,0x9C,0x92,0x8D,0x8F,0x7B,0x76,0x7B,0x71,0x73,0x80,0x80,0x83,0x8D,0x83,
0x78,0x7B,0x71,0x69,0x71,0x6E,0x71,0x85,0x8A,0x8D,0x9C,0x9A,0x8F,0x92,0x83,0x73,
0x78,0x71,0x6E,0x7D,0x80,0x80,0x8D,0x8A,0x80,0x83,0x7B,0x6E,0x73,0x73,0x71,0x80,
0x88,0x88,0x94,0x94,0x88,0x8A,0x85,0x73,0x76,0x78,0x71,0x80,0x8A,0x85,0x8F,0x94,
0x85,0x83,0x7D,0x6C,0x6C,0x71,0x64,0x6C,0x7B,0x7B,0x88,0x92,0x8A,0x8D,0x8F,0x80,
0x80,0x85,0x7D,0x83,0x8D,0x88,0x8D,0x97,0x88,0x7D,0x80,0x6E,0x66,0x6C,0x66,0x6C,
0x7D,0x7D,0x83,0x92,0x8A,0x83,0x88,0x7B,0x73,0x7D,0x76,0x76,0x88,0x8A,0x8D,0x9A,
0x94,0x8D,0x8F,0x83,0x76,0x7B,0x76,0x71,0x7D,0x7D,0x7B,0x88,0x83,0x76,0x7B,0x76,
0x6C,0x73,0x73,0x71,0x85,0x8F,0x8D,0x9A,0x9C,0x92,0x8F,0x85,0x76,0x76,0x73,0x6C,
0x76,0x80,0x7B,0x88,0x8A,0x80,0x83,0x80,0x73,0x73,0x78,0x76,0x7D,0x88,0x85,0x8D,
0x94,0x88,0x85,0x88,0x7B,0x76,0x7D,0x76,0x7B,0x8A,0x88,0x8A,0x92,0x88,0x80,0x80,
0x71,0x69,0x71,0x66,0x69,0x78,0x7D,0x83,0x92,0x8D,0x8A,0x92,0x88,0x80,0x88,0x83,
0x80,0x8A,0x88,0x88,0x92,0x88,0x7B,0x7D,0x73,0x66,0x6E,0x6C,0x6C,0x7B,0x80,0x80,
0x8D,0x8D,0x83,0x85,0x80,0x76,0x7D,0x7D,0x76,0x83,0x8D,0x8A,0x94,0x94,0x8A,0x8F,
0x8A,0x7B,0x7B,0x7B,0x71,0x76,0x7B,0x78,0x7D,0x80,0x76,0x76,0x7B,0x71,0x73,0x7B,
0x76,0x83,0x92,0x8D,0x94,0x9C,0x92,0x8A,0x8A,0x78,0x76,0x78,0x6E,0x73,0x80,0x7D,
0x80,0x88,0x80,0x7D,0x83,0x78,0x73,0x7D,0x78,0x7B,0x85,0x85,0x88,0x8F,0x88,0x80,
0x88,0x7D,0x78,0x80,0x7B,0x7B,0x88,0x88,0x83,0x8D,0x88,0x7D,0x80,0x78,0x6E,0x76,
0x71,0x69,0x78,0x80,0x80,0x8D,0x8F,0x8A,0x92,0x8F,0x83,0x88,0x88,0x7D,0x85,0x85,
0x80,0x85,0x85,0x76,0x78,0x78,0x6E,0x71,0x73,0x71,0x7B,0x83,0x80,0x88,0x8D,0x83,
0x85,0x85,0x7B,0x7D,0x83,0x78,0x7D,0x88,0x85,0x8A,0x8F,0x8A,0x8A,0x8D,0x7D,0x7B,
0x7D,0x73,0x73,0x7B,0x76,0x78,0x80,0x78,0x76,0x7D,0x78,0x78,0x80,0x7D,0x83,0x8F,
0x8D,0x8D,0x97,0x8F,0x88,0x88,0x7D,0x76,0x7B,0x76,0x71,0x7B,0x7D,0x7D,0x85,0x83,
0x7D,0x83,0x7D,0x76,0x7D,0x7D,0x78,0x83,0x83,0x80,0x8A,0x85,0x7D,0x85,0x83,0x7B,
0x80,0x80,0x7D,0x85,0x88,0x80,0x88,0x88,0x7D,0x7D,0x7B,0x73,0x76,0x78,0x6E,0x76,
0x80,0x80,0x85,0x8D,0x88,0x8D,0x8F,0x85,0x85,0x8A,0x80,0x80,0x83,0x7B,0x7D,0x83,
0x76,0x76,0x7B,0x73,0x73,0x7B,0x78,0x7D,0x85,0x83,0x85,0x8A,0x85,0x83,0x85,0x7D,
0x7B,0x80,0x7D,0x7B,0x88,0x88,0x85,0x8D,0x8A,0x85,0x8A,0x83,0x7B,0x80,0x7B,0x73,
0x7B,0x78,0x73,0x7B,0x76,0x73,0x7D,0x7B,0x7B,0x83,0x83,0x85,0x8F,0x8D,0x8A,0x8F,
0x8D,0x85,0x85,0x80,0x78,0x7B,0x7B,0x73,0x7B,0x7D,0x7B,0x80,0x83,0x7D,0x83,0x83,
0x7B,0x80,0x80,0x7B,0x7D,0x83,0x7D,0x83,0x85,0x7D,0x83,0x85,0x7D,0x83,0x85,0x80,
0x83,0x88,0x80,0x83,0x85,0x7D,0x7B,0x7D,0x78,0x78,0x7B,0x76,0x78,0x83,0x83,0x83,
0x8A,0x88,0x88,0x8F,0x88,0x83,0x8A,0x83,0x7D,0x80,0x7B,0x76,0x7D,0x76,0x71,0x7B,
0x76,0x76,0x7D,0x7D,0x80,0x88,0x85,0x83,0x88,0x88,0x80,0x85,0x83,0x7D,0x85,0x83,
0x7B,0x83,0x85,0x80,0x85,0x85,0x80,0x85,0x85,0x7B,0x80,0x80,0x76,0x78,0x78,0x71,
0x78,0x7B,0x73,0x7D,0x83,0x80,0x88,0x8A,0x88,0x8D,0x8D,0x85,0x88,0x8A,0x80,0x80,
0x80,0x7B,0x7D,0x80,0x78,0x78,0x80,0x7B,0x7B,0x83,0x7D,0x80,0x85,0x7D,0x7D,0x85,
0x7D,0x7B,0x80,0x7B,0x7B,0x80,0x7B,0x7D,0x88,0x83,0x83,0x88,0x85,0x85,0x8A,0x83,
0x7D,0x83,0x7D,0x78,0x7D,0x7B,0x78,0x7D,0x7B,0x78,0x83,0x85,0x80,0x88,0x8A,0x85,
0x8D,0x8A,0x83,0x88,0x85,0x7B,0x7B,0x78,0x71,0x78,0x76,0x71,0x7B,0x7D,0x7B,0x83,
0x85,0x80,0x88,0x88,0x80,0x85,0x88,0x80,0x83,0x85,0x80,0x83,0x85,0x7B,0x80,0x85,
0x7D,0x7D,0x85,0x7D,0x83,0x88,0x7D,0x80,0x85,0x7B,0x76,0x78,0x71,0x73,0x78,0x73,
0x7B,0x85,0x83,0x88,0x8D,0x88,0x8A,0x8D,0x83,0x83,0x88,0x80,0x7D,0x83,0x7D,0x7D,
0x80,0x7B,0x78,0x80,0x7B,0x78,0x83,0x80,0x7D,0x88,0x83,0x80,0x88,0x83,0x78,0x7D,
0x7B,0x76,0x7D,0x7B,0x7B,0x85,0x85,0x83,0x88,0x88,0x83,0x88,0x83,0x7B,0x80,0x80,
0x78,0x7D,0x80,0x7B,0x80,0x83,0x7B,0x80,0x85,0x7D,0x80,0x85,0x83,0x88,0x8A,0x83,
0x88,0x88,0x7D,0x78,0x78,0x71,0x73,0x76,0x71,0x76,0x80,0x7D,0x83,0x88,0x85,0x88,
0x8A,0x83,0x83,0x88,0x83,0x80,0x85,0x83,0x83,0x88,0x80,0x7D,0x83,0x7D,0x78,0x80,
0x7D,0x7D,0x85,0x80,0x7D,0x85,0x7D,0x78,0x7B,0x76,0x73,0x78,0x76,0x78,0x83,0x85,
0x85,0x8D,0x8D,0x88,0x8A,0x85,0x7D,0x85,0x83,0x7B,0x80,0x7D,0x80,0x80,0x80,0x78,
0x80,0x88,0x76,0x7B,0x7B,0x7B,0x85,0x8D,0x8D,0x8A,0x8A,0x76,0x6C,0x6C,0x76,0x80,
0x80,0x88,0x88,0x85,0x78,0x76,0x76,0x7B,0x88,0x8F,0x8F,0x8D,0x8A,0x78,0x71,0x73,
0x7B,0x85,0x8D,0x8F,0x8A,0x88,0x78,0x6E,0x71,0x76,0x80,0x88,0x8D,0x8A,0x85,0x78,
0x71,0x71,0x73,0x7D,0x83,0x88,0x88,0x88,0x7D,0x76,0x7B,0x7D,0x85,0x8A,0x8D,0x88,
0x85,0x7D,0x71,0x73,0x78,0x83,0x8A,0x8D,0x88,0x85,0x7D,0x71,0x73,0x76,0x80,0x88,
0x8A,0x8A,0x85,0x80,0x71,0x73,0x76,0x7D,0x85,0x88,0x88,0x85,0x83,0x78,0x78,0x7D,
0x83,0x8A,0x8D,0x8A,0x83,0x80,0x73,0x71,0x76,0x7D,0x88,0x8D,0x8A,0x85,0x83,0x76,
0x73,0x76,0x7D,0x85,0x8A,0x8D,0x88,0x85,0x78,0x73,0x76,0x78,0x83,0x85,0x88,0x85,
0x83,0x78,0x76,0x7B,0x80,0x85,0x8A,0x8A,0x85,0x83,0x78,0x71,0x76,0x7B,0x85,0x8A,
0x8D,0x88,0x85,0x7B,0x71,0x73,0x78,0x80,0x88,0x8A,0x88,0x85,0x7D,0x73,0x73,0x78,
0x7D,0x85,0x88,0x88,0x85,0x80,0x78,0x7B,0x80,0x85,0x8A,0x8A,0x88,0x83,0x7D,0x73,
0x73,0x78,0x83,0x8A,0x8D,0x8A,0x85,0x80,0x73,0x73,0x76,0x7D,0x85,0x8A,0x88,0x85,
0x80,0x76,0x73,0x78,0x7D,0x85,0x88,0x88,0x85,0x83,0x78,0x78,0x7D,0x80,0x85,0x8A,
0x88,0x83,0x80,0x73,0x71,0x76,0x7D,0x85,0x8D,0x8D,0x88,0x85,0x78,0x73,0x76,0x7B,
0x83,0x88,0x8A,0x88,0x85,0x7B,0x73,0x76,0x78,0x80,0x85,0x88,0x85,0x83,0x7B,0x76,
0x7B,0x80,0x85,0x8A,0x8A,0x85,0x83,0x7B,0x73,0x76,0x7B,0x85,0x8A,0x8F,0x8A,0x85,
0x7D,0x73,0x73,0x78,0x7D,0x85,0x8A,0x88,0x83,0x7D,0x73,0x73,0x78,0x7D,0x83,0x88,
0x88,0x85,0x83,0x78,0x7B,0x80,0x85,0x88,0x8A,0x85,0x80,0x7D,0x73,0x73,0x78,0x83,
0x88,0x8D,0x8A,0x85,0x80,0x76,0x71,0x76,0x7D,0x83,0x88,0x8A,0x85,0x83,0x78,0x73,
0x78,0x7D,0x83,0x88,0x88,0x85,0x83,0x78,0x78,0x7B,0x80,0x85,0x8A,0x88,0x83,0x80,
0x76,0x71,0x76,0x7D,0x85,0x8D,0x8F,0x88,0x85,0x7D,0x73,0x76,0x7B,0x80,0x88,0x8A,
0x85,0x83,0x7B,0x73,0x73,0x78,0x7D,0x83,0x88,0x85,0x83,0x7D,0x78,0x7B,0x80,0x85,
0x88,0x8A,0x85,0x83,0x7D,0x73,0x76,0x7D,0x85,0x8A,0x8F,0x8A,0x85,0x80,0x76,0x73,
0x76,0x7B,0x83,0x85,0x85,0x83,0x7D,0x76,0x73,0x78,0x7D,0x83,0x88,0x88,0x85,0x83,
0x7B,0x7B,0x80,0x85,0x88,0x8A,0x88,0x80,0x7D,0x76,0x71,0x78,0x80,0x88,0x8D,0x8D,
0x85,0x80,0x76,0x71,0x76,0x7B,0x80,0x88,0x8A,0x85,0x83,0x7B,0x76,0x78,0x7D,0x85,
0x88,0x8A,0x85,0x83,0x7B,0x76,0x7B,0x80,0x85,0x88,0x88,0x83,0x80,0x78,0x71,0x76,
0x7D,0x85,0x8A,0x8F,0x8D,0x88,0x83,0x76,0x76,0x7B,0x80,0x83,0x88,0x85,0x83,0x7D,
0x73,0x73,0x78,0x7D,0x83,0x88,0x85,0x83,0x80,0x78,0x78,0x7D,0x85,0x88,0x8D,0x88,
0x83,0x80,0x76,0x76,0x7D,0x85,0x8A,0x8F,0x8D,0x88,0x83,0x76,0x71,0x73,0x78,0x7D,
0x83,0x85,0x80,0x7D,0x76,0x73,0x78,0x7D,0x83,0x88,0x8A,0x85,0x85,0x80,0x7B,0x80,
0x85,0x88,0x88,0x88,0x83,0x7D,0x78,0x73,0x78,0x7D,0x85,0x88,0x8A,0x85,0x80,0x7B,
0x71,0x73,0x7B,0x80,0x85,0x88,0x85,0x83,0x7D,0x78,0x7B,0x80,0x85,0x88,0x8A,0x85,
0x83,0x7D,0x76,0x78,0x7D,0x83,0x83,0x85,0x83,0x7D,0x7B,0x73,0x76,0x7D,0x85,0x8A,
0x8F,0x8D,0x8A,0x85,0x7B,0x78,0x7B,0x7D,0x80,0x85,0x83,0x80,0x7D,0x76,0x76,0x78,
0x7D,0x80,0x85,0x85,0x80,0x80,0x78,0x78,0x7D,0x83,0x85,0x8A,0x88,0x83,0x83,0x7B,
0x78,0x7D,0x85,0x8A,0x8D,0x8F,0x88,0x83,0x7B,0x73,0x76,0x78,0x7B,0x7D,0x80,0x7B,
0x7B,0x78,0x73,0x78,0x7D,0x83,0x88,0x8A,0x85,0x85,0x83,0x7D,0x80,0x85,0x88,0x88,
0x88,0x83,0x7D,0x7B,0x76,0x78,0x80,0x85,0x85,0x8A,0x83,0x80,0x7B,0x73,0x76,0x7B,
0x80,0x80,0x85,0x83,0x80,0x80,0x7B,0x7B,0x83,0x88,0x88,0x8A,0x85,0x80,0x7D,0x78,
0x78,0x7D,0x80,0x80,0x83,0x80,0x7B,0x7B,0x76,0x78,0x7D,0x88,0x8A,0x8F,0x8D,0x88,
0x85,0x7D,0x7B,0x7D,0x80,0x80,0x83,0x83,0x7B,0x7B,0x78,0x76,0x78,0x80,0x80,0x80,
0x83,0x7D,0x7D,0x7B,0x78,0x7D,0x85,0x85,0x88,0x88,0x83,0x83,0x80,0x7D,0x83,0x8A,
0x8A,0x8D,0x8F,0x88,0x83,0x7D,0x76,0x76,0x78,0x78,0x78,0x7B,0x76,0x76,0x76,0x73,
0x78,0x80,0x85,0x85,0x8A,0x88,0x85,0x85,0x83,0x83,0x88,0x8A,0x85,0x88,0x83,0x7D,
0x7D,0x7B,0x7B,0x80,0x85,0x83,0x83,0x80,0x7B,0x7B,0x76,0x78,0x7D,0x80,0x7D,0x80,
0x80,0x7D,0x80,0x7D,0x80,0x85,0x8A,0x88,0x88,0x85,0x80,0x80,0x7B,0x78,0x7B,0x80,
0x7B,0x7D,0x7D,0x78,0x7B,0x7B,0x7B,0x80,0x88,0x8A,0x8A,0x8D,0x88,0x88,0x85,0x80,
0x83,0x85,0x80,0x7D,0x7D,0x78,0x78,0x78,0x76,0x78,0x80,0x7D,0x7D,0x80,0x7B,0x7D,
0x7D,0x7B,0x7D,0x85,0x83,0x80,0x83,0x80,0x80,0x85,0x85,0x88,0x8F,0x8F,0x8D,0x8D,
0x85,0x83,0x80,0x7B,0x78,0x7B,0x7B,0x73,0x73,0x71,0x6E,0x71,0x73,0x76,0x7D,0x83,
0x83,0x88,0x85,0x85,0x8A,0x88,0x88,0x8A,0x8A,0x85,0x85,0x83,0x80,0x83,0x80,0x80,
0x83,0x85,0x7D,0x7D,0x7D,0x78,0x7B,0x7B,0x78,0x7B,0x7D,0x7B,0x7B,0x7D,0x7B,0x80,
0x83,0x83,0x88,0x8D,0x88,0x88,0x88,0x80,0x80,0x80,0x7B,0x7B,0x7D,0x78,0x76,0x78,
0x73,0x76,0x7B,0x7D,0x83,0x8D,0x8D,0x88,0x8A,0x88,0x88,0x8A,0x88,0x88,0x8A,0x85,
0x7B,0x7B,0x76,0x73,0x76,0x76,0x78,0x80,0x80,0x7B,0x7D,0x78,0x78,0x7D,0x7D,0x7D,
0x83,0x83,0x7B,0x7D,0x7D,0x7D,0x85,0x8A,0x8F,0x94,0x97,0x8F,0x8D,0x88,0x83,0x85,
0x83,0x7D,0x7D,0x7B,0x6E,0x6C,0x69,0x64,0x69,0x6E,0x73,0x7B,0x83,0x80,0x83,0x85,
0x83,0x8A,0x8D,0x8D,0x8F,0x8F,0x88,0x83,0x83,0x80,0x83,0x88,0x88,0x8A,0x8A,0x80,
0x7B,0x78,0x73,0x76,0x7B,0x7B,0x7B,0x80,0x78,0x73,0x76,0x71,0x78,0x83,0x85,0x8A,
0x92,0x8F,0x88,0x8A,0x83,0x83,0x85,0x80,0x7D,0x7D,0x76,0x6E,0x6E,0x6C,0x71,0x7B,
0x83,0x88,0x8F,0x8F,0x85,0x88,0x85,0x85,0x8D,0x8F,0x8F,0x8F,0x8D,0x7D,0x78,0x73,
0x6E,0x73,0x76,0x78,0x7D,0x7D,0x78,0x78,0x76,0x76,0x7D,0x80,0x80,0x80,0x83,0x76,
0x73,0x78,0x7B,0x88,0x94,0x9A,0x9F,0xA1,0x94,0x8D,0x8A,0x83,0x85,0x88,0x85,0x83,
0x80,0x6E,0x64,0x61,0x5A,0x61,0x69,0x6E,0x76,0x80,0x7D,0x7D,0x83,0x83,0x8A,0x92,
0x92,0x8F,0x92,0x88,0x7D,0x80,0x80,0x88,0x8F,0x92,0x92,0x92,0x85,0x76,0x76,0x71,
0x73,0x7B,0x7B,0x7B,0x80,0x7B,0x6E,0x6E,0x6E,0x73,0x80,0x88,0x8D,0x92,0x8F,0x88,
0x8A,0x88,0x85,0x88,0x85,0x80,0x7B,0x73,0x66,0x64,0x66,0x6C,0x78,0x85,0x8A,0x92,
0x92,0x88,0x85,0x85,0x85,0x8F,0x94,0x94,0x94,0x92,0x80,0x78,0x73,0x6C,0x71,0x76,
0x76,0x7B,0x7D,0x76,0x73,0x76,0x73,0x78,0x7D,0x7D,0x7D,0x7D,0x73,0x6E,0x76,0x7B,
0x8A,0x9A,0xA1,0xA4,0xA4,0x97,0x94,0x92,0x80,0x7D,0x7D,0x88,0x94,0x8A,0x69,0x55,
0x5A,0x5F,0x69,0x76,0x71,0x64,0x6E,0x7B,0x76,0x80,0x8D,0x8A,0x88,0x8F,0x94,0x92,
0x8F,0x92,0x88,0x80,0x8A,0x94,0x92,0x94,0x92,0x7D,0x6E,0x73,0x76,0x73,0x7D,0x80,
0x73,0x71,0x78,0x76,0x78,0x80,0x7D,0x76,0x7B,0x85,0x88,0x8D,0x8F,0x88,0x7B,0x80,
0x85,0x85,0x85,0x85,0x7B,0x6C,0x6C,0x76,0x78,0x83,0x8D,0x88,0x80,0x85,0x85,0x80,
0x88,0x88,0x80,0x7D,0x85,0x88,0x85,0x88,0x80,0x73,0x6E,0x76,0x7B,0x80,0x88,0x80,
0x73,0x76,0x7D,0x7D,0x80,0x88,0x83,0x78,0x7B,0x7D,0x7B,0x83,0x8A,0x88,0x85,0x8D,
0x92,0x8F,0x8F,0x8A,0x7B,0x76,0x78,0x7D,0x80,0x83,0x80,0x73,0x6C,0x71,0x73,0x76,
0x7D,0x7D,0x76,0x7B,0x85,0x85,0x88,0x8F,0x8A,0x83,0x85,0x88,0x85,0x85,0x85,0x7D,
0x76,0x7D,0x85,0x88,0x8D,0x8D,0x7D,0x71,0x73,0x78,0x7B,0x80,0x83,0x7B,0x78,0x7D,
0x7D,0x7D,0x83,0x83,0x7B,0x7D,0x85,0x88,0x8A,0x8D,0x85,0x7D,0x7D,0x83,0x83,0x83,
0x80,0x78,0x6C,0x6C,0x73,0x78,0x83,0x8A,0x88,0x83,0x88,0x88,0x83,0x88,0x88,0x80,
0x7D,0x85,0x85,0x88,0x88,0x80,0x76,0x71,0x76,0x7B,0x7D,0x83,0x80,0x76,0x76,0x7D,
0x80,0x85,0x88,0x85,0x7B,0x78,0x7B,0x7B,0x80,0x88,0x88,0x85,0x8D,0x8F,0x8F,0x8F,
0x88,0x7D,0x76,0x78,0x7D,0x83,0x83,0x80,0x76,0x6E,0x71,0x73,0x76,0x7B,0x7D,0x78,
0x7B,0x83,0x85,0x88,0x8F,0x8D,0x85,0x85,0x88,0x85,0x85,0x83,0x7B,0x78,0x7D,0x85,
0x8A,0x8D,0x8A,0x80,0x73,0x73,0x78,0x78,0x7D,0x80,0x7B,0x78,0x7D,0x7D,0x7D,0x83,
0x83,0x7D,0x7D,0x85,0x85,0x8A,0x8D,0x85,0x80,0x80,0x83,0x85,0x85,0x7D,0x78,0x6E,
0x6C,0x73,0x78,0x83,0x8A,0x88,0x83,0x88,0x88,0x85,0x88,0x88,0x83,0x80,0x85,0x85,
0x88,0x88,0x80,0x76,0x73,0x76,0x78,0x7D,0x80,0x7D,0x78,0x78,0x7D,0x83,0x85,0x85,
0x83,0x7B,0x78,0x7B,0x78,0x7D,0x85,0x85,0x88,0x8D,0x8F,0x8F,0x8F,0x88,0x7D,0x78,
0x7B,0x7D,0x80,0x80,0x7D,0x76,0x71,0x71,0x76,0x76,0x78,0x7B,0x78,0x7B,0x83,0x85,
0x88,0x8D,0x8D,0x85,0x85,0x88,0x85,0x83,0x80,0x7B,0x78,0x7D,0x85,0x8A,0x8A,0x88,
0x80,0x76,0x76,0x78,0x78,0x7B,0x7D,0x7D,0x7B,0x7D,0x80,0x80,0x83,0x80,0x7D,0x7D,
0x83,0x85,0x88,0x8A,0x85,0x83,0x83,0x83,0x83,0x83,0x7D,0x76,0x71,0x69,0x71,0x78,
0x80,0x88,0x8A,0x88,0x8A,0x8A,0x88,0x88,0x85,0x80,0x80,0x85,0x85,0x85,0x88,0x80,
0x78,0x76,0x78,0x78,0x7B,0x7D,0x78,0x78,0x78,0x7D,0x83,0x85,0x85,0x83,0x7D,0x7B,
0x7B,0x7B,0x7D,0x83,0x85,0x88,0x8F,0x92,0x8F,0x8F,0x88,0x80,0x7B,0x7B,0x7B,0x7D,
0x7D,0x7B,0x76,0x73,0x71,0x76,0x76,0x78,0x7B,0x7B,0x7B,0x83,0x85,0x88,0x8D,0x8D,
0x88,0x88,0x88,0x83,0x83,0x7D,0x78,0x78,0x7D,0x83,0x88,0x8D,0x88,0x80,0x7B,0x76,
0x78,0x78,0x7B,0x7B,0x7D,0x7B,0x80,0x83,0x80,0x80,0x83,0x80,0x80,0x83,0x85,0x85,
0x88,0x83,0x83,0x83,0x85,0x85,0x83,0x7B,0x73,0x71,0x6C,0x6E,0x78,0x7D,0x85,0x8A,
0x8A,0x8A,0x8D,0x88,0x88,0x85,0x83,0x83,0x85,0x85,0x85,0x85,0x80,0x78,0x78,0x78,
0x78,0x78,0x78,0x76,0x78,0x7B,0x7D,0x83,0x85,0x85,0x83,0x80,0x7B,0x7B,0x7B,0x7B,
0x80,0x85,0x8A,0x8F,0x92,0x92,0x8F,0x8A,0x83,0x7D,0x7D,0x7B,0x7B,0x7B,0x78,0x76,
0x76,0x73,0x76,0x76,0x76,0x76,0x78,0x7B,0x80,0x88,0x88,0x8D,0x8D,0x8D,0x8A,0x8A,
0x83,0x80,0x7D,0x78,0x7B,0x80,0x85,0x88,0x8A,0x85,0x83,0x7D,0x78,0x78,0x78,0x78,
0x7B,0x7B,0x7D,0x80,0x83,0x80,0x80,0x83,0x80,0x80,0x83,0x83,0x83,0x85,0x83,0x85,
0x88,0x88,0x85,0x83,0x7B,0x71,0x71,0x6E,0x6E,0x76,0x7D,0x83,0x88,0x8A,0x8A,0x8D,
0x8A,0x88,0x85,0x85,0x83,0x85,0x85,0x83,0x83,0x80,0x7B,0x7B,0x7B,0x78,0x78,0x76,
0x73,0x76,0x7B,0x7D,0x83,0x85,0x83,0x80,0x80,0x7B,0x7B,0x7B,0x7B,0x80,0x85,0x88,
0x8F,0x92,0x92,0x8F,0x8D,0x85,0x83,0x80,0x7D,0x78,0x78,0x76,0x76,0x76,0x76,0x76,
0x76,0x76,0x73,0x76,0x7B,0x80,0x88,0x88,0x8D,0x8D,0x8D,0x8D,0x88,0x83,0x80,0x7D,
0x78,0x7B,0x80,0x85,0x85,0x85,0x83,0x80,0x80,0x7D,0x7B,0x78,0x78,0x76,0x78,0x7B,
0x7D,0x83,0x83,0x83,0x83,0x83,0x83,0x83,0x83,0x80,0x83,0x85,0x85,0x88,0x8A,0x85,
0x7D,0x78,0x71,0x71,0x71,0x73,0x76,0x7B,0x7D,0x83,0x8A,0x8A,0x8F,0x8D,0x88,0x88,
0x85,0x85,0x85,0x85,0x80,0x80,0x80,0x7D,0x80,0x80,0x7B,0x76,0x71,0x71,0x76,0x7B,
0x80,0x83,0x85,0x83,0x7D,0x80,0x7D,0x7B,0x7D,0x7B,0x7D,0x85,0x8A,0x8D,0x92,0x8F,
0x8D,0x8D,0x88,0x88,0x85,0x80,0x78,0x73,0x73,0x73,0x78,0x78,0x78,0x78,0x76,0x73,
0x76,0x7B,0x80,0x85,0x8A,0x8D,0x8F,0x8F,0x8D,0x8A,0x83,0x7B,0x7B,0x7B,0x7D,0x83,
0x85,0x83,0x80,0x80,0x7D,0x80,0x83,0x7D,0x7B,0x78,0x73,0x76,0x7B,0x7D,0x83,0x85,
0x83,0x85,0x85,0x85,0x83,0x83,0x7B,0x7D,0x85,0x88,0x8A,0x8D,0x85,0x7B,0x76,0x71,
0x71,0x73,0x76,0x78,0x7B,0x7D,0x80,0x88,0x8A,0x8D,0x8D,0x8A,0x88,0x88,0x88,0x83,
0x83,0x7D,0x7B,0x7D,0x80,0x83,0x83,0x7D,0x73,0x71,0x6E,0x73,0x7D,0x80,0x83,0x85,
0x83,0x7D,0x7D,0x7D,0x7B,0x7D,0x7D,0x80,0x85,0x8A,0x8D,0x8F,0x8D,0x8A,0x8A,0x8A,
0x8A,0x88,0x80,0x76,0x71,0x71,0x71,0x78,0x7B,0x7B,0x78,0x76,0x73,0x73,0x78,0x7D,
0x85,0x8A,0x8D,0x8F,0x92,0x8D,0x88,0x83,0x7B,0x7B,0x7D,0x80,0x85,0x85,0x80,0x7D,
0x7D,0x7D,0x80,0x83,0x80,0x7D,0x78,0x76,0x71,0x76,0x7B,0x80,0x85,0x88,0x88,0x8A,
0x85,0x80,0x7D,0x78,0x7B,0x85,0x88,0x8D,0x8F,0x88,0x7B,0x73,0x71,0x71,0x76,0x78,
0x7B,0x7B,0x7D,0x7D,0x83,0x88,0x8A,0x8D,0x8D,0x8A,0x8A,0x88,0x83,0x80,0x7B,0x7B,
0x80,0x83,0x88,0x85,0x80,0x73,0x6E,0x6E,0x71,0x7B,0x83,0x83,0x83,0x83,0x7D,0x7B,
0x7B,0x7B,0x80,0x80,0x83,0x88,0x8A,0x8D,0x8A,0x8A,0x88,0x8A,0x8D,0x8A,0x88,0x83,
0x76,0x6E,0x6E,0x6E,0x76,0x7D,0x7D,0x7B,0x78,0x73,0x73,0x78,0x7D,0x83,0x8A,0x8D,
0x8F,0x92,0x8D,0x85,0x80,0x7B,0x7B,0x80,0x85,0x88,0x85,0x80,0x78,0x7B,0x7B,0x80,
0x85,0x85,0x80,0x7B,0x76,0x71,0x76,0x78,0x7D,0x85,0x88,0x8A,0x8A,0x88,0x80,0x7B,
0x78,0x7D,0x85,0x8A,0x8F,0x8F,0x88,0x78,0x73,0x6E,0x71,0x76,0x7B,0x7D,0x7D,0x7D,
0x7B,0x80,0x85,0x88,0x8D,0x8F,0x8F,0x8D,0x8A,0x83,0x7D,0x7B,0x78,0x7D,0x85,0x88,
0x88,0x83,0x73,0x6C,0x6E,0x71,0x78,0x83,0x85,0x83,0x83,0x7D,0x78,0x7B,0x7B,0x7D,
0x80,0x85,0x88,0x8D,0x8A,0x88,0x88,0x85,0x8A,0x8D,0x8F,0x8A,0x85,0x76,0x6C,0x6C,
0x6E,0x76,0x7D,0x80,0x7B,0x7B,0x76,0x71,0x76,0x7B,0x80,0x8A,0x8F,0x92,0x94,0x8F,
0x85,0x80,0x7B,0x7B,0x83,0x88,0x88,0x85,0x80,0x76,0x78,0x7B,0x7D,0x85,0x88,0x7D,
0x7B,0x7B,0x71,0x6E,0x73,0x78,0x85,0x94,0x94,0x85,0x7D,0x7D,0x7D,0x80,0x8A,0x8F,
0x83,0x7D,0x85,0x80,0x73,0x76,0x7B,0x73,0x7B,0x88,0x80,0x80,0x88,0x80,0x7B,0x7B,
0x78,0x80,0x8A,0x8A,0x92,0x94,0x85,0x7D,0x80,0x78,0x78,0x83,0x85,0x7B,0x7B,0x7B,
0x76,0x7B,0x7D,0x80,0x83,0x7D,0x7B,0x7D,0x78,0x78,0x83,0x83,0x80,0x88,0x8D,0x8A,
0x8A,0x8A,0x80,0x7B,0x7B,0x7D,0x83,0x85,0x8A,0x8A,0x7D,0x73,0x76,0x76,0x73,0x7D,
0x80,0x78,0x78,0x7D,0x7D,0x83,0x88,0x88,0x88,0x85,0x83,0x85,0x85,0x7D,0x80,0x83,
0x7B,0x80,0x88,0x85,0x85,0x85,0x78,0x73,0x76,0x78,0x7D,0x85,0x85,0x85,0x83,0x78,
0x78,0x7D,0x7B,0x83,0x8A,0x83,0x80,0x85,0x80,0x7D,0x85,0x85,0x83,0x83,0x80,0x7D,
0x7D,0x78,0x76,0x7B,0x78,0x7B,0x88,0x85,0x83,0x88,0x83,0x78,0x7B,0x7B,0x80,0x88,
0x8D,0x8D,0x88,0x80,0x78,0x7B,0x78,0x7B,0x83,0x80,0x7B,0x7D,0x7D,0x78,0x80,0x83,
0x80,0x80,0x80,0x7D,0x80,0x80,0x7D,0x80,0x7D,0x7B,0x85,0x8D,0x88,0x88,0x88,0x7B,
0x76,0x7B,0x7B,0x80,0x8A,0x88,0x83,0x80,0x78,0x78,0x7B,0x78,0x80,0x80,0x78,0x7B,
0x83,0x7D,0x83,0x88,0x83,0x83,0x88,0x85,0x83,0x85,0x7D,0x7B,0x7D,0x7B,0x80,0x88,
0x88,0x85,0x85,0x78,0x71,0x76,0x78,0x7D,0x88,0x88,0x83,0x83,0x7D,0x7B,0x7D,0x80,
0x83,0x85,0x83,0x80,0x85,0x83,0x7D,0x85,0x85,0x80,0x83,0x83,0x7D,0x7D,0x7B,0x76,
0x78,0x7B,0x7D,0x85,0x8A,0x85,0x88,0x80,0x76,0x78,0x7D,0x7D,0x88,0x8D,0x88,0x85,
0x83,0x7B,0x7B,0x7D,0x7D,0x80,0x80,0x7B,0x7D,0x80,0x7B,0x80,0x83,0x7D,0x80,0x85,
0x80,0x80,0x83,0x7B,0x78,0x7B,0x7D,0x85,0x8F,0x8A,0x88,0x85,0x78,0x76,0x7D,0x7B,
0x80,0x8A,0x85,0x80,0x80,0x7B,0x76,0x7B,0x7B,0x7B,0x7D,0x7D,0x80,0x85,0x83,0x80,
0x85,0x83,0x83,0x88,0x88,0x83,0x83,0x7D,0x76,0x78,0x7D,0x83,0x8A,0x8A,0x85,0x80,
0x78,0x73,0x78,0x7B,0x7D,0x85,0x88,0x83,0x83,0x83,0x7B,0x7D,0x80,0x80,0x80,0x83,
0x80,0x83,0x80,0x7D,0x83,0x83,0x80,0x83,0x85,0x80,0x7D,0x7D,0x76,0x73,0x7B,0x7D,
0x85,0x8A,0x8A,0x85,0x80,0x78,0x76,0x7B,0x7D,0x85,0x8D,0x88,0x85,0x85,0x7D,0x7B,
0x7D,0x7D,0x7B,0x80,0x7D,0x7D,0x80,0x7D,0x7D,0x80,0x7D,0x80,0x85,0x85,0x83,0x85,
0x7B,0x73,0x78,0x80,0x85,0x8F,0x8F,0x88,0x83,0x7B,0x76,0x7B,0x7D,0x80,0x85,0x83,
0x80,0x83,0x7D,0x78,0x7B,0x7B,0x78,0x7D,0x80,0x83,0x85,0x83,0x80,0x80,0x83,0x83,
0x8A,0x8A,0x83,0x80,0x7B,0x71,0x76,0x80,0x83,0x88,0x8D,0x83,0x7D,0x7B,0x76,0x78,
0x7B,0x7D,0x83,0x85,0x85,0x85,0x83,0x7D,0x7B,0x7D,0x7D,0x83,0x85,0x83,0x80,0x83,
0x7D,0x7D,0x80,0x83,0x85,0x88,0x80,0x7D,0x7D,0x76,0x76,0x7B,0x7D,0x83,0x8A,0x8A,
0x85,0x83,0x7B,0x76,0x7B,0x7D,0x83,0x8A,0x88,0x85,0x85,0x7D,0x7B,0x7D,0x7D,0x7B,
0x80,0x80,0x7D,0x80,0x80,0x7B,0x7D,0x80,0x80,0x85,0x85,0x83,0x83,0x7B,0x71,0x78,
0x7D,0x85,0x8F,0x8F,0x85,0x83,0x7D,0x76,0x7B,0x80,0x80,0x83,0x83,0x80,0x83,0x80,
0x7B,0x7B,0x7B,0x78,0x7D,0x85,0x83,0x83,0x83,0x7B,0x7B,0x83,0x85,0x8A,0x8D,0x85,
0x80,0x7B,0x73,0x78,0x80,0x83,0x88,0x8A,0x83,0x7D,0x7D,0x78,0x78,0x7B,0x7D,0x80,
0x85,0x88,0x85,0x85,0x7D,0x78,0x7D,0x7D,0x83,0x88,0x85,0x80,0x80,0x7B,0x7B,0x80,
0x85,0x85,0x85,0x80,0x7B,0x7B,0x78,0x76,0x7B,0x80,0x83,0x8A,0x8A,0x85,0x83,0x7D,
0x73,0x78,0x7D,0x83,0x8A,0x8A,0x85,0x83,0x7D,0x7B,0x7D,0x80,0x7D,0x80,0x80,0x7B,
0x7D,0x80,0x7B,0x7D,0x80,0x80,0x85,0x88,0x85,0x83,0x7D,0x73,0x76,0x7D,0x85,0x8D,
0x8F,0x85,0x80,0x80,0x78,0x7B,0x80,0x80,0x7D,0x80,0x80,0x80,0x83,0x7D,0x7B,0x7B,
0x78,0x7D,0x85,0x85,0x85,0x83,0x7B,0x78,0x80,0x85,0x8A,0x8D,0x88,0x7B,0x78,0x76,
0x78,0x80,0x85,0x85,0x85,0x83,0x7D,0x80,0x7B,0x78,0x78,0x78,0x7B,0x85,0x8A,0x88,
0x85,0x7D,0x78,0x7B,0x80,0x85,0x8A,0x88,0x7D,0x7B,0x7B,0x78,0x80,0x88,0x85,0x83,
0x80,0x7B,0x7B,0x7B,0x78,0x78,0x7D,0x80,0x88,0x8D,0x8A,0x88,0x80,0x76,0x76,0x7D,
0x83,0x88,0x8D,0x85,0x7D,0x7D,0x7B,0x7D,0x83,0x83,0x80,0x80,0x7B,0x7B,0x80,0x7B,
0x7B,0x80,0x7D,0x80,0x8A,0x85,0x83,0x80,0x76,0x73,0x7D,0x85,0x8D,0x8F,0x88,0x80,
0x7D,0x78,0x78,0x80,0x80,0x7D,0x80,0x80,0x7D,0x83,0x7D,0x78,0x7B,0x7B,0x7D,0x85,
0x85,0x83,0x83,0x7B,0x78,0x80,0x88,0x8A,0x8D,0x88,0x7B,0x78,0x78,0x78,0x80,0x85,
0x83,0x85,0x83,0x80,0x83,0x7D,0x78,0x78,0x78,0x7B,0x85,0x8D,0x88,0x85,0x80,0x76,
0x7B,0x83,0x88,0x88,0x88,0x7D,0x78,0x7B,0x7B,0x83,0x88,0x83,0x80,0x80,0x7B,0x7D,
0x80,0x78,0x78,0x7B,0x7D,0x85,0x8F,0x8D,0x88,0x80,0x73,0x73,0x7B,0x85,0x8A,0x8D,
0x85,0x7B,0x7D,0x7B,0x7D,0x85,0x85,0x7D,0x7D,0x7D,0x7B,0x80,0x7D,0x7B,0x7B,0x7B,
0x7D,0x8A,0x8A,0x85,0x83,0x78,0x71,0x7B,0x85,0x8D,0x8F,0x8D,0x80,0x7D,0x7B,0x7B,
0x80,0x83,0x7D,0x7D,0x7D,0x7B,0x80,0x80,0x7B,0x7B,0x7B,0x7B,0x83,0x88,0x85,0x83,
0x7D,0x78,0x7D,0x85,0x88,0x8D,0x88,0x7D,0x7B,0x7B,0x78,0x80,0x85,0x83,0x80,0x83,
0x80,0x80,0x80,0x78,0x78,0x7B,0x7B,0x83,0x8A,0x85,0x83,0x80,0x78,0x7B,0x85,0x88,
0x88,0x88,0x7D,0x78,0x7B,0x7B,0x80,0x85,0x83,0x7D,0x80,0x7D,0x7D,0x83,0x7B,0x76,
0x7B,0x7D,0x83,0x8D,0x8F,0x88,0x80,0x76,0x73,0x7D,0x88,0x88,0x88,0x83,0x78,0x7B,
0x7D,0x80,0x88,0x88,0x7B,0x7B,0x7D,0x7B,0x83,0x83,0x7B,0x78,0x78,0x7B,0x88,0x8D,
0x85,0x85,0x7B,0x71,0x78,0x88,0x8D,0x8F,0x8D,0x7D,0x78,0x7B,0x7D,0x83,0x88,0x7D,
0x78,0x7B,0x78,0x80,0x85,0x7D,0x78,0x7B,0x78,0x80,0x8A,0x88,0x83,0x80,0x76,0x76,
0x83,0x8A,0x8A,0x8A,0x80,0x7B,0x7B,0x7B,0x80,0x88,0x83,0x7D,0x83,0x7D,0x7D,0x83,
0x7D,0x76,0x7B,0x7B,0x7B,0x88,0x88,0x80,0x80,0x7B,0x7B,0x85,0x8A,0x88,0x8A,0x80,
0x78,0x7D,0x7D,0x7D,0x83,0x80,0x7B,0x7D,0x83,0x80,0x83,0x80,0x78,0x7B,0x80,0x83,
0x8A,0x8D,0x83,0x7D,0x7B,0x76,0x80,0x8A,0x88,0x83,0x80,0x76,0x78,0x80,0x83,0x88,
0x88,0x7B,0x7B,0x80,0x7D,0x83,0x85,0x78,0x73,0x7B,0x7B,0x85,0x8F,0x88,0x80,0x7B,
0x73,0x78,0x8A,0x8F,0x8D,0x88,0x7B,0x78,0x7D,0x80,0x83,0x88,0x7D,0x73,0x76,0x7B,
0x7D,0x85,0x80,0x78,0x7B,0x7B,0x80,0x8D,0x8D,0x83,0x80,0x76,0x73,0x83,0x8D,0x88,
0x8A,0x83,0x78,0x7B,0x80,0x80,0x85,0x85,0x7B,0x7B,0x7D,0x7D,0x83,0x83,0x78,0x78,
0x7B,0x78,0x83,0x88,0x80,0x80,0x80,0x7B,0x83,0x8A,0x8A,0x8A,0x85,0x7B,0x7B,0x7D,
0x7D,0x80,0x83,0x7B,0x7B,0x83,0x7D,0x80,0x83,0x7B,0x7B,0x83,0x83,0x85,0x8A,0x80,
0x7D,0x7D,0x78,0x80,0x8A,0x85,0x80,0x80,0x78,0x78,0x83,0x83,0x83,0x85,0x7D,0x7B,
0x80,0x80,0x83,0x83,0x7B,0x73,0x78,0x7D,0x85,0x8D,0x88,0x7D,0x7B,0x7B,0x7D,0x8D,
0x8F,0x85,0x80,0x78,0x76,0x7D,0x85,0x85,0x85,0x7D,0x71,0x76,0x7D,0x7D,0x85,0x83,
0x78,0x78,0x80,0x83,0x8A,0x8F,0x85,0x7D,0x78,0x76,0x83,0x8A,0x85,0x83,0x7D,0x73,
0x7B,0x85,0x85,0x88,0x88,0x7B,0x76,0x7B,0x7D,0x83,0x85,0x7D,0x7B,0x7D,0x7B,0x83,
0x8A,0x83,0x80,0x80,0x78,0x80,0x8D,0x8D,0x88,0x88,0x7B,0x78,0x80,0x80,0x80,0x83,
0x7B,0x76,0x7B,0x7D,0x80,0x85,0x80,0x7D,0x83,0x80,0x80,0x85,0x83,0x7D,0x7D,0x80,
0x80,0x85,0x85,0x7D,0x7D,0x7B,0x78,0x80,0x83,0x80,0x85,0x83,0x7B,0x80,0x83,0x80,
0x80,0x7D,0x78,0x7B,0x80,0x80,0x85,0x83,0x7D,0x80,0x83,0x83,0x8A,0x8D,0x7D,0x78,
0x7B,0x76,0x7D,0x88,0x83,0x80,0x80,0x76,0x78,0x80,0x80,0x83,0x83,0x7B,0x7B,0x85,
0x85,0x88,0x8D,0x83,0x7B,0x7B,0x7D,0x83,0x88,0x83,0x7B,0x78,0x76,0x7B,0x88,0x8A,
0x88,0x88,0x78,0x73,0x7B,0x7D,0x7D,0x85,0x80,0x78,0x80,0x83,0x83,0x88,0x80,0x7B,
0x7B,0x7B,0x80,0x8D,0x8D,0x85,0x83,0x7B,0x78,0x80,0x83,0x80,0x80,0x7B,0x71,0x76,
0x7D,0x83,0x8A,0x88,0x80,0x83,0x83,0x7D,0x80,0x80,0x78,0x7D,0x83,0x80,0x88,0x8A,
0x7D,0x7B,0x7B,0x76,0x7D,0x85,0x83,0x85,0x85,0x7B,0x80,0x85,0x80,0x83,0x83,0x7B,
0x7B,0x80,0x7B,0x7B,0x83,0x80,0x83,0x8A,0x88,0x88,0x8A,0x7B,0x76,0x78,0x76,0x7B,
0x85,0x83,0x7D,0x83,0x7B,0x78,0x80,0x80,0x7D,0x83,0x7D,0x80,0x8A,0x85,0x83,0x88,
0x7D,0x7B,0x83,0x83,0x7D,0x83,0x7D,0x73,0x76,0x7D,0x80,0x8A,0x8F,0x85,0x83,0x7D,
0x76,0x7B,0x7D,0x7B,0x80,0x80,0x7D,0x85,0x88,0x80,0x83,0x7D,0x76,0x7B,0x83,0x83,
0x8A,0x8A,0x7D,0x7D,0x80,0x7B,0x83,0x88,0x80,0x7B,0x7B,0x71,0x76,0x83,0x83,0x88,
0x8A,0x85,0x85,0x88,0x80,0x7D,0x7D,0x78,0x7B,0x83,0x83,0x88,0x8A,0x80,0x78,0x7B,
0x78,0x7B,0x83,0x83,0x83,0x85,0x80,0x7D,0x83,0x83,0x83,0x85,0x80,0x7B,0x80,0x78,
0x76,0x80,0x83,0x83,0x8A,0x8A,0x85,0x88,0x7D,0x76,0x78,0x76,0x78,0x80,0x83,0x80,
0x85,0x80,0x7B,0x7D,0x7D,0x7B,0x80,0x85,0x83,0x88,0x85,0x80,0x83,0x80,0x80,0x85,
0x85,0x7D,0x7D,0x7B,0x71,0x76,0x80,0x80,0x88,0x8D,0x85,0x83,0x80,0x78,0x78,0x7B,
0x78,0x7D,0x85,0x85,0x8A,0x8A,0x80,0x7D,0x7D,0x78,0x80,0x88,0x85,0x83,0x83,0x7B,
0x78,0x80,0x83,0x85,0x85,0x7D,0x76,0x76,0x73,0x78,0x80,0x83,0x85,0x8A,0x8A,0x88,
0x8A,0x80,0x78,0x78,0x76,0x78,0x85,0x88,0x88,0x8A,0x7D,0x76,0x7B,0x7B,0x7D,0x85,
0x85,0x7D,0x80,0x80,0x7B,0x83,0x88,0x83,0x85,0x83,0x7B,0x7D,0x7D,0x78,0x7D,0x80,
0x80,0x88,0x8D,0x88,0x88,0x83,0x73,0x73,0x76,0x76,0x7D,0x83,0x83,0x83,0x83,0x7B,
0x7B,0x7D,0x7D,0x83,0x88,0x85,0x85,0x88,0x80,0x80,0x85,0x83,0x85,0x85,0x7D,0x78,
0x78,0x73,0x76,0x80,0x80,0x83,0x88,0x85,0x83,0x88,0x7D,0x76,0x78,0x73,0x76,0x85,
0x8A,0x8A,0x8D,0x83,0x78,0x7B,0x7D,0x83,0x8A,0x85,0x7D,0x7D,0x78,0x78,0x83,0x88,
0x85,0x83,0x7D,0x73,0x78,0x7B,0x78,0x7D,0x80,0x80,0x88,0x8D,0x8D,0x8F,0x85,0x76,
0x73,0x76,0x78,0x85,0x8D,0x88,0x85,0x7D,0x76,0x78,0x80,0x80,0x83,0x83,0x78,0x78,
0x80,0x7D,0x85,0x8A,0x83,0x83,0x83,0x80,0x83,0x83,0x7B,0x78,0x7B,0x7B,0x85,0x8F,
0x8D,0x8A,0x85,0x73,0x6E,0x73,0x76,0x7B,0x83,0x83,0x80,0x83,0x7D,0x7D,0x83,0x83,
0x83,0x85,0x83,0x80,0x85,0x83,0x80,0x88,0x85,0x83,0x85,0x80,0x7B,0x7B,0x78,0x76,
0x7B,0x7D,0x7D,0x88,0x8A,0x85,0x88,0x80,0x71,0x73,0x73,0x78,0x85,0x8A,0x88,0x88,
0x80,0x7B,0x7D,0x85,0x88,0x88,0x83,0x78,0x78,0x7B,0x7B,0x85,0x8A,0x83,0x7D,0x7D,
0x78,0x7D,0x80,0x7B,0x7B,0x7B,0x7B,0x83,0x92,0x94,0x92,0x88,0x71,0x69,0x71,0x78,
0x88,0x92,0x88,0x7B,0x7B,0x76,0x78,0x8A,0x8D,0x83,0x7D,0x71,0x6E,0x80,0x85,0x85,
0x8A,0x83,0x7B,0x83,0x8A,0x88,0x8A,0x7D,0x6E,0x71,0x7B,0x85,0x9A,0x9C,0x8F,0x83,
0x6E,0x66,0x71,0x76,0x78,0x83,0x7D,0x73,0x7D,0x80,0x7D,0x88,0x88,0x7D,0x80,0x83,
0x80,0x8A,0x8A,0x83,0x85,0x88,0x83,0x8A,0x8A,0x83,0x80,0x78,0x6C,0x6E,0x78,0x7B,
0x88,0x92,0x88,0x83,0x7B,0x6C,0x6C,0x76,0x78,0x80,0x8A,0x85,0x85,0x85,0x80,0x85,
0x8F,0x8A,0x83,0x83,0x78,0x76,0x80,0x80,0x83,0x85,0x7D,0x78,0x80,0x80,0x83,0x85,
0x78,0x6C,0x71,0x73,0x83,0x9C,0x9F,0x92,0x85,0x71,0x66,0x76,0x83,0x88,0x8D,0x80,
0x76,0x7B,0x78,0x80,0x92,0x8D,0x78,0x76,0x6E,0x71,0x85,0x8A,0x83,0x83,0x7B,0x73,
0x88,0x97,0x8F,0x8F,0x80,0x66,0x6C,0x7D,0x8A,0x9F,0xA1,0x8A,0x78,0x6E,0x66,0x73,
0x80,0x7D,0x7B,0x73,0x6C,0x78,0x85,0x85,0x8D,0x8A,0x78,0x76,0x83,0x83,0x8D,0x92,
0x85,0x7D,0x80,0x83,0x8A,0x94,0x8D,0x83,0x78,0x66,0x69,0x7B,0x80,0x8A,0x94,0x83,
0x76,0x78,0x6E,0x6E,0x7B,0x7B,0x7B,0x83,0x80,0x80,0x8D,0x8A,0x8A,0x92,0x88,0x7B,
0x83,0x7D,0x7B,0x88,0x83,0x7B,0x80,0x7B,0x78,0x85,0x88,0x83,0x83,0x73,0x66,0x6E,
0x7B,0x88,0x9F,0x9C,0x88,0x7D,0x71,0x69,0x7D,0x8A,0x83,0x80,0x7B,0x71,0x7B,0x8A,
0x8D,0x92,0x8A,0x71,0x6C,0x73,0x76,0x88,0x8D,0x7B,0x76,0x76,0x76,0x8D,0x9F,0x92,
0x8D,0x7B,0x66,0x6E,0x85,0x92,0x9C,0x9C,0x80,0x71,0x71,0x6E,0x78,0x85,0x78,0x69,
0x6C,0x6C,0x78,0x8F,0x8F,0x88,0x85,0x76,0x71,0x85,0x8A,0x8F,0x92,0x80,0x76,0x7D,
0x85,0x8D,0x9C,0x94,0x7D,0x73,0x6C,0x6C,0x80,0x8A,0x88,0x88,0x78,0x6E,0x76,0x76,
0x76,0x80,0x7D,0x71,0x76,0x78,0x7D,0x92,0x97,0x8F,0x8F,0x88,0x7D,0x85,0x88,0x83,
0x88,0x80,0x71,0x73,0x7D,0x7D,0x8A,0x8F,0x80,0x78,0x71,0x66,0x76,0x8A,0x8D,0x92,
0x8F,0x7B,0x78,0x7B,0x7B,0x85,0x8D,0x7B,0x71,0x76,0x73,0x80,0x94,0x92,0x8A,0x83,
0x71,0x6E,0x7D,0x80,0x85,0x88,0x73,0x6C,0x78,0x80,0x8F,0x9C,0x92,0x80,0x78,0x71,
0x78,0x92,0x9C,0x94,0x8A,0x76,0x6C,0x76,0x7D,0x7D,0x83,0x73,0x61,0x69,0x71,0x7B,
0x92,0x92,0x85,0x80,0x7B,0x76,0x8A,0x94,0x8D,0x8D,0x7D,0x6E,0x7B,0x8D,0x92,0x9A,
0x8F,0x76,0x71,0x73,0x76,0x88,0x92,0x83,0x78,0x71,0x69,0x73,0x80,0x7D,0x7D,0x7D,
0x6C,0x6C,0x7B,0x83,0x94,0x9C,0x8D,0x85,0x88,0x80,0x83,0x8F,0x88,0x80,0x7B,0x6C,
0x71,0x83,0x85,0x88,0x8A,0x78,0x6E,0x73,0x76,0x83,0x94,0x8F,0x83,0x7D,0x73,0x76,
0x85,0x8A,0x88,0x85,0x73,0x66,0x73,0x7B,0x88,0x9A,0x92,0x7D,0x7D,0x78,0x76,0x88,
0x88,0x80,0x7B,0x6C,0x69,0x80,0x8D,0x8D,0x94,0x85,0x73,0x7D,0x83,0x88,0x9C,0x9C,
0x80,0x76,0x73,0x6E,0x7D,0x88,0x80,0x7B,0x71,0x5F,0x69,0x78,0x80,0x8D,0x8D,0x7D,
0x7D,0x85,0x85,0x8D,0x92,0x8A,0x80,0x78,0x76,0x83,0x94,0x8D,0x8A,0x85,0x71,0x76,
0x80,0x83,0x8F,0x94,0x7B,0x6C,0x6E,0x69,0x73,0x85,0x80,0x7B,0x7B,0x6C,0x69,0x80,
0x88,0x8F,0x9A,0x8D,0x83,0x8D,0x88,0x85,0x92,0x88,0x78,0x76,0x71,0x71,0x85,0x88,
0x80,0x80,0x71,0x69,0x78,0x88,0x92,0x9C,0x8F,0x76,0x6E,0x6E,0x76,0x8A,0x94,0x88,
0x83,0x76,0x66,0x76,0x85,0x8A,0x92,0x88,0x78,0x7D,0x83,0x80,0x8A,0x88,0x76,0x6C,
0x6C,0x73,0x8A,0x94,0x8A,0x83,0x76,0x71,0x80,0x94,0x9C,0x9F,0x94,0x76,0x69,0x6E,
0x71,0x80,0x8A,0x80,0x71,0x71,0x69,0x73,0x83,0x83,0x83,0x83,0x7B,0x80,0x92,0x8F,
0x8A,0x8D,0x7B,0x73,0x7D,0x85,0x8A,0x92,0x88,0x76,0x73,0x73,0x7B,0x8D,0x92,0x8F,
0x8A,0x76,0x66,0x6E,0x6E,0x71,0x80,0x80,0x7B,0x80,0x7B,0x76,0x80,0x88,0x88,0x8F,
0x8F,0x8A,0x8F,0x8A,0x83,0x85,0x80,0x73,0x76,0x78,0x78,0x83,0x85,0x7B,0x76,0x71,
0x6E,0x80,0x92,0x9A,0x9C,0x8F,0x71,0x66,0x6C,0x73,0x88,0x94,0x88,0x7D,0x78,0x6C,
0x78,0x8A,0x8A,0x8A,0x83,0x7B,0x7D,0x88,0x8A,0x8A,0x83,0x6E,0x64,0x71,0x83,0x8D,
0x94,0x85,0x6C,0x69,0x6E,0x83,0xA1,0xAB,0xA1,0x8D,0x71,0x64,0x73,0x7B,0x83,0x88,
0x78,0x6C,0x73,0x76,0x7B,0x85,0x80,0x76,0x78,0x7D,0x88,0x9C,0x9A,0x85,0x7D,0x6E,
0x6C,0x88,0x94,0x8D,0x8F,0x7D,0x64,0x6E,0x78,0x83,0x9A,0x9C,0x8D,0x85,0x78,0x6C,
0x71,0x71,0x6E,0x76,0x7D,0x7B,0x88,0x8A,0x7B,0x7D,0x80,0x7D,0x8A,0x94,0x92,0x94,
0x8F,0x7B,0x78,0x7B,0x76,0x7B,0x80,0x7B,0x7D,0x83,0x73,0x71,0x78,0x76,0x85,0x9A,
0x9C,0x9A,0x8F,0x73,0x61,0x69,0x71,0x80,0x8F,0x8A,0x83,0x7D,0x73,0x78,0x88,0x88,
0x85,0x85,0x7D,0x7D,0x8F,0x8D,0x83,0x7D,0x6C,0x61,0x78,0x8A,0x8A,0x94,0x83,0x5C,
0x61,0x71,0x85,0xA6,0xB3,0xA1,0x8D,0x76,0x69,0x71,0x7B,0x7D,0x80,0x76,0x6E,0x78,
0x83,0x80,0x85,0x7B,0x6C,0x73,0x85,0x92,0xA4,0x9F,0x80,0x6E,0x66,0x6C,0x8D,0x9F,
0x92,0x8A,0x76,0x5A,0x64,0x7B,0x8A,0x9A,0x9F,0x8D,0x83,0x83,0x76,0x73,0x73,0x66,
0x69,0x78,0x80,0x92,0x94,0x80,0x76,0x73,0x71,0x85,0x9C,0x9C,0x97,0x8D,0x76,0x6E,
0x7B,0x7D,0x80,0x88,0x7D,0x76,0x78,0x6E,0x6E,0x78,0x78,0x83,0x97,0x9F,0x9C,0x97,
0x7D,0x61,0x64,0x69,0x78,0x8D,0x8F,0x88,0x85,0x78,0x73,0x83,0x85,0x85,0x88,0x85,
0x80,0x8A,0x8A,0x7D,0x78,0x6E,0x66,0x7B,0x8F,0x8D,0x92,0x7D,0x5A,0x5F,0x71,0x83,
0xA9,0xB8,0xA4,0x8F,0x7B,0x66,0x69,0x76,0x76,0x76,0x76,0x73,0x80,0x8A,0x85,0x83,
0x78,0x69,0x73,0x8A,0x97,0xA1,0x9F,0x76,0x64,0x66,0x71,0x92,0xA4,0x92,0x83,0x6E,
0x55,0x5F,0x7B,0x8A,0x97,0x9F,0x8F,0x85,0x8A,0x80,0x73,0x6E,0x61,0x61,0x76,0x88,
0x97,0x9C,0x85,0x6E,0x6C,0x71,0x83,0xA1,0xA6,0x92,0x85,0x71,0x69,0x78,0x85,0x88,
0x88,0x80,0x71,0x73,0x73,0x6E,0x76,0x78,0x7B,0x8F,0xA4,0xA6,0xA4,0x8A,0x61,0x5A,
0x5C,0x6C,0x88,0x97,0x8D,0x85,0x7B,0x6E,0x7D,0x8D,0x8A,0x8D,0x8A,0x83,0x88,0x8A,
0x7D,0x78,0x73,0x6C,0x78,0x8F,0x8D,0x8A,0x80,0x5A,0x55,0x6C,0x80,0x9F,0xBB,0xAE,
0x94,0x80,0x69,0x64,0x6E,0x71,0x73,0x78,0x78,0x80,0x8F,0x8A,0x80,0x7B,0x71,0x76,
0x8D,0x97,0x9F,0x9A,0x78,0x61,0x66,0x73,0x8D,0xA1,0x94,0x80,0x6E,0x5A,0x5C,0x76,
0x8A,0x92,0x9F,0x9A,0x8D,0x92,0x88,0x73,0x6C,0x61,0x5C,0x73,0x8D,0x97,0x9A,0x88,
0x6C,0x69,0x76,0x85,0x9F,0xA6,0x8F,0x7D,0x71,0x66,0x78,0x88,0x88,0x88,0x83,0x73,
0x76,0x7B,0x71,0x71,0x73,0x76,0x8A,0xA6,0xAB,0xA6,0x8F,0x64,0x52,0x57,0x69,0x83,
0x94,0x8D,0x83,0x78,0x6E,0x7B,0x8D,0x8F,0x8D,0x8A,0x83,0x85,0x8D,0x83,0x78,0x73,
0x6C,0x73,0x8F,0x92,0x8A,0x85,0x5F,0x4D,0x64,0x7B,0x97,0xB6,0xB3,0x9A,0x83,0x6C,
0x64,0x6E,0x73,0x73,0x7B,0x7B,0x7D,0x8D,0x8D,0x83,0x7D,0x76,0x76,0x88,0x97,0x9A,
0x97,0x7B,0x61,0x64,0x71,0x88,0x9F,0x97,0x80,0x71,0x5F,0x57,0x6E,0x88,0x8F,0x9C,
0x9F,0x92,0x92,0x8A,0x73,0x69,0x64,0x61,0x71,0x8A,0x92,0x94,0x8A,0x71,0x69,0x78,
0x85,0x97,0xA1,0x8F,0x7D,0x73,0x69,0x73,0x85,0x85,0x85,0x88,0x7B,0x78,0x7D,0x71,
0x6C,0x73,0x78,0x8A,0xA9,0xB1,0xA6,0x8F,0x66,0x52,0x5A,0x69,0x7D,0x8D,0x8A,0x7D,
0x78,0x76,0x7D,0x8F,0x8F,0x88,0x8A,0x88,0x85,0x8F,0x85,0x76,0x71,0x6C,0x73,0x92,
0x9A,0x8D,0x83,0x61,0x4A,0x5C,0x78,0x92,0xB3,0xB8,0x97,0x83,0x73,0x64,0x6C,0x76,
0x73,0x73,0x78,0x7D,0x8D,0x94,0x88,0x80,0x78,0x73,0x85,0x9A,0x9C,0x94,0x80,0x5F,
0x5C,0x6E,0x85,0x9A,0x9A,0x85,0x6E,0x5F,0x57,0x69,0x83,0x8F,0x9A,0xA1,0x97,0x92,
0x8F,0x7B,0x69,0x66,0x64,0x6C,0x85,0x94,0x8F,0x8A,0x78,0x6C,0x78,0x83,0x8F,0x9F,
0x8F,0x7B,0x73,0x69,0x6C,0x80,0x88,0x85,0x8D,0x88,0x7B,0x7B,0x71,0x66,0x71,0x7D,
0x8D,0xA6,0xB1,0xA4,0x8F,0x71,0x57,0x5C,0x69,0x73,0x85,0x88,0x7B,0x7D,0x7D,0x7D,
0x88,0x8D,0x85,0x88,0x8D,0x88,0x8D,0x85,0x71,0x6E,0x73,0x7B,0x92,0x9F,0x8F,0x7D,
0x64,0x4A,0x57,0x7B,0x94,0xAE,0xB3,0x97,0x80,0x78,0x69,0x6C,0x76,0x71,0x6C,0x78,
0x80,0x8F,0x9A,0x8A,0x7D,0x7B,0x78,0x85,0x9F,0xA1,0x94,0x7B,0x5C,0x55,0x69,0x88,
0x97,0x9C,0x8A,0x6E,0x5F,0x57,0x61,0x83,0x92,0x9A,0xA4,0x9C,0x94,0x97,0x83,0x6C,
0x64,0x5F,0x64,0x80,0x94,0x92,0x8D,0x7B,0x69,0x71,0x83,0x8F,0x9F,0x9A,0x80,0x71,
0x66,0x64,0x78,0x88,0x8A,0x8F,0x8D,0x7B,0x76,0x71,0x66,0x6E,0x80,0x8D,0xA1,0xB1,
0xA4,0x94,0x78,0x5A,0x57,0x66,0x6C,0x78,0x85,0x80,0x7D,0x83,0x7D,0x83,0x8D,0x8A,
0x8D,0x94,0x8F,0x8A,0x83,0x6E,0x69,0x76,0x83,0x92,0xA1,0x8F,0x76,0x61,0x4D,0x55,
0x78,0x97,0xA4,0xAB,0x9A,0x85,0x80,0x73,0x6C,0x6E,0x6C,0x66,0x76,0x88,0x92,0x9A,
0x8A,0x78,0x7B,0x80,0x8A,0xA6,0xA6,0x8D,0x73,0x5A,0x4F,0x69,0x8D,0x94,0x9A,0x8D,
0x66,0x5A,0x5C,0x64,0x7D,0x92,0x94,0x9F,0xA4,0xA1,0x9F,0x8F,0x71,0x5F,0x5A,0x5F,
0x7B,0x97,0x92,0x8A,0x7B,0x66,0x6E,0x85,0x92,0x9C,0x9C,0x80,0x6C,0x66,0x64,0x76,
0x8D,0x8D,0x8F,0x92,0x7D,0x76,0x76,0x6C,0x6E,0x80,0x8A,0x9A,0xB1,0xA9,0x97,0x83,
0x61,0x52,0x5C,0x64,0x6C,0x83,0x83,0x7D,0x80,0x7B,0x7D,0x8D,0x92,0x94,0x9C,0x94,
0x85,0x7D,0x73,0x6C,0x7B,0x8D,0x92,0x9A,0x8D,0x6E,0x61,0x5A,0x5A,0x78,0x8F,0x94,
0xA4,0x9F,0x8A,0x88,0x78,0x64,0x64,0x64,0x61,0x78,0x8F,0x94,0x94,0x8A,0x7B,0x7B,
0x8D,0x94,0xA4,0xA6,0x85,0x6C,0x5C,0x55,0x6C,0x8A,0x8D,0x8D,0x85,0x66,0x61,0x66,
0x69,0x76,0x8A,0x8F,0x97,0xAE,0xAE,0xA6,0x94,0x6E,0x55,0x5C,0x64,0x7B,0x94,0x8D,
0x83,0x76,0x66,0x6E,0x8A,0x94,0x9A,0x9A,0x7D,0x66,0x69,0x69,0x73,0x8A,0x8D,0x88,
0x8F,0x88,0x7D,0x7D,0x73,0x6C,0x7B,0x88,0x92,0xAE,0xAE,0x9A,0x85,0x66,0x4F,0x5A,
0x64,0x66,0x7B,0x83,0x78,0x7B,0x7D,0x7B,0x8D,0x9A,0x97,0x9C,0x97,0x85,0x80,0x7B,
0x71,0x7D,0x8F,0x8A,0x8F,0x8A,0x73,0x69,0x66,0x5F,0x6E,0x85,0x88,0x94,0xA1,0x92,
0x88,0x7D,0x64,0x5A,0x66,0x69,0x7B,0x92,0x8F,0x8A,0x88,0x7D,0x80,0x97,0x9A,0x9C,
0x9C,0x7D,0x69,0x69,0x64,0x6E,0x85,0x83,0x7D,0x80,0x73,0x6E,0x76,0x6E,0x6E,0x80,
0x8A,0x94,0xB1,0xB1,0xA1,0x8F,0x71,0x5A,0x66,0x73,0x78,0x88,0x83,0x73,0x73,0x73,
0x78,0x92,0x9C,0x8F,0x8D,0x7D,0x6C,0x73,0x73,0x71,0x80,0x88,0x85,0x8F,0x92,0x85,
0x80,0x73,0x66,0x73,0x85,0x92,0xA9,0xAB,0x97,0x83,0x6C,0x57,0x5F,0x6C,0x6C,0x76,
0x7D,0x73,0x78,0x83,0x83,0x8D,0x9C,0x94,0x94,0x97,0x85,0x7D,0x7D,0x76,0x78,0x88,
0x85,0x88,0x8A,0x78,0x6E,0x6C,0x64,0x69,0x80,0x85,0x8F,0x9F,0x94,0x85,0x7D,0x69,
0x5F,0x6E,0x76,0x7B,0x8A,0x88,0x80,0x85,0x85,0x88,0x9F,0x9F,0x92,0x8F,0x7D,0x6C,
0x71,0x6E,0x6C,0x7B,0x7D,0x76,0x83,0x83,0x7B,0x7B,0x73,0x69,0x78,0x8A,0x94,0xAB,
0xAE,0x97,0x85,0x71,0x64,0x71,0x7B,0x73,0x7D,0x7B,0x6C,0x73,0x83,0x85,0x92,0x97,
0x83,0x7D,0x80,0x76,0x78,0x7D,0x71,0x76,0x83,0x83,0x8D,0x97,0x88,0x7D,0x76,0x69,
0x71,0x8D,0x97,0x9F,0xA4,0x8A,0x76,0x71,0x66,0x66,0x71,0x71,0x6E,0x73,0x76,0x7B,
0x88,0x8A,0x8A,0x94,0x92,0x8F,0x97,0x8D,0x80,0x7D,0x76,0x73,0x85,0x88,0x83,0x8A,
0x7D,0x6E,0x6E,0x6C,0x6C,0x80,0x8A,0x8A,0x97,0x8F,0x80,0x7B,0x73,0x6C,0x76,0x7D,
0x78,0x80,0x85,0x7D,0x85,0x8D,0x8A,0x97,0x9A,0x8A,0x88,0x80,0x73,0x73,0x73,0x6C,
0x73,0x7B,0x76,0x83,0x88,0x80,0x78,0x76,0x6C,0x78,0x8F,0x97,0xA1,0xA1,0x8A,0x7D,
0x7B,0x71,0x78,0x83,0x76,0x73,0x76,0x71,0x7B,0x8D,0x8A,0x88,0x8D,0x7D,0x7D,0x85,
0x80,0x7D,0x7B,0x6E,0x69,0x7D,0x85,0x8F,0x97,0x88,0x76,0x73,0x71,0x7B,0x94,0x9A,
0x94,0x92,0x80,0x73,0x7B,0x78,0x73,0x7B,0x6E,0x61,0x6E,0x78,0x7D,0x8D,0x8D,0x83,
0x8D,0x92,0x8D,0x97,0x94,0x80,0x78,0x71,0x6E,0x80,0x8A,0x85,0x85,0x7D,0x6C,0x6E,
0x76,0x76,0x85,0x8D,0x83,0x85,0x88,0x80,0x83,0x83,0x76,0x78,0x7B,0x73,0x7B,0x83,
0x83,0x88,0x8F,0x88,0x8D,0x94,0x8A,0x85,0x85,0x76,0x71,0x73,0x6C,0x71,0x80,0x7B,
0x7D,0x85,0x7B,0x73,0x7B,0x78,0x80,0x94,0x94,0x8F,0x92,0x85,0x7B,0x80,0x80,0x7B,
0x80,0x76,0x69,0x73,0x78,0x80,0x8D,0x8A,0x80,0x88,0x80,0x7D,0x8D,0x8A,0x7B,0x78,
0x6E,0x69,0x80,0x8D,0x8A,0x92,0x83,0x6E,0x73,0x7D,0x83,0x97,0x9A,0x83,0x80,0x7D,
0x78,0x83,0x8A,0x7B,0x73,0x6C,0x5F,0x6C,0x80,0x85,0x8A,0x8A,0x7B,0x83,0x94,0x92,
0x97,0x94,0x7B,0x6C,0x71,0x71,0x83,0x94,0x85,0x7B,0x73,0x69,0x71,0x83,0x85,0x8A,
0x8A,0x78,0x78,0x83,0x85,0x88,0x8F,0x80,0x71,0x76,0x73,0x76,0x88,0x85,0x83,0x88,
0x85,0x85,0x94,0x92,0x88,0x88,0x78,0x6C,0x71,0x76,0x76,0x83,0x80,0x78,0x7B,0x78,
0x76,0x83,0x88,0x88,0x92,0x8D,0x83,0x88,0x88,0x83,0x8A,0x88,0x78,0x7B,0x73,0x6C,
0x76,0x80,0x7D,0x83,0x83,0x80,0x80,0x83,0x85,0x8A,0x85,0x76,0x73,0x76,0x76,0x88,
0x92,0x85,0x80,0x7B,0x71,0x7B,0x8D,0x92,0x92,0x8D,0x78,0x73,0x7B,0x7D,0x88,0x8F,
0x7B,0x6E,0x6C,0x66,0x73,0x88,0x85,0x80,0x80,0x78,0x83,0x97,0x9A,0x97,0x8D,0x76,
0x6C,0x78,0x80,0x88,0x92,0x80,0x6E,0x6C,0x6E,0x78,0x8D,0x92,0x85,0x83,0x73,0x6E,
0x83,0x8D,0x8A,0x8D,0x7D,0x6E,0x76,0x7B,0x7D,0x8A,0x88,0x7B,0x7D,0x80,0x83,0x94,
0x97,0x8A,0x80,0x73,0x6C,0x76,0x7D,0x7B,0x85,0x80,0x6C,0x6E,0x78,0x7B,0x8A,0x94,
0x8A,0x88,0x88,0x7B,0x83,0x8D,0x88,0x88,0x85,0x73,0x76,0x7D,0x76,0x78,0x80,0x78,
0x76,0x7D,0x7D,0x85,0x94,0x8D,0x83,0x80,0x73,0x73,0x83,0x85,0x88,0x8D,0x7B,0x6E,
0x76,0x7B,0x85,0x9A,0x97,0x88,0x83,0x76,0x6E,0x80,0x88,0x85,0x85,0x78,0x6C,0x76,
0x78,0x7D,0x85,0x80,0x73,0x78,0x7D,0x88,0x9C,0x9C,0x8A,0x80,0x76,0x71,0x80,0x8F,
0x8A,0x8A,0x78,0x61,0x66,0x76,0x83,0x94,0x94,0x80,0x78,0x76,0x71,0x83,0x8D,0x85,
0x80,0x7B,0x71,0x7B,0x88,0x85,0x88,0x83,0x71,0x73,0x83,0x88,0x97,0x9C,0x85,0x76,
0x73,0x71,0x78,0x8A,0x88,0x80,0x7B,0x64,0x64,0x78,0x85,0x92,0x9C,0x8A,0x80,0x83,
0x7B,0x80,0x8D,0x8A,0x7D,0x7D,0x76,0x78,0x85,0x83,0x7D,0x7D,0x73,0x6C,0x78,0x85,
0x8D,0x9A,0x8A,0x78,0x76,0x73,0x78,0x8D,0x92,0x88,0x83,0x6E,0x61,0x73,0x85,0x8F,
0x9C,0x94,0x80,0x7D,0x78,0x78,0x85,0x88,0x78,0x76,0x73,0x71,0x83,0x8A,0x83,0x7D,
0x78,0x69,0x73,0x8A,0x92,0x9C,0x94,0x7B,0x73,0x78,0x7B,0x8A,0x9A,0x8A,0x7B,0x6E,
0x5C,0x69,0x83,0x8D,0x92,0x8F,0x7B,0x76,0x7D,0x7B,0x83,0x8A,0x7B,0x73,0x78,0x78,
0x85,0x94,0x8A,0x7D,0x7B,0x71,0x73,0x8A,0x92,0x94,0x92,0x7B,0x6E,0x76,0x7B,0x83,
0x92,0x8D,0x78,0x71,0x64,0x64,0x7D,0x8D,0x8D,0x94,0x8D,0x7D,0x83,0x83,0x80,0x88,
0x83,0x73,0x78,0x7B,0x7D,0x8D,0x8D,0x7D,0x76,0x71,0x69,0x7B,0x8D,0x8F,0x92,0x85,
0x6E,0x6E,0x7B,0x85,0x97,0x9A,0x85,0x78,0x69,0x61,0x76,0x8F,0x92,0x94,0x8D,0x7B,
0x7B,0x83,0x80,0x83,0x83,0x6E,0x69,0x73,0x7D,0x8D,0x97,0x83,0x73,0x6E,0x69,0x78,
0x97,0x9C,0x94,0x88,0x6E,0x69,0x7D,0x8D,0x97,0x9F,0x85,0x6E,0x69,0x66,0x73,0x8A,
0x8D,0x85,0x85,0x7D,0x7D,0x8A,0x88,0x80,0x7B,0x6E,0x69,0x7B,0x8A,0x8F,0x9A,0x88,
0x71,0x73,0x76,0x7B,0x8F,0x97,0x88,0x80,0x73,0x6C,0x7B,0x8A,0x8A,0x8F,0x85,0x71,
0x6E,0x6E,0x71,0x80,0x8A,0x88,0x8D,0x8F,0x83,0x88,0x88,0x7B,0x78,0x78,0x71,0x76,
0x85,0x85,0x8D,0x8D,0x7B,0x71,0x73,0x73,0x7D,0x92,0x8D,0x88,0x80,0x6E,0x6E,0x83,
0x8D,0x97,0x9A,0x80,0x6E,0x69,0x69,0x78,0x92,0x92,0x8A,0x88,0x7D,0x7B,0x8A,0x88,
0x7D,0x7B,0x69,0x61,0x78,0x88,0x94,0x9A,0x83,0x6C,0x69,0x71,0x80,0x9C,0x9C,0x88,
0x7B,0x69,0x69,0x85,0x9A,0x9A,0x94,0x7D,0x64,0x69,0x76,0x7D,0x8A,0x88,0x76,0x78,
0x80,0x85,0x94,0x92,0x78,0x6C,0x66,0x66,0x83,0x9A,0x97,0x92,0x80,0x69,0x71,0x83,
0x88,0x92,0x92,0x78,0x71,0x73,0x73,0x83,0x94,0x8D,0x83,0x80,0x73,0x76,0x7D,0x78,
0x7B,0x83,0x80,0x85,0x92,0x8D,0x8A,0x88,0x76,0x6E,0x76,0x76,0x7B,0x8A,0x88,0x85,
0x85,0x7B,0x76,0x7D,0x7D,0x7D,0x8A,0x85,0x7D,0x7D,0x76,0x76,0x88,0x92,0x92,0x92,
0x80,0x6E,0x6E,0x71,0x7B,0x8D,0x8D,0x83,0x85,0x80,0x7D,0x8A,0x88,0x7B,0x73,0x69,
0x64,0x7B,0x8F,0x94,0x94,0x85,0x6C,0x6E,0x7D,0x88,0x9A,0x97,0x7D,0x6E,0x69,0x6E,
0x8A,0xA1,0x9A,0x8A,0x76,0x64,0x6E,0x7D,0x83,0x85,0x83,0x71,0x73,0x88,0x8F,0x9C,
0x94,0x76,0x61,0x64,0x6C,0x85,0x9F,0x97,0x88,0x78,0x6C,0x73,0x8D,0x94,0x8F,0x88,
0x6E,0x64,0x73,0x80,0x8A,0x97,0x88,0x78,0x7B,0x7B,0x80,0x88,0x7D,0x73,0x76,0x78,
0x83,0x9A,0x9A,0x8F,0x85,0x71,0x69,0x76,0x7D,0x7D,0x88,0x83,0x7B,0x80,0x80,0x7D,
0x85,0x83,0x78,0x7D,0x7D,0x7B,0x80,0x80,0x7B,0x85,0x8D,0x8A,0x8D,0x88,0x76,0x73,
0x76,0x76,0x85,0x8D,0x83,0x85,0x85,0x7D,0x85,0x8A,0x7B,0x73,0x71,0x69,0x78,0x8F,
0x8F,0x8F,0x85,0x73,0x73,0x83,0x8A,0x92,0x8F,0x78,0x6C,0x6C,0x73,0x8A,0xA1,0x97,
0x83,0x78,0x69,0x6E,0x83,0x85,0x80,0x7D,0x71,0x71,0x8A,0x97,0x9C,0x94,0x76,0x61,
0x66,0x73,0x88,0x9C,0x92,0x7B,0x76,0x71,0x7B,0x94,0x9A,0x8A,0x7B,0x69,0x61,0x76,
0x8A,0x8F,0x92,0x85,0x71,0x78,0x83,0x85,0x8A,0x83,0x6E,0x6C,0x78,0x83,0x9A,0x9F,
0x8F,0x7D,0x73,0x6C,0x7B,0x88,0x80,0x80,0x7B,0x71,0x7B,0x88,0x88,0x8A,0x85,0x73,
0x73,0x7B,0x7D,0x83,0x83,0x7B,0x80,0x8A,0x8A,0x8F,0x8D,0x7B,0x73,0x73,0x71,0x7D,
0x8D,0x85,0x83,0x85,0x7D,0x80,0x88,0x80,0x78,0x78,0x73,0x73,0x85,0x8D,0x8A,0x88,
0x7D,0x76,0x83,0x8A,0x8A,0x8A,0x7B,0x69,0x6C,0x78,0x88,0x9C,0x97,0x80,0x76,0x6C,
0x71,0x83,0x88,0x80,0x7D,0x73,0x71,0x85,0x94,0x9A,0x92,0x7D,0x69,0x6E,0x7D,0x88,
0x94,0x8D,0x78,0x71,0x76,0x80,0x94,0x9A,0x83,0x73,0x66,0x64,0x78,0x8F,0x8F,0x8D,
0x83,0x71,0x76,0x88,0x8A,0x8A,0x83,0x6E,0x69,0x78,0x85,0x97,0x9C,0x8A,0x7B,0x76,
0x73,0x80,0x8D,0x83,0x76,0x73,0x6E,0x78,0x8D,0x8F,0x8A,0x85,0x71,0x6E,0x7B,0x80,
0x83,0x85,0x80,0x7B,0x85,0x8A,0x8F,0x92,0x80,0x71,0x71,0x76,0x7D,0x8D,0x8A,0x7D,
0x7D,0x7B,0x7D,0x88,0x8A,0x7D,0x78,0x71,0x6C,0x80,0x8D,0x8A,0x8A,0x80,0x78,0x80,
0x8A,0x88,0x88,0x7D,0x6E,0x6E,0x7B,0x88,0x97,0x9A,0x80,0x73,0x71,0x71,0x80,0x8A,
0x83,0x7B,0x73,0x6E,0x80,0x92,0x94,0x92,0x83,0x6E,0x6E,0x7D,0x85,0x8D,0x8A,0x78,
0x71,0x7B,0x83,0x92,0x9A,0x83,0x6E,0x69,0x64,0x76,0x8F,0x92,0x8A,0x83,0x73,0x73,
0x85,0x8A,0x88,0x85,0x76,0x6C,0x7B,0x88,0x8F,0x94,0x88,0x78,0x78,0x7D,0x83,0x8F,
0x85,0x73,0x6E,0x6E,0x76,0x8A,0x94,0x8A,0x83,0x76,0x6C,0x78,0x83,0x83,0x85,0x83,
0x7B,0x85,0x8D,0x8A,0x8A,0x80,0x71,0x73,0x7B,0x83,0x8A,0x88,0x78,0x76,0x78,0x7D,
0x8D,0x92,0x85,0x7B,0x73,0x6C,0x78,0x8A,0x8A,0x88,0x85,0x7B,0x7D,0x8D,0x88,0x85,
0x7D,0x6E,0x6C,0x7D,0x8A,0x97,0x97,0x80,0x71,0x71,0x73,0x83,0x92,0x8A,0x7B,0x73,
0x6C,0x76,0x8D,0x94,0x8F,0x88,0x76,0x71,0x80,0x88,0x88,0x85,0x78,0x6E,0x78,0x88,
0x92,0x9A,0x88,0x6E,0x66,0x66,0x76,0x8F,0x94,0x8A,0x83,0x73,0x6E,0x80,0x8A,0x8A,
0x88,0x7D,0x6E,0x7B,0x88,0x88,0x8D,0x85,0x76,0x7B,0x85,0x85,0x8D,0x88,0x71,0x6C,
0x6C,0x73,0x88,0x97,0x8D,0x83,0x7B,0x6E,0x73,0x80,0x80,0x83,0x85,0x80,0x85,0x8D,
0x88,0x85,0x80,0x73,0x76,0x85,0x85,0x88,0x85,0x76,0x71,0x76,0x7D,0x8A,0x94,0x88,
0x7B,0x78,0x71,0x76,0x85,0x85,0x80,0x85,0x83,0x80,0x8A,0x88,0x7D,0x78,0x6E,0x6E,
0x83,0x8F,0x94,0x94,0x7D,0x69,0x6E,0x78,0x83,0x94,0x92,0x7B,0x73,0x6E,0x73,0x88,
0x92,0x8D,0x85,0x7B,0x78,0x85,0x8A,0x85,0x83,0x76,0x6C,0x78,0x8A,0x92,0x97,0x8A,
0x6C,0x61,0x66,0x76,0x8F,0x9A,0x8D,0x80,0x73,0x6C,0x7B,0x8A,0x8A,0x88,0x85,0x76,
0x7B,0x88,0x85,0x85,0x80,0x76,0x78,0x85,0x88,0x8F,0x8D,0x76,0x69,0x6C,0x73,0x83,
0x94,0x92,0x85,0x7B,0x6E,0x6E,0x7B,0x83,0x85,0x8A,0x85,0x83,0x88,0x83,0x7D,0x7D,
0x7B,0x7D,0x88,0x88,0x85,0x85,0x76,0x6E,0x76,0x7D,0x85,0x8F,0x8D,0x7D,0x7D,0x78,
0x76,0x7D,0x80,0x7D,0x85,0x85,0x85,0x8A,0x85,0x78,0x73,0x71,0x76,0x88,0x94,0x8F,
0x8A,0x78,0x66,0x6E,0x7D,0x88,0x94,0x92,0x7D,0x76,0x73,0x73,0x83,0x8A,0x83,0x83,
0x83,0x80,0x8A,0x8F,0x83,0x78,0x71,0x6C,0x78,0x92,0x97,0x94,0x85,0x6C,0x5F,0x6C,
0x7B,0x8F,0x9C,0x8D,0x7B,0x73,0x6C,0x76,0x8A,0x8D,0x88,0x85,0x7D,0x7D,0x88,0x85,
0x7D,0x7B,0x73,0x73,0x85,0x92,0x92,0x92,0x7B,0x66,0x66,0x71,0x80,0x94,0x97,0x85,
0x7D,0x71,0x69,0x78,0x85,0x88,0x8F,0x8D,0x80,0x83,0x80,0x78,0x7D,0x7D,0x7D,0x88,
0x8D,0x85,0x85,0x7B,0x6E,0x71,0x78,0x7D,0x8A,0x8F,0x88,0x83,0x7D,0x73,0x76,0x7B,
0x7D,0x88,0x8F,0x88,0x85,0x7D,0x71,0x6E,0x78,0x80,0x8D,0x97,0x8D,0x80,0x76,0x69,
0x6E,0x80,0x88,0x8D,0x8F,0x83,0x78,0x7B,0x78,0x78,0x80,0x7D,0x7D,0x88,0x8A,0x8D,
0x8F,0x7D,0x6E,0x6E,0x6E,0x7B,0x94,0x9A,0x8D,0x7D,0x69,0x5F,0x71,0x85,0x92,0x9A,
0x8D,0x78,0x73,0x71,0x76,0x85,0x8A,0x83,0x88,0x88,0x85,0x8D,0x85,0x76,0x73,0x6E,
0x71,0x88,0x97,0x94,0x8F,0x7B,0x64,0x64,0x73,0x83,0x94,0x9A,0x88,0x78,0x6E,0x69,
0x78,0x88,0x8D,0x8F,0x8D,0x80,0x80,0x80,0x76,0x78,0x7D,0x7B,0x88,0x92,0x8D,0x88,
0x80,0x6E,0x66,0x6E,0x76,0x85,0x97,0x92,0x8A,0x80,0x71,0x6E,0x78,0x80,0x8A,0x94,
0x8D,0x80,0x7B,0x6E,0x6E,0x7D,0x85,0x8A,0x94,0x88,0x7B,0x78,0x6E,0x71,0x7D,0x85,
0x88,0x8F,0x8A,0x83,0x83,0x78,0x71,0x73,0x76,0x7B,0x8F,0x97,0x92,0x8D,0x78,0x69,
0x6E,0x78,0x83,0x97,0x97,0x83,0x76,0x69,0x64,0x76,0x8A,0x8F,0x92,0x8A,0x7B,0x76,
0x78,0x78,0x7B,0x80,0x80,0x8A,0x92,0x8F,0x8F,0x83,0x6C,0x64,0x69,0x71,0x8A,0x9F,
0x97,0x8A,0x7B,0x64,0x66,0x78,0x85,0x92,0x97,0x83,0x73,0x71,0x6E,0x78,0x88,0x8A,
0x88,0x8D,0x85,0x83,0x80,0x76,0x71,0x78,0x7D,0x85,0x97,0x97,0x8D,0x83,0x6C,0x61,
0x69,0x76,0x85,0x97,0x94,0x88,0x83,0x73,0x6E,0x7B,0x85,0x8A,0x92,0x8A,0x7B,0x78,
0x73,0x71,0x7D,0x88,0x88,0x8F,0x8A,0x7D,0x78,0x73,0x6E,0x76,0x80,0x85,0x92,0x97,
0x8D,0x85,0x78,0x66,0x66,0x73,0x7D,0x8F,0x9C,0x92,0x85,0x78,0x6C,0x71,0x80,0x88,
0x92,0x8F,0x7B,0x71,0x6E,0x6E,0x7B,0x8A,0x8A,0x8A,0x8A,0x80,0x7D,0x7B,0x73,0x73,
0x7B,0x80,0x8A,0x9C,0x9A,0x8F,0x80,0x69,0x5F,0x69,0x78,0x8A,0x9C,0x94,0x83,0x78,
0x6E,0x71,0x83,0x8A,0x8A,0x8D,0x80,0x76,0x78,0x78,0x78,0x83,0x88,0x88,0x8F,0x8D,
0x83,0x80,0x73,0x69,0x71,0x7D,0x88,0x9C,0x9F,0x8F,0x80,0x6E,0x5F,0x66,0x78,0x83,
0x92,0x94,0x85,0x80,0x7B,0x73,0x7B,0x85,0x85,0x8A,0x88,0x7B,0x78,0x76,0x73,0x7B,
0x85,0x85,0x8D,0x8F,0x80,0x7B,0x76,0x69,0x6E,0x7D,0x85,0x92,0x9F,0x94,0x85,0x78,
0x66,0x61,0x73,0x7D,0x8D,0x9A,0x8F,0x83,0x7B,0x73,0x76,0x85,0x8A,0x88,0x88,0x7B,
0x73,0x76,0x76,0x78,0x83,0x88,0x88,0x8F,0x8A,0x80,0x7D,0x71,0x66,0x73,0x80,0x8F,
0xA4,0xA1,0x8F,0x7D,0x66,0x5C,0x6C,0x7D,0x88,0x92,0x8D,0x80,0x7D,0x7B,0x7B,0x83,
0x88,0x83,0x83,0x80,0x78,0x7B,0x7B,0x76,0x7D,0x85,0x88,0x94,0x94,0x88,0x7B,0x6C,
0x5F,0x66,0x7D,0x8D,0x9F,0xA4,0x8F,0x7D,0x6E,0x61,0x69,0x78,0x80,0x8A,0x8F,0x88,
0x85,0x83,0x7B,0x7B,0x83,0x80,0x83,0x85,0x80,0x7B,0x78,0x73,0x78,0x85,0x8D,0x92,
0x97,0x88,0x78,0x6E,0x64,0x64,0x78,0x88,0x94,0xA4,0x9A,0x88,0x78,0x69,0x64,0x71,
0x7D,0x88,0x92,0x8D,0x85,0x83,0x7D,0x7B,0x83,0x83,0x80,0x83,0x7B,0x76,0x78,0x78,
0x76,0x80,0x88,0x8A,0x94,0x92,0x83,0x76,0x69,0x5F,0x6C,0x83,0x94,0xA4,0xA4,0x8D,
0x78,0x6C,0x64,0x6E,0x7B,0x80,0x88,0x8A,0x83,0x83,0x83,0x80,0x80,0x80,0x7B,0x7D,
0x83,0x7D,0x7B,0x78,0x73,0x76,0x85,0x8D,0x9A,0x9F,0x8A,0x76,0x66,0x5C,0x66,0x80,
0x92,0x9C,0xA1,0x8F,0x7D,0x76,0x6C,0x6C,0x76,0x7B,0x80,0x8A,0x8D,0x8A,0x8A,0x83,
0x7B,0x7D,0x7D,0x80,0x88,0x83,0x78,0x73,0x6E,0x71,0x83,0x92,0x9A,0x9F,0x8F,0x78,
0x69,0x61,0x61,0x76,0x8A,0x92,0x9F,0x97,0x85,0x7B,0x71,0x66,0x6E,0x78,0x80,0x8D,
0x8F,0x88,0x85,0x83,0x7B,0x7D,0x83,0x7D,0x80,0x80,0x78,0x73,0x73,0x73,0x7B,0x8D,
0x92,0x9A,0x97,0x83,0x71,0x64,0x5F,0x6C,0x85,0x94,0x9F,0x9F,0x8D,0x7B,0x73,0x6C,
0x6C,0x78,0x7B,0x80,0x8A,0x88,0x88,0x8A,0x83,0x7B,0x7D,0x7D,0x80,0x85,0x80,0x78,
0x73,0x6E,0x73,0x88,0x97,0x9F,0x9F,0x8A,0x71,0x64,0x5F,0x66,0x80,0x92,0x94,0x97,
0x8D,0x80,0x7B,0x73,0x6C,0x71,0x73,0x78,0x88,0x8F,0x8D,0x8D,0x83,0x78,0x7B,0x83,
0x85,0x8A,0x85,0x76,0x6C,0x69,0x6E,0x80,0x97,0x9C,0x9C,0x8D,0x76,0x69,0x66,0x66,
0x78,0x88,0x8D,0x97,0x97,0x8A,0x83,0x78,0x6C,0x6C,0x73,0x78,0x85,0x8F,0x8D,0x88,
0x83,0x7B,0x7B,0x83,0x85,0x85,0x85,0x78,0x6E,0x6E,0x6E,0x7B,0x8F,0x97,0x9A,0x94,
0x80,0x6E,0x69,0x66,0x71,0x83,0x8F,0x94,0x97,0x8F,0x83,0x7B,0x71,0x6C,0x73,0x76,
0x7B,0x8A,0x8D,0x8A,0x88,0x83,0x7B,0x80,0x83,0x85,0x88,0x80,0x71,0x6C,0x6C,0x73,
0x8A,0x9A,0x9F,0x9A,0x85,0x71,0x69,0x69,0x6E,0x80,0x8A,0x8D,0x92,0x8F,0x88,0x83,
0x78,0x6C,0x6C,0x6E,0x73,0x85,0x92,0x8D,0x88,0x83,0x7B,0x7D,0x88,0x8A,0x8D,0x85,
0x73,0x66,0x66,0x71,0x83,0x97,0x9C,0x94,0x88,0x76,0x6E,0x6E,0x6E,0x76,0x85,0x8D,
0x8F,0x94,0x92,0x8A,0x7D,0x6E,0x66,0x6E,0x76,0x85,0x8F,0x8A,0x85,0x80,0x7D,0x7B,
0x88,0x8D,0x88,0x85,0x76,0x66,0x69,0x71,0x7D,0x92,0x9A,0x97,0x8F,0x80,0x73,0x6E,
0x6E,0x71,0x7D,0x88,0x8D,0x94,0x94,0x8A,0x83,0x76,0x69,0x69,0x71,0x7B,0x88,0x8D,
0x88,0x83,0x80,0x7B,0x83,0x8D,0x8A,0x88,0x7D,0x6C,0x66,0x6E,0x78,0x8D,0x9A,0x97,
0x8F,0x83,0x76,0x71,0x73,0x71,0x78,0x83,0x85,0x8F,0x97,0x92,0x88,0x7D,0x6C,0x64,
0x6E,0x78,0x85,0x8F,0x88,0x80,0x7D,0x7B,0x80,0x8F,0x8F,0x88,0x7D,0x6E,0x64,0x6C,
0x78,0x85,0x94,0x92,0x8A,0x88,0x7D,0x76,0x73,0x73,0x71,0x7B,0x83,0x8D,0x97,0x9A,
0x8D,0x80,0x71,0x66,0x6E,0x7B,0x83,0x8A,0x88,0x80,0x7D,0x7D,0x80,0x8A,0x8F,0x88,
0x80,0x73,0x69,0x6C,0x78,0x80,0x8D,0x92,0x8D,0x88,0x83,0x78,0x76,0x76,0x73,0x78,
0x83,0x88,0x92,0x9A,0x92,0x85,0x78,0x6C,0x69,0x76,0x7D,0x85,0x88,0x83,0x7B,0x7B,
0x80,0x88,0x92,0x8F,0x83,0x78,0x69,0x69,0x76,0x83,0x8A,0x92,0x8D,0x88,0x85,0x80,
0x7B,0x78,0x73,0x6E,0x78,0x83,0x8D,0x9A,0x9A,0x88,0x78,0x6C,0x66,0x76,0x83,0x85,
0x88,0x80,0x76,0x78,0x83,0x8A,0x94,0x92,0x83,0x76,0x6E,0x6C,0x76,0x80,0x83,0x88,
0x8A,0x88,0x88,0x88,0x80,0x78,0x73,0x6C,0x73,0x83,0x8D,0x9A,0x9A,0x8A,0x7B,0x73,
0x6E,0x76,0x80,0x80,0x83,0x80,0x7B,0x7B,0x83,0x88,0x8D,0x8F,0x83,0x7B,0x73,0x6E,
0x73,0x7B,0x80,0x85,0x8A,0x88,0x88,0x88,0x80,0x78,0x76,0x71,0x73,0x7D,0x88,0x8F,
0x97,0x8F,0x83,0x78,0x71,0x71,0x7B,0x80,0x83,0x85,0x7D,0x76,0x7D,0x85,0x8D,0x97,
0x8F,0x7D,0x73,0x6E,0x6E,0x7B,0x85,0x85,0x88,0x85,0x83,0x85,0x88,0x83,0x7B,0x73,
0x6C,0x71,0x80,0x8F,0x9A,0x97,0x88,0x76,0x71,0x71,0x7D,0x85,0x83,0x80,0x78,0x71,
0x78,0x8A,0x92,0x97,0x8F,0x7B,0x71,0x73,0x76,0x7D,0x83,0x7D,0x7D,0x80,0x85,0x8A,
0x8F,0x88,0x7B,0x6E,0x66,0x71,0x85,0x8F,0x94,0x92,0x83,0x78,0x78,0x7B,0x7D,0x83,
0x80,0x78,0x76,0x78,0x7D,0x8A,0x8F,0x8D,0x8A,0x80,0x78,0x7B,0x78,0x76,0x7B,0x7B,
0x7D,0x85,0x8A,0x88,0x8A,0x83,0x78,0x73,0x73,0x73,0x80,0x88,0x8A,0x8F,0x8A,0x80,
0x7B,0x78,0x76,0x7D,0x80,0x80,0x80,0x7B,0x78,0x80,0x8A,0x8D,0x92,0x8A,0x7B,0x73,
0x73,0x73,0x7B,0x83,0x80,0x80,0x83,0x80,0x85,0x8D,0x85,0x7B,0x73,0x6C,0x73,0x83,
0x8F,0x94,0x92,0x80,0x73,0x73,0x78,0x83,0x8A,0x83,0x78,0x71,0x71,0x7D,0x8F,0x97,
0x92,0x85,0x76,0x73,0x7B,0x80,0x80,0x80,0x78,0x73,0x7B,0x85,0x8D,0x92,0x8A,0x78,
0x6C,0x6C,0x76,0x8A,0x92,0x8F,0x88,0x7B,0x78,0x7D,0x85,0x85,0x85,0x7B,0x6E,0x71,
0x7B,0x85,0x8F,0x8F,0x85,0x80,0x80,0x80,0x83,0x83,0x7B,0x78,0x76,0x78,0x83,0x8A,
0x8D,0x8A,0x83,0x76,0x76,0x78,0x7B,0x83,0x85,0x83,0x83,0x85,0x80,0x80,0x80,0x7B,
0x7B,0x7D,0x7D,0x7B,0x7D,0x80,0x83,0x88,0x8A,0x8A,0x85,0x7D,0x78,0x78,0x78,0x7D,
0x80,0x7D,0x7D,0x80,0x80,0x85,0x8A,0x85,0x7D,0x78,0x73,0x76,0x83,0x8D,0x8D,0x88,
0x7D,0x76,0x78,0x80,0x88,0x88,0x80,0x73,0x6E,0x71,0x80,0x8F,0x94,0x8D,0x83,0x76,
0x73,0x7D,0x85,0x83,0x80,0x78,0x71,0x78,0x88,0x8F,0x92,0x88,0x76,0x6E,0x73,0x7D,
0x8D,0x8F,0x88,0x7B,0x76,0x76,0x83,0x8F,0x8D,0x83,0x76,0x6C,0x6E,0x7D,0x88,0x8D,
0x8A,0x80,0x7B,0x80,0x83,0x88,0x88,0x7D,0x73,0x73,0x78,0x83,0x8D,0x8D,0x85,0x7B,
0x76,0x78,0x83,0x83,0x83,0x80,0x7B,0x7B,0x80,0x85,0x88,0x88,0x80,0x7B,0x7B,0x78,
0x7B,0x80,0x80,0x80,0x85,0x85,0x88,0x88,0x80,0x7B,0x78,0x7B,0x7B,0x80,0x80,0x7D,
0x80,0x80,0x80,0x85,0x85,0x80,0x7D,0x7B,0x7B,0x83,0x88,0x85,0x83,0x7D,0x78,0x7D,
0x85,0x88,0x88,0x80,0x73,0x6E,0x76,0x80,0x8F,0x92,0x88,0x7D,0x78,0x78,0x80,0x88,
0x85,0x80,0x78,0x71,0x78,0x85,0x8D,0x8D,0x85,0x76,0x71,0x7B,0x83,0x8D,0x8D,0x83,
0x76,0x73,0x78,0x85,0x92,0x8D,0x80,0x76,0x6C,0x71,0x83,0x8A,0x8A,0x88,0x7D,0x78,
0x80,0x88,0x8A,0x88,0x7D,0x71,0x71,0x78,0x85,0x8D,0x8A,0x7D,0x78,0x76,0x7B,0x88,
0x8D,0x85,0x7D,0x76,0x76,0x7D,0x88,0x8A,0x8A,0x80,0x78,0x78,0x7B,0x80,0x83,0x80,
0x7B,0x80,0x85,0x85,0x8A,0x88,0x7D,0x78,0x7B,0x7B,0x80,0x83,0x80,0x7D,0x7B,0x7B,
0x83,0x88,0x83,0x80,0x80,0x7B,0x80,0x85,0x83,0x80,0x80,0x7B,0x7D,0x85,0x85,0x85,
0x80,0x76,0x73,0x78,0x80,0x8A,0x8F,0x88,0x7D,0x7B,0x7B,0x80,0x88,0x88,0x7D,0x78,
0x73,0x78,0x83,0x8A,0x88,0x83,0x78,0x76,0x80,0x88,0x8A,0x8A,0x7D,0x73,0x73,0x7B,
0x85,0x8F,0x8D,0x80,0x73,0x6E,0x73,0x83,0x8A,0x88,0x85,0x7B,0x78,0x80,0x8A,0x8A,
0x88,0x7D,0x73,0x73,0x7D,0x85,0x8A,0x85,0x7B,0x76,0x78,0x80,0x8D,0x8F,0x85,0x7B,
0x76,0x73,0x7D,0x8A,0x8A,0x88,0x80,0x78,0x78,0x80,0x83,0x83,0x80,0x7B,0x7B,0x83,
0x85,0x8A,0x88,0x7D,0x78,0x7B,0x7D,0x83,0x85,0x80,0x78,0x78,0x78,0x80,0x88,0x88,
0x83,0x80,0x7B,0x7D,0x83,0x83,0x80,0x80,0x7B,0x7B,0x83,0x88,0x85,0x83,0x7B,0x73,
0x78,0x80,0x85,0x8D,0x85,0x7B,0x7B,0x7B,0x80,0x88,0x88,0x80,0x7B,0x76,0x76,0x83,
0x88,0x85,0x83,0x7B,0x78,0x80,0x88,0x8A,0x8A,0x80,0x73,0x73,0x7B,0x85,0x8D,0x8D,
0x80,0x76,0x73,0x76,0x83,0x8A,0x88,0x80,0x7B,0x78,0x80,0x8A,0x8A,0x88,0x80,0x76,
0x76,0x80,0x85,0x85,0x83,0x78,0x73,0x78,0x80,0x8A,0x8F,0x85,0x7B,0x76,0x76,0x7D,
0x88,0x88,0x83,0x7D,0x78,0x7B,0x83,0x85,0x83,0x80,0x7B,0x78,0x83,0x85,0x88,0x88,
0x80,0x78,0x7D,0x80,0x83,0x85,0x80,0x78,0x78,0x78,0x7D,0x88,0x88,0x83,0x80,0x7D,
0x7D,0x83,0x85,0x80,0x7D,0x7B,0x7B,0x83,0x88,0x85,0x83,0x7B,0x76,0x78,0x80,0x85,
0x8A,0x85,0x7B,0x78,0x7B,0x80,0x88,0x8A,0x83,0x7B,0x76,0x76,0x80,0x88,0x85,0x80,
0x7B,0x78,0x80,0x8A,0x8A,0x88,0x80,0x76,0x73,0x7B,0x83,0x8A,0x8A,0x80,0x78,0x76,
0x78,0x83,0x8A,0x85,0x80,0x78,0x76,0x7D,0x88,0x8A,0x88,0x80,0x78,0x76,0x80,0x85,
0x85,0x83,0x7B,0x73,0x78,0x80,0x88,0x8D,0x88,0x7D,0x78,0x78,0x7D,0x85,0x88,0x83,
0x80,0x7B,0x7B,0x83,0x85,0x83,0x80,0x7D,0x78,0x80,0x85,0x85,0x85,0x80,0x7B,0x7D,
0x80,0x80,0x83,0x80,0x78,0x78,0x7B,0x7D,0x85,0x85,0x83,0x83,0x80,0x80,0x83,0x83,
0x7D,0x7B,0x7B,0x7B,0x80,0x88,0x85,0x80,0x7D,0x78,0x7B,0x83,0x85,0x85,0x80,0x7B,
0x78,0x7D,0x83,0x88,0x8A,0x80,0x78,0x78,0x78,0x80,0x88,0x83,0x7D,0x7B,0x7B,0x80,
0x8A,0x8D,0x88,0x80,0x76,0x73,0x7B,0x85,0x88,0x88,0x80,0x76,0x76,0x7D,0x85,0x8A,
0x88,0x7D,0x78,0x76,0x7D,0x88,0x8A,0x88,0x83,0x78,0x76,0x80,0x85,0x85,0x83,0x7B,
0x73,0x76,0x80,0x88,0x8D,0x8A,0x7D,0x78,0x78,0x7B,0x83,0x85,0x83,0x80,0x7B,0x7B,
0x80,0x88,0x85,0x83,0x7D,0x78,0x7B,0x83,0x83,0x85,0x83,0x7D,0x7D,0x80,0x80,0x80,
0x80,0x7D,0x7B,0x7B,0x7D,0x80,0x83,0x83,0x83,0x83,0x80,0x83,0x80,0x7D,0x7D,0x7D,
0x7D,0x80,0x85,0x80,0x7D,0x80,0x7D,0x80,0x83,0x83,0x80,0x7D,0x7B,0x7B,0x83,0x85,
0x88,0x85,0x7D,0x78,0x7B,0x80,0x83,0x85,0x80,0x7B,0x78,0x7B,0x80,0x8A,0x8D,0x85,
0x7D,0x78,0x76,0x7D,0x88,0x88,0x85,0x7D,0x76,0x78,0x80,0x85,0x8A,0x85,0x7B,0x76,
0x78,0x7D,0x88,0x8D,0x85,0x80,0x7B,0x78,0x80,0x88,0x85,0x83,0x7B,0x73,0x76,0x80,
0x88,0x8A,0x8A,0x7D,0x78,0x7B,0x7D,0x83,0x88,0x83,0x7D,0x7B,0x78,0x80,0x88,0x88,
0x83,0x80,0x78,0x78,0x80,0x85,0x85,0x85,0x7D,0x7B,0x7D,0x80,0x83,0x85,0x80,0x7B,
0x7B,0x7B,0x7D,0x83,0x85,0x83,0x85,0x80,0x80,0x83,0x80,0x80,0x80,0x80,0x80,0x80,
0x80,0x7D,0x83,0x83,0x80,0x83,0x80,0x7B,0x7D,0x7D,0x80,0x83,0x85,0x80,0x80,0x7D,
0x7B,0x80,0x83,0x83,0x80,0x7D,0x78,0x78,0x80,0x85,0x8A,0x88,0x80,0x7B,0x7B,0x7B,
0x80,0x88,0x83,0x7D,0x7B,0x78,0x7D,0x85,0x88,0x88,0x83,0x78,0x76,0x7B,0x83,0x88,
0x88,0x80,0x7B,0x7B,0x7B,0x83,0x88,0x85,0x7D,0x78,0x73,0x78,0x83,0x88,0x8A,0x85,
0x7B,0x78,0x7B,0x83,0x85,0x88,0x83,0x7B,0x78,0x7B,0x83,0x88,0x88,0x83,0x7D,0x7B,
0x78,0x80,0x85,0x85,0x83,0x7D,0x7B,0x7D,0x83,0x83,0x85,0x83,0x7B,0x78,0x7B,0x7D,
0x83,0x85,0x83,0x80,0x80,0x7D,0x80,0x83,0x83,0x83,0x80,0x7B,0x7B,0x7D,0x80,0x83,
0x85,0x80,0x80,0x7D,0x7B,0x7D,0x83,0x83,0x83,0x83,0x7D,0x7D,0x7D,0x80,0x83,0x85,
0x80,0x7D,0x7B,0x78,0x7D,0x83,0x85,0x83,0x83,0x7B,0x7B,0x80,0x83,0x85,0x85,0x80,
0x7B,0x78,0x7B,0x80,0x88,0x88,0x83,0x7D,0x78,0x7B,0x83,0x85,0x85,0x83,0x7D,0x78,
0x7D,0x83,0x85,0x88,0x83,0x7B,0x76,0x78,0x7D,0x85,0x88,0x83,0x7D,0x7B,0x78,0x80,
0x85,0x88,0x85,0x80,0x78,0x78,0x80,0x83,0x88,0x85,0x7D,0x7B,0x7B,0x7D,0x83,0x85,
0x83,0x80,0x7D,0x78,0x7D,0x85,0x85,0x85,0x80,0x7B,0x78,0x7D,0x80,0x83,0x85,0x80,
0x7D,0x7D,0x7D,0x80,0x85,0x85,0x83,0x80,0x7B,0x7B,0x80,0x83,0x83,0x85,0x80,0x7D,
0x7D,0x7D,0x80,0x85,0x83,0x80,0x80,0x7D,0x7D,0x80,0x83,0x85,0x83,0x7D,0x7B,0x7B,
0x7D,0x83,0x85,0x85,0x80,0x7D,0x7B,0x7D,0x83,0x88,0x85,0x83,0x7D,0x78,0x7B,0x80,
0x83,0x85,0x83,0x7B,0x7B,0x7B,0x80,0x85,0x88,0x83,0x7D,0x7B,0x78,0x80,0x85,0x85,
0x83,0x80,0x78,0x78,0x7D,0x83,0x85,0x83,0x7D,0x78,0x78,0x7D,0x85,0x88,0x85,0x80,
0x7B,0x78,0x7D,0x83,0x85,0x85,0x80,0x7B,0x78,0x7D,0x83,0x85,0x88,0x80,0x7B,0x7B,
0x7B,0x80,0x85,0x85,0x80,0x7D,0x7B,0x7B,0x83,0x85,0x85,0x83,0x7D,0x7B,0x7D,0x80,
0x83,0x85,0x85,0x80,0x7D,0x7D,0x7D,0x83,0x83,0x80,0x80,0x7D,0x7B,0x7D,0x83,0x83,
0x85,0x83,0x7D,0x7D,0x7D,0x7D,0x83,0x85,0x83,0x80,0x7D,0x7B,0x80,0x83,0x83,0x83,
0x80,0x7B,0x78,0x7B,0x80,0x85,0x88,0x83,0x7D,0x7D,0x7B,0x80,0x85,0x83,0x83,0x7D,
0x78,0x78,0x80,0x83,0x88,0x88,0x80,0x7B,0x7B,0x7D,0x83,0x88,0x83,0x80,0x7D,0x7B,
0x7D,0x85,0x88,0x85,0x80,0x78,0x76,0x7B,0x80,0x85,0x88,0x83,0x7D,0x7D,0x7D,0x83,
0x88,0x85,0x7D,0x7D,0x78,0x78,0x83,0x85,0x85,0x85,0x7D,0x7B,0x7D,0x80,0x83,0x85,
0x80,0x7B,0x7B,0x7D,0x80,0x85,0x85,0x80,0x7D,0x7B,0x78,0x7D,0x83,0x83,0x83,0x83,
0x7D,0x7D,0x83,0x83,0x83,0x83,0x7D,0x7B,0x7B,0x7B,0x80,0x83,0x83,0x83,0x83,0x7D,
0x7D,0x80,0x80,0x80,0x80,0x7D,0x7D,0x80,0x80,0x83,0x85,0x83,0x80,0x7D,0x7B,0x7B,
0x80,0x80,0x83,0x83,0x80,0x7D,0x80,0x80,0x83,0x85,0x80,0x7D,0x7B,0x78,0x7D,0x85,
0x85,0x85,0x85,0x7D,0x7B,0x7D,0x80,0x83,0x83,0x80,0x7B,0x7B,0x7D,0x83,0x88,0x88,
0x83,0x7D,0x78,0x78,0x80,0x83,0x83,0x83,0x7D,0x7B,0x80,0x83,0x85,0x88,0x83,0x7B,
0x78,0x78,0x7D,0x85,0x88,0x85,0x83,0x7D,0x7D,0x80,0x83,0x80,0x80,0x7D,0x78,0x7B,
0x80,0x85,0x88,0x88,0x80,0x7B,0x7B,0x7B,0x80,0x83,0x80,0x80,0x80,0x7D,0x80,0x85,
0x85,0x83,0x80,0x7B,0x78,0x7B,0x7D,0x83,0x83,0x83,0x80,0x80,0x80,0x80,0x83,0x80,
0x7D,0x7D,0x7B,0x7B,0x83,0x85,0x85,0x88,0x83,0x7D,0x7D,0x7D,0x7D,0x80,0x80,0x80,
0x80,0x80,0x80,0x85,0x85,0x85,0x83,0x7D,0x78,0x7B,0x7D,0x80,0x83,0x85,0x83,0x83,
0x80,0x80,0x83,0x83,0x80,0x7D,0x7B,0x78,0x7D,0x83,0x85,0x88,0x85,0x80,0x7B,0x7B,
0x7B,0x7D,0x80,0x7D,0x7D,0x7D,0x80,0x85,0x88,0x88,0x83,0x7D,0x78,0x78,0x7D,0x80,
0x83,0x83,0x80,0x80,0x80,0x83,0x85,0x85,0x80,0x7B,0x78,0x76,0x7D,0x85,0x88,0x88,
0x85,0x80,0x7D,0x80,0x80,0x7D,0x80,0x7D,0x7B,0x7D,0x80,0x85,0x8A,0x88,0x83,0x7D,
0x78,0x78,0x7D,0x7D,0x7D,0x80,0x80,0x80,0x83,0x85,0x85,0x85,0x80,0x7B,0x78,0x7B,
0x7D,0x83,0x85,0x85,0x83,0x83,0x80,0x80,0x80,0x7D,0x7D,0x7D,0x7B,0x7D,0x83,0x85,
0x88,0x88,0x83,0x7D,0x7B,0x78,0x7B,0x7D,0x7D,0x80,0x83,0x80,0x83,0x85,0x85,0x85,
0x83,0x7B,0x78,0x78,0x7B,0x80,0x85,0x85,0x85,0x83,0x80,0x80,0x80,0x7D,0x7D,0x7D,
0x78,0x78,0x80,0x83,0x88,0x8A,0x85,0x80,0x7D,0x7B,0x7B,0x7D,0x7D,0x7D,0x80,0x80,
0x80,0x85,0x88,0x85,0x83,0x7B,0x76,0x76,0x7B,0x80,0x85,0x85,0x85,0x85,0x83,0x80,
0x83,0x80,0x7D,0x7B,0x78,0x76,0x7D,0x85,0x88,0x8A,0x88,0x80,0x7D,0x7D,0x7B,0x7D,
0x7D,0x7D,0x7D,0x7D,0x80,0x85,0x88,0x85,0x83,0x7D,0x78,0x78,0x7B,0x7D,0x83,0x85,
0x83,0x83,0x83,0x83,0x83,0x83,0x7D,0x7B,0x78,0x76,0x7B,0x83,0x85,0x88,0x88,0x83,
0x7D,0x7D,0x7B,0x7B,0x7D,0x7D,0x7B,0x7D,0x80,0x85,0x8A,0x88,0x85,0x80,0x78,0x76,
0x7B,0x7D,0x80,0x83,0x83,0x83,0x83,0x83,0x83,0x83,0x80,0x7B,0x78,0x76,0x7B,0x83,
0x88,0x88,0x8A,0x85,0x80,0x80,0x7D,0x7B,0x7D,0x7D,0x78,0x7B,0x80,0x83,0x8A,0x8A,
0x85,0x80,0x7B,0x78,0x7B,0x7D,0x7D,0x80,0x83,0x80,0x83,0x85,0x85,0x85,0x80,0x7B,
0x76,0x76,0x78,0x80,0x88,0x88,0x88,0x85,0x80,0x80,0x80,0x7D,0x7D,0x7D,0x78,0x78,
0x80,0x85,0x8A,0x8D,0x88,0x83,0x7D,0x78,0x7B,0x7D,0x7D,0x7D,0x80,0x80,0x83,0x85,
0x88,0x88,0x83,0x7B,0x76,0x76,0x78,0x7D,0x85,0x88,0x88,0x88,0x83,0x80,0x80,0x7D,
0x7D,0x7B,0x78,0x78,0x7D,0x83,0x88,0x8A,0x8A,0x83,0x7D,0x7B,0x78,0x7B,0x7D,0x7D,
0x80,0x80,0x80,0x85,0x88,0x88,0x85,0x80,0x78,0x73,0x76,0x7B,0x83,0x85,0x85,0x85,
0x85,0x83,0x83,0x83,0x7D,0x7B,0x78,0x73,0x78,0x83,0x88,0x8A,0x8A,0x85,0x7D,0x7B,
0x7B,0x7B,0x7D,0x7D,0x7D,0x7D,0x80,0x83,0x8A,0x8D,0x88,0x80,0x78,0x73,0x76,0x7B,
0x80,0x85,0x85,0x85,0x85,0x85,0x85,0x85,0x80,0x7B,0x78,0x73,0x76,0x80,0x88,0x88,
0x8A,0x88,0x80,0x7D,0x7D,0x7B,0x7B,0x7D,0x7B,0x7D,0x80,0x85,0x8A,0x8D,0x88,0x83,
0x7B,0x73,0x76,0x78,0x7D,0x80,0x83,0x83,0x85,0x85,0x85,0x85,0x83,0x7B,0x78,0x76,
0x76,0x7D,0x85,0x88,0x8A,0x88,0x83,0x80,0x80,0x7D,0x7B,0x7D,0x7B,0x7B,0x7D,0x80,
0x88,0x8D,0x8A,0x85,0x7D,0x76,0x73,0x78,0x7B,0x7D,0x83,0x85,0x83,0x85,0x85,0x88,
0x85,0x80,0x78,0x73,0x73,0x78,0x83,0x88,0x8A,0x8A,0x85,0x80,0x80,0x80,0x7D,0x7D,
0x7B,0x78,0x7B,0x80,0x88,0x8D,0x8D,0x88,0x80,0x78,0x76,0x78,0x7B,0x7D,0x80,0x83,
0x83,0x83,0x88,0x8A,0x85,0x80,0x78,0x73,0x73,0x78,0x83,0x88,0x88,0x88,0x85,0x80,
0x83,0x83,0x7D,0x7B,0x7B,0x76,0x78,0x80,0x88,0x8D,0x8D,0x88,0x80,0x7B,0x78,0x78,
0x7B,0x7B,0x7D,0x80,0x83,0x83,0x8A,0x8A,0x85,0x83,0x7B,0x73,0x76,0x78,0x7D,0x83,
0x85,0x85,0x85,0x83,0x83,0x83,0x80,0x7B,0x7B,0x78,0x76,0x7D,0x85,0x88,0x8D,0x8A,
0x83,0x7D,0x78,0x78,0x7B,0x7B,0x7D,0x80,0x80,0x83,0x88,0x8A,0x8A,0x85,0x7D,0x76,
0x73,0x73,0x7B,0x83,0x88,0x88,0x88,0x85,0x83,0x83,0x83,0x7D,0x7B,0x78,0x73,0x78,
0x83,0x88,0x8D,0x8D,0x85,0x7D,0x7B,0x78,0x78,0x7B,0x7B,0x7B,0x7D,0x80,0x88,0x8D,
0x8D,0x88,0x80,0x76,0x71,0x76,0x7B,0x80,0x83,0x85,0x85,0x85,0x83,0x85,0x85,0x80,
0x7B,0x76,0x73,0x76,0x83,0x88,0x8A,0x8D,0x85,0x80,0x7D,0x7D,0x7B,0x7B,0x7B,0x78,
0x7B,0x80,0x88,0x8D,0x8D,0x88,0x83,0x78,0x73,0x76,0x78,0x7B,0x80,0x83,0x85,0x85,
0x85,0x85,0x85,0x80,0x7B,0x78,0x76,0x76,0x80,0x85,0x88,0x8D,0x8A,0x83,0x80,0x7D,
0x7B,0x7B,0x7B,0x7B,0x7B,0x80,0x85,0x8A,0x8D,0x8A,0x85,0x7D,0x73,0x73,0x78,0x7B,
0x80,0x83,0x85,0x85,0x85,0x85,0x85,0x83,0x7D,0x78,0x76,0x73,0x78,0x83,0x88,0x8A,
0x8A,0x85,0x80,0x80,0x7D,0x7B,0x7B,0x78,0x78,0x7B,0x83,0x88,0x8F,0x8D,0x88,0x7D,
0x76,0x73,0x78,0x7B,0x7D,0x80,0x80,0x83,0x85,0x88,0x88,0x85,0x80,0x78,0x73,0x73,
0x78,0x83,0x88,0x88,0x8A,0x88,0x83,0x83,0x80,0x7D,0x7B,0x78,0x76,0x78,0x83,0x88,
0x8D,0x8F,0x88,0x80,0x7B,0x76,0x78,0x7B,0x7B,0x7D,0x83,0x83,0x85,0x88,0x88,0x85,
0x80,0x78,0x76,0x76,0x78,0x7D,0x85,0x85,0x88,0x88,0x83,0x83,0x83,0x7D,0x78,0x78,
0x76,0x78,0x80,0x85,0x8A,0x8F,0x8A,0x85,0x7D,0x78,0x76,0x78,0x7B,0x7D,0x83,0x83,
0x83,0x88,0x88,0x85,0x83,0x7D,0x76,0x76,0x76,0x7B,0x83,0x85,0x88,0x88,0x85,0x83,
0x83,0x80,0x7B,0x7B,0x78,0x76,0x7B,0x83,0x8A,0x8F,0x8D,0x85,0x80,0x7B,0x76,0x78,
0x7B,0x7B,0x7D,0x80,0x83,0x88,0x8A,0x8A,0x88,0x80,0x76,0x73,0x76,0x7B,0x80,0x85,
0x85,0x88,0x85,0x85,0x85,0x83,0x7D,0x78,0x76,0x73,0x78,0x83,0x88,0x8D,0x8D,0x85,
0x80,0x7D,0x78,0x78,0x7B,0x7B,0x7B,0x7D,0x83,0x88,0x8D,0x8A,0x85,0x80,0x7B,0x76,
0x78,0x7B,0x7D,0x83,0x83,0x85,0x85,0x85,0x85,0x83,0x7D,0x78,0x78,0x76,0x78,0x80,
0x85,0x8A,0x8D,0x8A,0x85,0x80,0x7B,0x78,0x78,0x7B,0x7B,0x80,0x83,0x85,0x88,0x8A,
0x85,0x83,0x7D,0x78,0x76,0x78,0x7B,0x80,0x83,0x85,0x85,0x85,0x85,0x83,0x80,0x7B,
0x78,0x76,0x76,0x7B,0x83,0x88,0x8D,0x8D,0x85,0x80,0x7D,0x78,0x78,0x7B,0x7B,0x7D,
0x80,0x83,0x85,0x8A,0x8A,0x85,0x80,0x78,0x76,0x78,0x7B,0x7D,0x83,0x83,0x85,0x85,
0x85,0x85,0x85,0x7D,0x78,0x76,0x73,0x78,0x83,0x88,0x8A,0x8A,0x88,0x83,0x80,0x7D,
0x7B,0x7B,0x7B,0x78,0x7D,0x83,0x85,0x8A,0x8A,0x85,0x80,0x7D,0x78,0x78,0x7B,0x7B,
0x7D,0x83,0x83,0x85,0x88,0x85,0x83,0x80,0x78,0x76,0x76,0x78,0x80,0x85,0x88,0x8A,
0x8A,0x85,0x80,0x7D,0x78,0x78,0x7B,0x7B,0x7D,0x83,0x85,0x88,0x8A,0x85,0x83,0x80,
0x78,0x78,0x78,0x78,0x7D,0x83,0x85,0x85,0x88,0x85,0x83,0x83,0x7D,0x78,0x78,0x76,
0x7B,0x83,0x85,0x8A,0x8A,0x88,0x80,0x7D,0x7B,0x78,0x7B,0x7B,0x7B,0x7D,0x83,0x85,
0x8A,0x8A,0x85,0x80,0x7B,0x76,0x78,0x7B,0x7D,0x80,0x85,0x85,0x85,0x88,0x85,0x83,
0x7D,0x78,0x76,0x76,0x78,0x80,0x85,0x88,0x88,0x85,0x83,0x80,0x80,0x7B,0x7B,0x7B,
0x7B,0x7D,0x83,0x85,0x88,0x88,0x85,0x83,0x7D,0x7B,0x7B,0x7B,0x7B,0x7D,0x80,0x83,
0x85,0x88,0x85,0x83,0x80,0x7B,0x78,0x78,0x7B,0x7D,0x83,0x85,0x88,0x88,0x85,0x83,
0x80,0x7B,0x7B,0x7B,0x7B,0x7D,0x80,0x83,0x85,0x88,0x85,0x83,0x80,0x7B,0x78,0x7B,
0x7B,0x7D,0x83,0x83,0x83,0x85,0x85,0x83,0x83,0x80,0x7B,0x7B,0x78,0x7B,0x80,0x85,
0x88,0x88,0x85,0x80,0x80,0x7D,0x7D,0x7D,0x7D,0x7B,0x7D,0x80,0x83,0x85,0x88,0x83,
0x80,0x7D,0x7B,0x7D,0x7D,0x7D,0x80,0x80,0x80,0x83,0x85,0x85,0x85,0x80,0x7B,0x78,
0x78,0x7B,0x80,0x83,0x85,0x85,0x83,0x80,0x80,0x80,0x7D,0x7D,0x7D,0x7B,0x7D,0x80,
0x83,0x85,0x85,0x83,0x80,0x7D,0x7D,0x7D,0x7D,0x7D,0x7D,0x80,0x80,0x83,0x85,0x85,
0x83,0x80,0x7D,0x7B,0x7B,0x7B,0x7D,0x80,0x83,0x85,0x85,0x83,0x80,0x80,0x7D,0x7D,
0x7D,0x7D,0x7D,0x80,0x80,0x83,0x85,0x85,0x83,0x80,0x7D,0x7D,0x7D,0x7D,0x7D,0x80,
0x80,0x80,0x83,0x83,0x83,0x83,0x80,0x7D,0x7B,0x7B,0x7D,0x80,0x83,0x85,0x83,0x83,
0x80,0x80,0x80,0x7D,0x7D,0x7D,0x7D,0x7D,0x80,0x80,0x85,0x85,0x83,0x80,0x7D,0x7D,
0x7D,0x7D,0x7D,0x7D,0x7D,0x80,0x83,0x85,0x85,0x83,0x80,0x7D,0x7B,0x7B,0x7D,0x80,
0x83,0x83,0x83,0x83,0x80,0x80,0x80,0x80,0x7D,0x7D,0x7D,0x7D,0x80,0x83,0x83,0x83,
0x83,0x80,0x80,0x80,0x80,0x80,0x7D,0x7D,0x7D,0x80,0x83,0x85,0x85,0x83,0x80,0x7D,
0x7D,0x7D,0x7D,0x7D,0x80,0x80,0x80,0x83,0x83,0x80,0x80,0x80,0x7D,0x7D,0x7D,0x7D,
0x80,0x80,0x83,0x83,0x83,0x80,0x80,0x80,0x7D,0x7D,0x80,0x7D,0x80,0x80,0x80,0x83,
0x83,0x83,0x83,0x80,0x7D,0x7D,0x7D,0x7D,0x80,0x83,0x83,0x83,0x80,0x80,0x80,0x80,
0x80,0x7D,0x7D,0x7D,0x7D,0x80,0x83,0x83,0x83,0x80,0x80,0x80,0x80,0x80,0x80,0x80,
0x7D,0x7D,0x7D,0x80,0x83,0x85,0x83,0x80,0x7D,0x7D,0x7D,0x80,0x80,0x80,0x80,0x80,
0x80,0x80,0x83,0x83,0x80,0x7D,0x7D,0x7D,0x7D,0x80,0x83,0x83,0x83,0x80,0x80,0x80,
0x80,0x80,0x80,0x7D,0x7D,0x7D,0x7D,0x80,0x83,0x83,0x83,0x80,0x80,0x80,0x80,0x80,
0x7D,0x80,0x80,0x80,0x80,0x83,0x83,0x80,0x80,0x7D,0x7D,0x7D,0x7D,0x80,0x83,0x83,
0x83,0x83,0x80,0x80,0x80,0x80,0x80,0x80,0x7D,0x7D,0x80,0x80,0x83,0x83,0x83,0x80,
0x80,0x7D,0x7D,0x80,0x80,0x80,0x80,0x80,0x80,0x80,0x80,0x83,0x83,0x80,0x7D,0x7D,
0x7D,0x80,0x80,0x83,0x83,0x80,0x80,0x80,0x80,0x80,0x80,0x80,0x7D,0x7D,0x7D,0x80,
0x80,0x83,0x85,0x83,0x80,0x80,0x7D,0x80,0x80,0x80,0x80,0x80,0x80,0x80,0x83,0x83,
0x83,0x80,0x7D,0x7D,0x7D,0x80,0x80,0x80,0x80,0x80,0x80,0x80,0x80,0x83,0x80,0x80,
0x7D,0x7D,0x7D,0x80,0x83,0x83,0x83,0x83,0x80,0x80,0x80,0x80,0x80,0x7D,0x7D,0x80,
0x80,0x80,0x83,0x83,0x80,0x80,0x80,0x7D,0x80,0x80,0x80,0x80,0x80,0x80,0x80,0x80,
0x80,0x80,0x80,0x80,0x7D,0x7D,0x7D,0x7D,0x80,0x80,0x83,0x83,0x83,0x80,0x80,0x80,
0x80,0x80,0x80,0x80,0x80,0x80,0x80,0x83,0x83,0x80,0x80,0x7D,0x80,0x80,0x80,0x80,
0x80,0x80,0x80,0x80,0x80,0x80,0x83,0x80,0x80,0x7D,0x7D,0x7D,0x80,0x83,0x83,0x83,
0x80,0x80,0x80,0x80,0x80,0x80,0x80,0x7D,0x7D,0x80,0x80,0x83,0x83,0x80,0x80,0x7D,
0x7D,0x80,0x80,0x80,0x80,0x80,0x80,0x80,0x80,0x83,0x83,0x80,0x80,0x7D,0x7D,0x7D,
0x80,0x83,0x83,0x83,0x80,0x80,0x80,0x80,0x80,0x80,0x7D,0x7D,0x80,0x80,0x83,0x83,
0x83,0x80,0x80,0x80,0x80,0x80,0x80,0x80,0x80,0x80,0x80,0x80,0x80,0x83,0x83,0x80,
0x80,0x7D,0x7D,0x7D,0x80,0x80,0x80,0x83,0x83,0x80,0x80,0x80,0x80,0x80,0x80,0x7D,
0x7D,0x80,0x80,0x80,0x83,0x80,0x80,0x80,0x80,0x80,0x80,0x80,0x80,0x80,0x80,0x80,
0x80,0x80,0x83,0x80,0x80,0x80,0x7D,0x7D,0x80,0x80,0x83,0x83,0x83,0x80,0x80,0x80,
0x80,0x80,0x80,0x7D,0x7D,0x80,0x80,0x83,0x83,0x83,0x80,0x80,0x80,0x80,0x80,0x80,
0x80,0x80,0x80,0x80,0x80,0x80,0x83,0x83,0x80,0x80,0x7D,0x7D,0x80,0x80,0x83,0x83,
0x80,0x80,0x80,0x80,0x80,0x80,0x80,0x7D,0x7D,0x7D,0x80,0x80,0x83,0x80,0x80,0x80,
0x80,0x80,0x80,0x80,0x80,0x80,0x80,0x80,0x80,0x80,0x80,0x80,0x80,0x80,0x80,0x80,
0x80,0x80,0x80,0x80,0x80,0x80,0x80,0x80,0x80,0x80,0x80,0x7D,0x80,0x80,0x80,0x80,
0x80,0x80,0x80,0x80,0x80,0x80,0x80,0x80,0x80,0x80,0x80,0x80,0x80,0x80,0x80,0x83,
0x80,0x80,0x7D,0x7D,0x80,0x80,0x80,0x80,0x80,0x80,0x80,0x80,0x80,0x80,0x80,0x80,
0x7D,0x7D,0x80,0x80,0x83,0x83,0x80,0x80,0x80,0x80,0x80,0x80,0x80,0x80,0x80,0x7D,
0x80,0x80,0x80,0x83,0x80,0x80,0x80,0x7D,0x80,0x80,0x80,0x80,0x80,0x80,0x80,0x80,
0x80,0x80,0x80,0x7D,0x7D,0x7D,0x80,0x80,0x80,0x80,0x80,0x80,0x80,0x80,0x80,0x80,
0x80,0x80,0x7D,0x80,0x80,0x80,0x80,0x80,0x80,0x80,0x80,0x80,0x80,0x80,0x80,0x80,
0x80,0x80,0x80,0x83,0x83,0x80,0x80,0x7D,0x7D,0x7D,0x80,0x80,0x80,0x80,0x83,0x80,
0x80,0x80,0x80,0x80,0x80,0x80,0x80,0x80,0x80,0x80,0x80,0x80,0x80,0x80,0x80,0x80,
0x80,0x80,0x80,0x80,0x80,0x80,0x80,0x80,0x80,0x80,0x80,0x80,0x80,0x7D,0x80,0x80,
0x80,0x80,0x80,0x80,0x80,0x80,0x80,0x80,0x80,0x80,0x80,0x7D,0x80,0x80,0x80,0x80,
0x80,0x80,0x80,0x80,0x80,0x80,0x80,0x80,0x80,0x80,0x80,0x80,0x80,0x80,0x80,0x80,
0xff
};

// 440Hz sin波
const uint8_t SOUND_NO2[] = {
0x7F,0xB7,0xE4,0xFB,0xF9,0xDD,0xAD,0x74,0x3D,0x13,0x00,0x07,0x28,0x5A,0x94,0xC9,
0xEF,0xFD,0xF1,0xCD,0x99,0x5F,0x2C,0x09,0x00,0x11,0x38,0x6F,0xA8,0xD9,0xF7,0xFC,
0xE7,0xBC,0x84,0x4B,0x1D,0x03,0x03,0x1D,0x4B,0x84,0xBC,0xE7,0xFC,0xF7,0xD9,0xA8,
0x6F,0x38,0x11,0x00,0x09,0x2C,0x5F,0x99,0xCD,0xF1,0xFD,0xEF,0xC9,0x94,0x5A,0x28,
0x07,0x00,0x13,0x3D,0x74,0xAD,0xDD,0xF9,0xFB,0xE4,0xB7,0x7F,0x46,0x19,0x02,0x04,
0x20,0x50,0x89,0xC0,0xEA,0xFD,0xF6,0xD5,0xA3,0x69,0x34,0x0E,0x00,0x0C,0x30,0x64,
0x9E,0xD1,0xF4,0xFD,0xEC,0xC5,0x8E,0x55,0x24,0x06,0x01,0x16,0x41,0x79,0xB2,0xE0,
0xFA,0xFA,0xE0,0xB2,0x79,0x41,0x16,0x01,0x06,0x24,0x55,0x8E,0xC5,0xEC,0xFD,0xF4,
0xD1,0x9E,0x64,0x30,0x0C,0x00,0x0E,0x34,0x69,0xA3,0xD5,0xF6,0xFD,0xEA,0xC0,0x89,
0x50,0x20,0x04,0x02,0x19,0x46,
0x7F,0xB7,0xE4,0xFB,0xF9,0xDD,0xAD,0x74,0x3D,0x13,0x00,0x07,0x28,0x5A,0x94,0xC9,
0xEF,0xFD,0xF1,0xCD,0x99,0x5F,0x2C,0x09,0x00,0x11,0x38,0x6F,0xA8,0xD9,0xF7,0xFC,
0xE7,0xBC,0x84,0x4B,0x1D,0x03,0x03,0x1D,0x4B,0x84,0xBC,0xE7,0xFC,0xF7,0xD9,0xA8,
0x6F,0x38,0x11,0x00,0x09,0x2C,0x5F,0x99,0xCD,0xF1,0xFD,0xEF,0xC9,0x94,0x5A,0x28,
0x07,0x00,0x13,0x3D,0x74,0xAD,0xDD,0xF9,0xFB,0xE4,0xB7,0x7F,0x46,0x19,0x02,0x04,
0x20,0x50,0x89,0xC0,0xEA,0xFD,0xF6,0xD5,0xA3,0x69,0x34,0x0E,0x00,0x0C,0x30,0x64,
0x9E,0xD1,0xF4,0xFD,0xEC,0xC5,0x8E,0x55,0x24,0x06,0x01,0x16,0x41,0x79,0xB2,0xE0,
0xFA,0xFA,0xE0,0xB2,0x79,0x41,0x16,0x01,0x06,0x24,0x55,0x8E,0xC5,0xEC,0xFD,0xF4,
0xD1,0x9E,0x64,0x30,0x0C,0x00,0x0E,0x34,0x69,0xA3,0xD5,0xF6,0xFD,0xEA,0xC0,0x89,
0x50,0x20,0x04,0x02,0x19,0x46,
0x7F,0xB7,0xE4,0xFB,0xF9,0xDD,0xAD,0x74,0x3D,0x13,0x00,0x07,0x28,0x5A,0x94,0xC9,
0xEF,0xFD,0xF1,0xCD,0x99,0x5F,0x2C,0x09,0x00,0x11,0x38,0x6F,0xA8,0xD9,0xF7,0xFC,
0xE7,0xBC,0x84,0x4B,0x1D,0x03,0x03,0x1D,0x4B,0x84,0xBC,0xE7,0xFC,0xF7,0xD9,0xA8,
0x6F,0x38,0x11,0x00,0x09,0x2C,0x5F,0x99,0xCD,0xF1,0xFD,0xEF,0xC9,0x94,0x5A,0x28,
0x07,0x00,0x13,0x3D,0x74,0xAD,0xDD,0xF9,0xFB,0xE4,0xB7,0x7F,0x46,0x19,0x02,0x04,
0x20,0x50,0x89,0xC0,0xEA,0xFD,0xF6,0xD5,0xA3,0x69,0x34,0x0E,0x00,0x0C,0x30,0x64,
0x9E,0xD1,0xF4,0xFD,0xEC,0xC5,0x8E,0x55,0x24,0x06,0x01,0x16,0x41,0x79,0xB2,0xE0,
0xFA,0xFA,0xE0,0xB2,0x79,0x41,0x16,0x01,0x06,0x24,0x55,0x8E,0xC5,0xEC,0xFD,0xF4,
0xD1,0x9E,0x64,0x30,0x0C,0x00,0x0E,0x34,0x69,0xA3,0xD5,0xF6,0xFD,0xEA,0xC0,0x89,
0x50,0x20,0x04,0x02,0x19,0x46,
0x7F,0xB7,0xE4,0xFB,0xF9,0xDD,0xAD,0x74,0x3D,0x13,0x00,0x07,0x28,0x5A,0x94,0xC9,
0xEF,0xFD,0xF1,0xCD,0x99,0x5F,0x2C,0x09,0x00,0x11,0x38,0x6F,0xA8,0xD9,0xF7,0xFC,
0xE7,0xBC,0x84,0x4B,0x1D,0x03,0x03,0x1D,0x4B,0x84,0xBC,0xE7,0xFC,0xF7,0xD9,0xA8,
0x6F,0x38,0x11,0x00,0x09,0x2C,0x5F,0x99,0xCD,0xF1,0xFD,0xEF,0xC9,0x94,0x5A,0x28,
0x07,0x00,0x13,0x3D,0x74,0xAD,0xDD,0xF9,0xFB,0xE4,0xB7,0x7F,0x46,0x19,0x02,0x04,
0x20,0x50,0x89,0xC0,0xEA,0xFD,0xF6,0xD5,0xA3,0x69,0x34,0x0E,0x00,0x0C,0x30,0x64,
0x9E,0xD1,0xF4,0xFD,0xEC,0xC5,0x8E,0x55,0x24,0x06,0x01,0x16,0x41,0x79,0xB2,0xE0,
0xFA,0xFA,0xE0,0xB2,0x79,0x41,0x16,0x01,0x06,0x24,0x55,0x8E,0xC5,0xEC,0xFD,0xF4,
0xD1,0x9E,0x64,0x30,0x0C,0x00,0x0E,0x34,0x69,0xA3,0xD5,0xF6,0xFD,0xEA,0xC0,0x89,
0x50,0x20,0x04,0x02,0x19,0x46,
0x7F,0xB7,0xE4,0xFB,0xF9,0xDD,0xAD,0x74,0x3D,0x13,0x00,0x07,0x28,0x5A,0x94,0xC9,
0xEF,0xFD,0xF1,0xCD,0x99,0x5F,0x2C,0x09,0x00,0x11,0x38,0x6F,0xA8,0xD9,0xF7,0xFC,
0xE7,0xBC,0x84,0x4B,0x1D,0x03,0x03,0x1D,0x4B,0x84,0xBC,0xE7,0xFC,0xF7,0xD9,0xA8,
0x6F,0x38,0x11,0x00,0x09,0x2C,0x5F,0x99,0xCD,0xF1,0xFD,0xEF,0xC9,0x94,0x5A,0x28,
0x07,0x00,0x13,0x3D,0x74,0xAD,0xDD,0xF9,0xFB,0xE4,0xB7,0x7F,0x46,0x19,0x02,0x04,
0x20,0x50,0x89,0xC0,0xEA,0xFD,0xF6,0xD5,0xA3,0x69,0x34,0x0E,0x00,0x0C,0x30,0x64,
0x9E,0xD1,0xF4,0xFD,0xEC,0xC5,0x8E,0x55,0x24,0x06,0x01,0x16,0x41,0x79,0xB2,0xE0,
0xFA,0xFA,0xE0,0xB2,0x79,0x41,0x16,0x01,0x06,0x24,0x55,0x8E,0xC5,0xEC,0xFD,0xF4,
0xD1,0x9E,0x64,0x30,0x0C,0x00,0x0E,0x34,0x69,0xA3,0xD5,0xF6,0xFD,0xEA,0xC0,0x89,
0x50,0x20,0x04,0x02,0x19,0x46,
0x7F,0xB7,0xE4,0xFB,0xF9,0xDD,0xAD,0x74,0x3D,0x13,0x00,0x07,0x28,0x5A,0x94,0xC9,
0xEF,0xFD,0xF1,0xCD,0x99,0x5F,0x2C,0x09,0x00,0x11,0x38,0x6F,0xA8,0xD9,0xF7,0xFC,
0xE7,0xBC,0x84,0x4B,0x1D,0x03,0x03,0x1D,0x4B,0x84,0xBC,0xE7,0xFC,0xF7,0xD9,0xA8,
0x6F,0x38,0x11,0x00,0x09,0x2C,0x5F,0x99,0xCD,0xF1,0xFD,0xEF,0xC9,0x94,0x5A,0x28,
0x07,0x00,0x13,0x3D,0x74,0xAD,0xDD,0xF9,0xFB,0xE4,0xB7,0x7F,0x46,0x19,0x02,0x04,
0x20,0x50,0x89,0xC0,0xEA,0xFD,0xF6,0xD5,0xA3,0x69,0x34,0x0E,0x00,0x0C,0x30,0x64,
0x9E,0xD1,0xF4,0xFD,0xEC,0xC5,0x8E,0x55,0x24,0x06,0x01,0x16,0x41,0x79,0xB2,0xE0,
0xFA,0xFA,0xE0,0xB2,0x79,0x41,0x16,0x01,0x06,0x24,0x55,0x8E,0xC5,0xEC,0xFD,0xF4,
0xD1,0x9E,0x64,0x30,0x0C,0x00,0x0E,0x34,0x69,0xA3,0xD5,0xF6,0xFD,0xEA,0xC0,0x89,
0x50,0x20,0x04,0x02,0x19,0x46,
0x7F,0xB7,0xE4,0xFB,0xF9,0xDD,0xAD,0x74,0x3D,0x13,0x00,0x07,0x28,0x5A,0x94,0xC9,
0xEF,0xFD,0xF1,0xCD,0x99,0x5F,0x2C,0x09,0x00,0x11,0x38,0x6F,0xA8,0xD9,0xF7,0xFC,
0xE7,0xBC,0x84,0x4B,0x1D,0x03,0x03,0x1D,0x4B,0x84,0xBC,0xE7,0xFC,0xF7,0xD9,0xA8,
0x6F,0x38,0x11,0x00,0x09,0x2C,0x5F,0x99,0xCD,0xF1,0xFD,0xEF,0xC9,0x94,0x5A,0x28,
0x07,0x00,0x13,0x3D,0x74,0xAD,0xDD,0xF9,0xFB,0xE4,0xB7,0x7F,0x46,0x19,0x02,0x04,
0x20,0x50,0x89,0xC0,0xEA,0xFD,0xF6,0xD5,0xA3,0x69,0x34,0x0E,0x00,0x0C,0x30,0x64,
0x9E,0xD1,0xF4,0xFD,0xEC,0xC5,0x8E,0x55,0x24,0x06,0x01,0x16,0x41,0x79,0xB2,0xE0,
0xFA,0xFA,0xE0,0xB2,0x79,0x41,0x16,0x01,0x06,0x24,0x55,0x8E,0xC5,0xEC,0xFD,0xF4,
0xD1,0x9E,0x64,0x30,0x0C,0x00,0x0E,0x34,0x69,0xA3,0xD5,0xF6,0xFD,0xEA,0xC0,0x89,
0x50,0x20,0x04,0x02,0x19,0x46,
0x7F,0xB7,0xE4,0xFB,0xF9,0xDD,0xAD,0x74,0x3D,0x13,0x00,0x07,0x28,0x5A,0x94,0xC9,
0xEF,0xFD,0xF1,0xCD,0x99,0x5F,0x2C,0x09,0x00,0x11,0x38,0x6F,0xA8,0xD9,0xF7,0xFC,
0xE7,0xBC,0x84,0x4B,0x1D,0x03,0x03,0x1D,0x4B,0x84,0xBC,0xE7,0xFC,0xF7,0xD9,0xA8,
0x6F,0x38,0x11,0x00,0x09,0x2C,0x5F,0x99,0xCD,0xF1,0xFD,0xEF,0xC9,0x94,0x5A,0x28,
0x07,0x00,0x13,0x3D,0x74,0xAD,0xDD,0xF9,0xFB,0xE4,0xB7,0x7F,0x46,0x19,0x02,0x04,
0x20,0x50,0x89,0xC0,0xEA,0xFD,0xF6,0xD5,0xA3,0x69,0x34,0x0E,0x00,0x0C,0x30,0x64,
0x9E,0xD1,0xF4,0xFD,0xEC,0xC5,0x8E,0x55,0x24,0x06,0x01,0x16,0x41,0x79,0xB2,0xE0,
0xFA,0xFA,0xE0,0xB2,0x79,0x41,0x16,0x01,0x06,0x24,0x55,0x8E,0xC5,0xEC,0xFD,0xF4,
0xD1,0x9E,0x64,0x30,0x0C,0x00,0x0E,0x34,0x69,0xA3,0xD5,0xF6,0xFD,0xEA,0xC0,0x89,
0x50,0x20,0x04,0x02,0x19,0x46,
0x7F,0xB7,0xE4,0xFB,0xF9,0xDD,0xAD,0x74,0x3D,0x13,0x00,0x07,0x28,0x5A,0x94,0xC9,
0xEF,0xFD,0xF1,0xCD,0x99,0x5F,0x2C,0x09,0x00,0x11,0x38,0x6F,0xA8,0xD9,0xF7,0xFC,
0xE7,0xBC,0x84,0x4B,0x1D,0x03,0x03,0x1D,0x4B,0x84,0xBC,0xE7,0xFC,0xF7,0xD9,0xA8,
0x6F,0x38,0x11,0x00,0x09,0x2C,0x5F,0x99,0xCD,0xF1,0xFD,0xEF,0xC9,0x94,0x5A,0x28,
0x07,0x00,0x13,0x3D,0x74,0xAD,0xDD,0xF9,0xFB,0xE4,0xB7,0x7F,0x46,0x19,0x02,0x04,
0x20,0x50,0x89,0xC0,0xEA,0xFD,0xF6,0xD5,0xA3,0x69,0x34,0x0E,0x00,0x0C,0x30,0x64,
0x9E,0xD1,0xF4,0xFD,0xEC,0xC5,0x8E,0x55,0x24,0x06,0x01,0x16,0x41,0x79,0xB2,0xE0,
0xFA,0xFA,0xE0,0xB2,0x79,0x41,0x16,0x01,0x06,0x24,0x55,0x8E,0xC5,0xEC,0xFD,0xF4,
0xD1,0x9E,0x64,0x30,0x0C,0x00,0x0E,0x34,0x69,0xA3,0xD5,0xF6,0xFD,0xEA,0xC0,0x89,
0x50,0x20,0x04,0x02,0x19,0x46,
0x7F,0xB7,0xE4,0xFB,0xF9,0xDD,0xAD,0x74,0x3D,0x13,0x00,0x07,0x28,0x5A,0x94,0xC9,
0xEF,0xFD,0xF1,0xCD,0x99,0x5F,0x2C,0x09,0x00,0x11,0x38,0x6F,0xA8,0xD9,0xF7,0xFC,
0xE7,0xBC,0x84,0x4B,0x1D,0x03,0x03,0x1D,0x4B,0x84,0xBC,0xE7,0xFC,0xF7,0xD9,0xA8,
0x6F,0x38,0x11,0x00,0x09,0x2C,0x5F,0x99,0xCD,0xF1,0xFD,0xEF,0xC9,0x94,0x5A,0x28,
0x07,0x00,0x13,0x3D,0x74,0xAD,0xDD,0xF9,0xFB,0xE4,0xB7,0x7F,0x46,0x19,0x02,0x04,
0x20,0x50,0x89,0xC0,0xEA,0xFD,0xF6,0xD5,0xA3,0x69,0x34,0x0E,0x00,0x0C,0x30,0x64,
0x9E,0xD1,0xF4,0xFD,0xEC,0xC5,0x8E,0x55,0x24,0x06,0x01,0x16,0x41,0x79,0xB2,0xE0,
0xFA,0xFA,0xE0,0xB2,0x79,0x41,0x16,0x01,0x06,0x24,0x55,0x8E,0xC5,0xEC,0xFD,0xF4,
0xD1,0x9E,0x64,0x30,0x0C,0x00,0x0E,0x34,0x69,0xA3,0xD5,0xF6,0xFD,0xEA,0xC0,0x89,
0x50,0x20,0x04,0x02,0x19,0x46,
0x7F,0xB7,0xE4,0xFB,0xF9,0xDD,0xAD,0x74,0x3D,0x13,0x00,0x07,0x28,0x5A,0x94,0xC9,
0xEF,0xFD,0xF1,0xCD,0x99,0x5F,0x2C,0x09,0x00,0x11,0x38,0x6F,0xA8,0xD9,0xF7,0xFC,
0xE7,0xBC,0x84,0x4B,0x1D,0x03,0x03,0x1D,0x4B,0x84,0xBC,0xE7,0xFC,0xF7,0xD9,0xA8,
0x6F,0x38,0x11,0x00,0x09,0x2C,0x5F,0x99,0xCD,0xF1,0xFD,0xEF,0xC9,0x94,0x5A,0x28,
0x07,0x00,0x13,0x3D,0x74,0xAD,0xDD,0xF9,0xFB,0xE4,0xB7,0x7F,0x46,0x19,0x02,0x04,
0x20,0x50,0x89,0xC0,0xEA,0xFD,0xF6,0xD5,0xA3,0x69,0x34,0x0E,0x00,0x0C,0x30,0x64,
0x9E,0xD1,0xF4,0xFD,0xEC,0xC5,0x8E,0x55,0x24,0x06,0x01,0x16,0x41,0x79,0xB2,0xE0,
0xFA,0xFA,0xE0,0xB2,0x79,0x41,0x16,0x01,0x06,0x24,0x55,0x8E,0xC5,0xEC,0xFD,0xF4,
0xD1,0x9E,0x64,0x30,0x0C,0x00,0x0E,0x34,0x69,0xA3,0xD5,0xF6,0xFD,0xEA,0xC0,0x89,
0x50,0x20,0x04,0x02,0x19,0x46,
0x7F,0xB7,0xE4,0xFB,0xF9,0xDD,0xAD,0x74,0x3D,0x13,0x00,0x07,0x28,0x5A,0x94,0xC9,
0xEF,0xFD,0xF1,0xCD,0x99,0x5F,0x2C,0x09,0x00,0x11,0x38,0x6F,0xA8,0xD9,0xF7,0xFC,
0xE7,0xBC,0x84,0x4B,0x1D,0x03,0x03,0x1D,0x4B,0x84,0xBC,0xE7,0xFC,0xF7,0xD9,0xA8,
0x6F,0x38,0x11,0x00,0x09,0x2C,0x5F,0x99,0xCD,0xF1,0xFD,0xEF,0xC9,0x94,0x5A,0x28,
0x07,0x00,0x13,0x3D,0x74,0xAD,0xDD,0xF9,0xFB,0xE4,0xB7,0x7F,0x46,0x19,0x02,0x04,
0x20,0x50,0x89,0xC0,0xEA,0xFD,0xF6,0xD5,0xA3,0x69,0x34,0x0E,0x00,0x0C,0x30,0x64,
0x9E,0xD1,0xF4,0xFD,0xEC,0xC5,0x8E,0x55,0x24,0x06,0x01,0x16,0x41,0x79,0xB2,0xE0,
0xFA,0xFA,0xE0,0xB2,0x79,0x41,0x16,0x01,0x06,0x24,0x55,0x8E,0xC5,0xEC,0xFD,0xF4,
0xD1,0x9E,0x64,0x30,0x0C,0x00,0x0E,0x34,0x69,0xA3,0xD5,0xF6,0xFD,0xEA,0xC0,0x89,
0x50,0x20,0x04,0x02,0x19,0x46,
0x7F,0xB7,0xE4,0xFB,0xF9,0xDD,0xAD,0x74,0x3D,0x13,0x00,0x07,0x28,0x5A,0x94,0xC9,
0xEF,0xFD,0xF1,0xCD,0x99,0x5F,0x2C,0x09,0x00,0x11,0x38,0x6F,0xA8,0xD9,0xF7,0xFC,
0xE7,0xBC,0x84,0x4B,0x1D,0x03,0x03,0x1D,0x4B,0x84,0xBC,0xE7,0xFC,0xF7,0xD9,0xA8,
0x6F,0x38,0x11,0x00,0x09,0x2C,0x5F,0x99,0xCD,0xF1,0xFD,0xEF,0xC9,0x94,0x5A,0x28,
0x07,0x00,0x13,0x3D,0x74,0xAD,0xDD,0xF9,0xFB,0xE4,0xB7,0x7F,0x46,0x19,0x02,0x04,
0x20,0x50,0x89,0xC0,0xEA,0xFD,0xF6,0xD5,0xA3,0x69,0x34,0x0E,0x00,0x0C,0x30,0x64,
0x9E,0xD1,0xF4,0xFD,0xEC,0xC5,0x8E,0x55,0x24,0x06,0x01,0x16,0x41,0x79,0xB2,0xE0,
0xFA,0xFA,0xE0,0xB2,0x79,0x41,0x16,0x01,0x06,0x24,0x55,0x8E,0xC5,0xEC,0xFD,0xF4,
0xD1,0x9E,0x64,0x30,0x0C,0x00,0x0E,0x34,0x69,0xA3,0xD5,0xF6,0xFD,0xEA,0xC0,0x89,
0x50,0x20,0x04,0x02,0x19,0x46,
0x7F,0xB7,0xE4,0xFB,0xF9,0xDD,0xAD,0x74,0x3D,0x13,0x00,0x07,0x28,0x5A,0x94,0xC9,
0xEF,0xFD,0xF1,0xCD,0x99,0x5F,0x2C,0x09,0x00,0x11,0x38,0x6F,0xA8,0xD9,0xF7,0xFC,
0xE7,0xBC,0x84,0x4B,0x1D,0x03,0x03,0x1D,0x4B,0x84,0xBC,0xE7,0xFC,0xF7,0xD9,0xA8,
0x6F,0x38,0x11,0x00,0x09,0x2C,0x5F,0x99,0xCD,0xF1,0xFD,0xEF,0xC9,0x94,0x5A,0x28,
0x07,0x00,0x13,0x3D,0x74,0xAD,0xDD,0xF9,0xFB,0xE4,0xB7,0x7F,0x46,0x19,0x02,0x04,
0x20,0x50,0x89,0xC0,0xEA,0xFD,0xF6,0xD5,0xA3,0x69,0x34,0x0E,0x00,0x0C,0x30,0x64,
0x9E,0xD1,0xF4,0xFD,0xEC,0xC5,0x8E,0x55,0x24,0x06,0x01,0x16,0x41,0x79,0xB2,0xE0,
0xFA,0xFA,0xE0,0xB2,0x79,0x41,0x16,0x01,0x06,0x24,0x55,0x8E,0xC5,0xEC,0xFD,0xF4,
0xD1,0x9E,0x64,0x30,0x0C,0x00,0x0E,0x34,0x69,0xA3,0xD5,0xF6,0xFD,0xEA,0xC0,0x89,
0x50,0x20,0x04,0x02,0x19,0x46,
0x7F,0xB7,0xE4,0xFB,0xF9,0xDD,0xAD,0x74,0x3D,0x13,0x00,0x07,0x28,0x5A,0x94,0xC9,
0xEF,0xFD,0xF1,0xCD,0x99,0x5F,0x2C,0x09,0x00,0x11,0x38,0x6F,0xA8,0xD9,0xF7,0xFC,
0xE7,0xBC,0x84,0x4B,0x1D,0x03,0x03,0x1D,0x4B,0x84,0xBC,0xE7,0xFC,0xF7,0xD9,0xA8,
0x6F,0x38,0x11,0x00,0x09,0x2C,0x5F,0x99,0xCD,0xF1,0xFD,0xEF,0xC9,0x94,0x5A,0x28,
0x07,0x00,0x13,0x3D,0x74,0xAD,0xDD,0xF9,0xFB,0xE4,0xB7,0x7F,0x46,0x19,0x02,0x04,
0x20,0x50,0x89,0xC0,0xEA,0xFD,0xF6,0xD5,0xA3,0x69,0x34,0x0E,0x00,0x0C,0x30,0x64,
0x9E,0xD1,0xF4,0xFD,0xEC,0xC5,0x8E,0x55,0x24,0x06,0x01,0x16,0x41,0x79,0xB2,0xE0,
0xFA,0xFA,0xE0,0xB2,0x79,0x41,0x16,0x01,0x06,0x24,0x55,0x8E,0xC5,0xEC,0xFD,0xF4,
0xD1,0x9E,0x64,0x30,0x0C,0x00,0x0E,0x34,0x69,0xA3,0xD5,0xF6,0xFD,0xEA,0xC0,0x89,
0x50,0x20,0x04,0x02,0x19,0x46,
0x7F,0xB7,0xE4,0xFB,0xF9,0xDD,0xAD,0x74,0x3D,0x13,0x00,0x07,0x28,0x5A,0x94,0xC9,
0xEF,0xFD,0xF1,0xCD,0x99,0x5F,0x2C,0x09,0x00,0x11,0x38,0x6F,0xA8,0xD9,0xF7,0xFC,
0xE7,0xBC,0x84,0x4B,0x1D,0x03,0x03,0x1D,0x4B,0x84,0xBC,0xE7,0xFC,0xF7,0xD9,0xA8,
0x6F,0x38,0x11,0x00,0x09,0x2C,0x5F,0x99,0xCD,0xF1,0xFD,0xEF,0xC9,0x94,0x5A,0x28,
0x07,0x00,0x13,0x3D,0x74,0xAD,0xDD,0xF9,0xFB,0xE4,0xB7,0x7F,0x46,0x19,0x02,0x04,
0x20,0x50,0x89,0xC0,0xEA,0xFD,0xF6,0xD5,0xA3,0x69,0x34,0x0E,0x00,0x0C,0x30,0x64,
0x9E,0xD1,0xF4,0xFD,0xEC,0xC5,0x8E,0x55,0x24,0x06,0x01,0x16,0x41,0x79,0xB2,0xE0,
0xFA,0xFA,0xE0,0xB2,0x79,0x41,0x16,0x01,0x06,0x24,0x55,0x8E,0xC5,0xEC,0xFD,0xF4,
0xD1,0x9E,0x64,0x30,0x0C,0x00,0x0E,0x34,0x69,0xA3,0xD5,0xF6,0xFD,0xEA,0xC0,0x89,
0x50,0x20,0x04,0x02,0x19,0x46,
0x7F,0xB7,0xE4,0xFB,0xF9,0xDD,0xAD,0x74,0x3D,0x13,0x00,0x07,0x28,0x5A,0x94,0xC9,
0xEF,0xFD,0xF1,0xCD,0x99,0x5F,0x2C,0x09,0x00,0x11,0x38,0x6F,0xA8,0xD9,0xF7,0xFC,
0xE7,0xBC,0x84,0x4B,0x1D,0x03,0x03,0x1D,0x4B,0x84,0xBC,0xE7,0xFC,0xF7,0xD9,0xA8,
0x6F,0x38,0x11,0x00,0x09,0x2C,0x5F,0x99,0xCD,0xF1,0xFD,0xEF,0xC9,0x94,0x5A,0x28,
0x07,0x00,0x13,0x3D,0x74,0xAD,0xDD,0xF9,0xFB,0xE4,0xB7,0x7F,0x46,0x19,0x02,0x04,
0x20,0x50,0x89,0xC0,0xEA,0xFD,0xF6,0xD5,0xA3,0x69,0x34,0x0E,0x00,0x0C,0x30,0x64,
0x9E,0xD1,0xF4,0xFD,0xEC,0xC5,0x8E,0x55,0x24,0x06,0x01,0x16,0x41,0x79,0xB2,0xE0,
0xFA,0xFA,0xE0,0xB2,0x79,0x41,0x16,0x01,0x06,0x24,0x55,0x8E,0xC5,0xEC,0xFD,0xF4,
0xD1,0x9E,0x64,0x30,0x0C,0x00,0x0E,0x34,0x69,0xA3,0xD5,0xF6,0xFD,0xEA,0xC0,0x89,
0x50,0x20,0x04,0x02,0x19,0x46,
0x7F,0xB7,0xE4,0xFB,0xF9,0xDD,0xAD,0x74,0x3D,0x13,0x00,0x07,0x28,0x5A,0x94,0xC9,
0xEF,0xFD,0xF1,0xCD,0x99,0x5F,0x2C,0x09,0x00,0x11,0x38,0x6F,0xA8,0xD9,0xF7,0xFC,
0xE7,0xBC,0x84,0x4B,0x1D,0x03,0x03,0x1D,0x4B,0x84,0xBC,0xE7,0xFC,0xF7,0xD9,0xA8,
0x6F,0x38,0x11,0x00,0x09,0x2C,0x5F,0x99,0xCD,0xF1,0xFD,0xEF,0xC9,0x94,0x5A,0x28,
0x07,0x00,0x13,0x3D,0x74,0xAD,0xDD,0xF9,0xFB,0xE4,0xB7,0x7F,0x46,0x19,0x02,0x04,
0x20,0x50,0x89,0xC0,0xEA,0xFD,0xF6,0xD5,0xA3,0x69,0x34,0x0E,0x00,0x0C,0x30,0x64,
0x9E,0xD1,0xF4,0xFD,0xEC,0xC5,0x8E,0x55,0x24,0x06,0x01,0x16,0x41,0x79,0xB2,0xE0,
0xFA,0xFA,0xE0,0xB2,0x79,0x41,0x16,0x01,0x06,0x24,0x55,0x8E,0xC5,0xEC,0xFD,0xF4,
0xD1,0x9E,0x64,0x30,0x0C,0x00,0x0E,0x34,0x69,0xA3,0xD5,0xF6,0xFD,0xEA,0xC0,0x89,
0x50,0x20,0x04,0x02,0x19,0x46,
0x7F,0xB7,0xE4,0xFB,0xF9,0xDD,0xAD,0x74,0x3D,0x13,0x00,0x07,0x28,0x5A,0x94,0xC9,
0xEF,0xFD,0xF1,0xCD,0x99,0x5F,0x2C,0x09,0x00,0x11,0x38,0x6F,0xA8,0xD9,0xF7,0xFC,
0xE7,0xBC,0x84,0x4B,0x1D,0x03,0x03,0x1D,0x4B,0x84,0xBC,0xE7,0xFC,0xF7,0xD9,0xA8,
0x6F,0x38,0x11,0x00,0x09,0x2C,0x5F,0x99,0xCD,0xF1,0xFD,0xEF,0xC9,0x94,0x5A,0x28,
0x07,0x00,0x13,0x3D,0x74,0xAD,0xDD,0xF9,0xFB,0xE4,0xB7,0x7F,0x46,0x19,0x02,0x04,
0x20,0x50,0x89,0xC0,0xEA,0xFD,0xF6,0xD5,0xA3,0x69,0x34,0x0E,0x00,0x0C,0x30,0x64,
0x9E,0xD1,0xF4,0xFD,0xEC,0xC5,0x8E,0x55,0x24,0x06,0x01,0x16,0x41,0x79,0xB2,0xE0,
0xFA,0xFA,0xE0,0xB2,0x79,0x41,0x16,0x01,0x06,0x24,0x55,0x8E,0xC5,0xEC,0xFD,0xF4,
0xD1,0x9E,0x64,0x30,0x0C,0x00,0x0E,0x34,0x69,0xA3,0xD5,0xF6,0xFD,0xEA,0xC0,0x89,
0x50,0x20,0x04,0x02,0x19,0x46,
0x7F,0xB7,0xE4,0xFB,0xF9,0xDD,0xAD,0x74,0x3D,0x13,0x00,0x07,0x28,0x5A,0x94,0xC9,
0xEF,0xFD,0xF1,0xCD,0x99,0x5F,0x2C,0x09,0x00,0x11,0x38,0x6F,0xA8,0xD9,0xF7,0xFC,
0xE7,0xBC,0x84,0x4B,0x1D,0x03,0x03,0x1D,0x4B,0x84,0xBC,0xE7,0xFC,0xF7,0xD9,0xA8,
0x6F,0x38,0x11,0x00,0x09,0x2C,0x5F,0x99,0xCD,0xF1,0xFD,0xEF,0xC9,0x94,0x5A,0x28,
0x07,0x00,0x13,0x3D,0x74,0xAD,0xDD,0xF9,0xFB,0xE4,0xB7,0x7F,0x46,0x19,0x02,0x04,
0x20,0x50,0x89,0xC0,0xEA,0xFD,0xF6,0xD5,0xA3,0x69,0x34,0x0E,0x00,0x0C,0x30,0x64,
0x9E,0xD1,0xF4,0xFD,0xEC,0xC5,0x8E,0x55,0x24,0x06,0x01,0x16,0x41,0x79,0xB2,0xE0,
0xFA,0xFA,0xE0,0xB2,0x79,0x41,0x16,0x01,0x06,0x24,0x55,0x8E,0xC5,0xEC,0xFD,0xF4,
0xD1,0x9E,0x64,0x30,0x0C,0x00,0x0E,0x34,0x69,0xA3,0xD5,0xF6,0xFD,0xEA,0xC0,0x89,
0x50,0x20,0x04,0x02,0x19,0x46,
0x7F,0xB7,0xE4,0xFB,0xF9,0xDD,0xAD,0x74,0x3D,0x13,0x00,0x07,0x28,0x5A,0x94,0xC9,
0xEF,0xFD,0xF1,0xCD,0x99,0x5F,0x2C,0x09,0x00,0x11,0x38,0x6F,0xA8,0xD9,0xF7,0xFC,
0xE7,0xBC,0x84,0x4B,0x1D,0x03,0x03,0x1D,0x4B,0x84,0xBC,0xE7,0xFC,0xF7,0xD9,0xA8,
0x6F,0x38,0x11,0x00,0x09,0x2C,0x5F,0x99,0xCD,0xF1,0xFD,0xEF,0xC9,0x94,0x5A,0x28,
0x07,0x00,0x13,0x3D,0x74,0xAD,0xDD,0xF9,0xFB,0xE4,0xB7,0x7F,0x46,0x19,0x02,0x04,
0x20,0x50,0x89,0xC0,0xEA,0xFD,0xF6,0xD5,0xA3,0x69,0x34,0x0E,0x00,0x0C,0x30,0x64,
0x9E,0xD1,0xF4,0xFD,0xEC,0xC5,0x8E,0x55,0x24,0x06,0x01,0x16,0x41,0x79,0xB2,0xE0,
0xFA,0xFA,0xE0,0xB2,0x79,0x41,0x16,0x01,0x06,0x24,0x55,0x8E,0xC5,0xEC,0xFD,0xF4,
0xD1,0x9E,0x64,0x30,0x0C,0x00,0x0E,0x34,0x69,0xA3,0xD5,0xF6,0xFD,0xEA,0xC0,0x89,
0x50,0x20,0x04,0x02,0x19,0x46,
0x7F,0xB7,0xE4,0xFB,0xF9,0xDD,0xAD,0x74,0x3D,0x13,0x00,0x07,0x28,0x5A,0x94,0xC9,
0xEF,0xFD,0xF1,0xCD,0x99,0x5F,0x2C,0x09,0x00,0x11,0x38,0x6F,0xA8,0xD9,0xF7,0xFC,
0xE7,0xBC,0x84,0x4B,0x1D,0x03,0x03,0x1D,0x4B,0x84,0xBC,0xE7,0xFC,0xF7,0xD9,0xA8,
0x6F,0x38,0x11,0x00,0x09,0x2C,0x5F,0x99,0xCD,0xF1,0xFD,0xEF,0xC9,0x94,0x5A,0x28,
0x07,0x00,0x13,0x3D,0x74,0xAD,0xDD,0xF9,0xFB,0xE4,0xB7,0x7F,0x46,0x19,0x02,0x04,
0x20,0x50,0x89,0xC0,0xEA,0xFD,0xF6,0xD5,0xA3,0x69,0x34,0x0E,0x00,0x0C,0x30,0x64,
0x9E,0xD1,0xF4,0xFD,0xEC,0xC5,0x8E,0x55,0x24,0x06,0x01,0x16,0x41,0x79,0xB2,0xE0,
0xFA,0xFA,0xE0,0xB2,0x79,0x41,0x16,0x01,0x06,0x24,0x55,0x8E,0xC5,0xEC,0xFD,0xF4,
0xD1,0x9E,0x64,0x30,0x0C,0x00,0x0E,0x34,0x69,0xA3,0xD5,0xF6,0xFD,0xEA,0xC0,0x89,
0x50,0x20,0x04,0x02,0x19,0x46,
0x7F,0xB7,0xE4,0xFB,0xF9,0xDD,0xAD,0x74,0x3D,0x13,0x00,0x07,0x28,0x5A,0x94,0xC9,
0xEF,0xFD,0xF1,0xCD,0x99,0x5F,0x2C,0x09,0x00,0x11,0x38,0x6F,0xA8,0xD9,0xF7,0xFC,
0xE7,0xBC,0x84,0x4B,0x1D,0x03,0x03,0x1D,0x4B,0x84,0xBC,0xE7,0xFC,0xF7,0xD9,0xA8,
0x6F,0x38,0x11,0x00,0x09,0x2C,0x5F,0x99,0xCD,0xF1,0xFD,0xEF,0xC9,0x94,0x5A,0x28,
0x07,0x00,0x13,0x3D,0x74,0xAD,0xDD,0xF9,0xFB,0xE4,0xB7,0x7F,0x46,0x19,0x02,0x04,
0x20,0x50,0x89,0xC0,0xEA,0xFD,0xF6,0xD5,0xA3,0x69,0x34,0x0E,0x00,0x0C,0x30,0x64,
0x9E,0xD1,0xF4,0xFD,0xEC,0xC5,0x8E,0x55,0x24,0x06,0x01,0x16,0x41,0x79,0xB2,0xE0,
0xFA,0xFA,0xE0,0xB2,0x79,0x41,0x16,0x01,0x06,0x24,0x55,0x8E,0xC5,0xEC,0xFD,0xF4,
0xD1,0x9E,0x64,0x30,0x0C,0x00,0x0E,0x34,0x69,0xA3,0xD5,0xF6,0xFD,0xEA,0xC0,0x89,
0x50,0x20,0x04,0x02,0x19,0x46,
0x7F,0xB7,0xE4,0xFB,0xF9,0xDD,0xAD,0x74,0x3D,0x13,0x00,0x07,0x28,0x5A,0x94,0xC9,
0xEF,0xFD,0xF1,0xCD,0x99,0x5F,0x2C,0x09,0x00,0x11,0x38,0x6F,0xA8,0xD9,0xF7,0xFC,
0xE7,0xBC,0x84,0x4B,0x1D,0x03,0x03,0x1D,0x4B,0x84,0xBC,0xE7,0xFC,0xF7,0xD9,0xA8,
0x6F,0x38,0x11,0x00,0x09,0x2C,0x5F,0x99,0xCD,0xF1,0xFD,0xEF,0xC9,0x94,0x5A,0x28,
0x07,0x00,0x13,0x3D,0x74,0xAD,0xDD,0xF9,0xFB,0xE4,0xB7,0x7F,0x46,0x19,0x02,0x04,
0x20,0x50,0x89,0xC0,0xEA,0xFD,0xF6,0xD5,0xA3,0x69,0x34,0x0E,0x00,0x0C,0x30,0x64,
0x9E,0xD1,0xF4,0xFD,0xEC,0xC5,0x8E,0x55,0x24,0x06,0x01,0x16,0x41,0x79,0xB2,0xE0,
0xFA,0xFA,0xE0,0xB2,0x79,0x41,0x16,0x01,0x06,0x24,0x55,0x8E,0xC5,0xEC,0xFD,0xF4,
0xD1,0x9E,0x64,0x30,0x0C,0x00,0x0E,0x34,0x69,0xA3,0xD5,0xF6,0xFD,0xEA,0xC0,0x89,
0x50,0x20,0x04,0x02,0x19,0x46,
0x7F,0xB7,0xE4,0xFB,0xF9,0xDD,0xAD,0x74,0x3D,0x13,0x00,0x07,0x28,0x5A,0x94,0xC9,
0xEF,0xFD,0xF1,0xCD,0x99,0x5F,0x2C,0x09,0x00,0x11,0x38,0x6F,0xA8,0xD9,0xF7,0xFC,
0xE7,0xBC,0x84,0x4B,0x1D,0x03,0x03,0x1D,0x4B,0x84,0xBC,0xE7,0xFC,0xF7,0xD9,0xA8,
0x6F,0x38,0x11,0x00,0x09,0x2C,0x5F,0x99,0xCD,0xF1,0xFD,0xEF,0xC9,0x94,0x5A,0x28,
0x07,0x00,0x13,0x3D,0x74,0xAD,0xDD,0xF9,0xFB,0xE4,0xB7,0x7F,0x46,0x19,0x02,0x04,
0x20,0x50,0x89,0xC0,0xEA,0xFD,0xF6,0xD5,0xA3,0x69,0x34,0x0E,0x00,0x0C,0x30,0x64,
0x9E,0xD1,0xF4,0xFD,0xEC,0xC5,0x8E,0x55,0x24,0x06,0x01,0x16,0x41,0x79,0xB2,0xE0,
0xFA,0xFA,0xE0,0xB2,0x79,0x41,0x16,0x01,0x06,0x24,0x55,0x8E,0xC5,0xEC,0xFD,0xF4,
0xD1,0x9E,0x64,0x30,0x0C,0x00,0x0E,0x34,0x69,0xA3,0xD5,0xF6,0xFD,0xEA,0xC0,0x89,
0x50,0x20,0x04,0x02,0x19,0x46,
0x7F,0xB7,0xE4,0xFB,0xF9,0xDD,0xAD,0x74,0x3D,0x13,0x00,0x07,0x28,0x5A,0x94,0xC9,
0xEF,0xFD,0xF1,0xCD,0x99,0x5F,0x2C,0x09,0x00,0x11,0x38,0x6F,0xA8,0xD9,0xF7,0xFC,
0xE7,0xBC,0x84,0x4B,0x1D,0x03,0x03,0x1D,0x4B,0x84,0xBC,0xE7,0xFC,0xF7,0xD9,0xA8,
0x6F,0x38,0x11,0x00,0x09,0x2C,0x5F,0x99,0xCD,0xF1,0xFD,0xEF,0xC9,0x94,0x5A,0x28,
0x07,0x00,0x13,0x3D,0x74,0xAD,0xDD,0xF9,0xFB,0xE4,0xB7,0x7F,0x46,0x19,0x02,0x04,
0x20,0x50,0x89,0xC0,0xEA,0xFD,0xF6,0xD5,0xA3,0x69,0x34,0x0E,0x00,0x0C,0x30,0x64,
0x9E,0xD1,0xF4,0xFD,0xEC,0xC5,0x8E,0x55,0x24,0x06,0x01,0x16,0x41,0x79,0xB2,0xE0,
0xFA,0xFA,0xE0,0xB2,0x79,0x41,0x16,0x01,0x06,0x24,0x55,0x8E,0xC5,0xEC,0xFD,0xF4,
0xD1,0x9E,0x64,0x30,0x0C,0x00,0x0E,0x34,0x69,0xA3,0xD5,0xF6,0xFD,0xEA,0xC0,0x89,
0x50,0x20,0x04,0x02,0x19,0x46,
0x7F,0xB7,0xE4,0xFB,0xF9,0xDD,0xAD,0x74,0x3D,0x13,0x00,0x07,0x28,0x5A,0x94,0xC9,
0xEF,0xFD,0xF1,0xCD,0x99,0x5F,0x2C,0x09,0x00,0x11,0x38,0x6F,0xA8,0xD9,0xF7,0xFC,
0xE7,0xBC,0x84,0x4B,0x1D,0x03,0x03,0x1D,0x4B,0x84,0xBC,0xE7,0xFC,0xF7,0xD9,0xA8,
0x6F,0x38,0x11,0x00,0x09,0x2C,0x5F,0x99,0xCD,0xF1,0xFD,0xEF,0xC9,0x94,0x5A,0x28,
0x07,0x00,0x13,0x3D,0x74,0xAD,0xDD,0xF9,0xFB,0xE4,0xB7,0x7F,0x46,0x19,0x02,0x04,
0x20,0x50,0x89,0xC0,0xEA,0xFD,0xF6,0xD5,0xA3,0x69,0x34,0x0E,0x00,0x0C,0x30,0x64,
0x9E,0xD1,0xF4,0xFD,0xEC,0xC5,0x8E,0x55,0x24,0x06,0x01,0x16,0x41,0x79,0xB2,0xE0,
0xFA,0xFA,0xE0,0xB2,0x79,0x41,0x16,0x01,0x06,0x24,0x55,0x8E,0xC5,0xEC,0xFD,0xF4,
0xD1,0x9E,0x64,0x30,0x0C,0x00,0x0E,0x34,0x69,0xA3,0xD5,0xF6,0xFD,0xEA,0xC0,0x89,
0x50,0x20,0x04,0x02,0x19,0x46,
0x7F,0xB7,0xE4,0xFB,0xF9,0xDD,0xAD,0x74,0x3D,0x13,0x00,0x07,0x28,0x5A,0x94,0xC9,
0xEF,0xFD,0xF1,0xCD,0x99,0x5F,0x2C,0x09,0x00,0x11,0x38,0x6F,0xA8,0xD9,0xF7,0xFC,
0xE7,0xBC,0x84,0x4B,0x1D,0x03,0x03,0x1D,0x4B,0x84,0xBC,0xE7,0xFC,0xF7,0xD9,0xA8,
0x6F,0x38,0x11,0x00,0x09,0x2C,0x5F,0x99,0xCD,0xF1,0xFD,0xEF,0xC9,0x94,0x5A,0x28,
0x07,0x00,0x13,0x3D,0x74,0xAD,0xDD,0xF9,0xFB,0xE4,0xB7,0x7F,0x46,0x19,0x02,0x04,
0x20,0x50,0x89,0xC0,0xEA,0xFD,0xF6,0xD5,0xA3,0x69,0x34,0x0E,0x00,0x0C,0x30,0x64,
0x9E,0xD1,0xF4,0xFD,0xEC,0xC5,0x8E,0x55,0x24,0x06,0x01,0x16,0x41,0x79,0xB2,0xE0,
0xFA,0xFA,0xE0,0xB2,0x79,0x41,0x16,0x01,0x06,0x24,0x55,0x8E,0xC5,0xEC,0xFD,0xF4,
0xD1,0x9E,0x64,0x30,0x0C,0x00,0x0E,0x34,0x69,0xA3,0xD5,0xF6,0xFD,0xEA,0xC0,0x89,
0x50,0x20,0x04,0x02,0x19,0x46,
0x7F,0xB7,0xE4,0xFB,0xF9,0xDD,0xAD,0x74,0x3D,0x13,0x00,0x07,0x28,0x5A,0x94,0xC9,
0xEF,0xFD,0xF1,0xCD,0x99,0x5F,0x2C,0x09,0x00,0x11,0x38,0x6F,0xA8,0xD9,0xF7,0xFC,
0xE7,0xBC,0x84,0x4B,0x1D,0x03,0x03,0x1D,0x4B,0x84,0xBC,0xE7,0xFC,0xF7,0xD9,0xA8,
0x6F,0x38,0x11,0x00,0x09,0x2C,0x5F,0x99,0xCD,0xF1,0xFD,0xEF,0xC9,0x94,0x5A,0x28,
0x07,0x00,0x13,0x3D,0x74,0xAD,0xDD,0xF9,0xFB,0xE4,0xB7,0x7F,0x46,0x19,0x02,0x04,
0x20,0x50,0x89,0xC0,0xEA,0xFD,0xF6,0xD5,0xA3,0x69,0x34,0x0E,0x00,0x0C,0x30,0x64,
0x9E,0xD1,0xF4,0xFD,0xEC,0xC5,0x8E,0x55,0x24,0x06,0x01,0x16,0x41,0x79,0xB2,0xE0,
0xFA,0xFA,0xE0,0xB2,0x79,0x41,0x16,0x01,0x06,0x24,0x55,0x8E,0xC5,0xEC,0xFD,0xF4,
0xD1,0x9E,0x64,0x30,0x0C,0x00,0x0E,0x34,0x69,0xA3,0xD5,0xF6,0xFD,0xEA,0xC0,0x89,
0x50,0x20,0x04,0x02,0x19,0x46,
0x7F,0xB7,0xE4,0xFB,0xF9,0xDD,0xAD,0x74,0x3D,0x13,0x00,0x07,0x28,0x5A,0x94,0xC9,
0xEF,0xFD,0xF1,0xCD,0x99,0x5F,0x2C,0x09,0x00,0x11,0x38,0x6F,0xA8,0xD9,0xF7,0xFC,
0xE7,0xBC,0x84,0x4B,0x1D,0x03,0x03,0x1D,0x4B,0x84,0xBC,0xE7,0xFC,0xF7,0xD9,0xA8,
0x6F,0x38,0x11,0x00,0x09,0x2C,0x5F,0x99,0xCD,0xF1,0xFD,0xEF,0xC9,0x94,0x5A,0x28,
0x07,0x00,0x13,0x3D,0x74,0xAD,0xDD,0xF9,0xFB,0xE4,0xB7,0x7F,0x46,0x19,0x02,0x04,
0x20,0x50,0x89,0xC0,0xEA,0xFD,0xF6,0xD5,0xA3,0x69,0x34,0x0E,0x00,0x0C,0x30,0x64,
0x9E,0xD1,0xF4,0xFD,0xEC,0xC5,0x8E,0x55,0x24,0x06,0x01,0x16,0x41,0x79,0xB2,0xE0,
0xFA,0xFA,0xE0,0xB2,0x79,0x41,0x16,0x01,0x06,0x24,0x55,0x8E,0xC5,0xEC,0xFD,0xF4,
0xD1,0x9E,0x64,0x30,0x0C,0x00,0x0E,0x34,0x69,0xA3,0xD5,0xF6,0xFD,0xEA,0xC0,0x89,
0x50,0x20,0x04,0x02,0x19,0x46,
0x7F,0xB7,0xE4,0xFB,0xF9,0xDD,0xAD,0x74,0x3D,0x13,0x00,0x07,0x28,0x5A,0x94,0xC9,
0xEF,0xFD,0xF1,0xCD,0x99,0x5F,0x2C,0x09,0x00,0x11,0x38,0x6F,0xA8,0xD9,0xF7,0xFC,
0xE7,0xBC,0x84,0x4B,0x1D,0x03,0x03,0x1D,0x4B,0x84,0xBC,0xE7,0xFC,0xF7,0xD9,0xA8,
0x6F,0x38,0x11,0x00,0x09,0x2C,0x5F,0x99,0xCD,0xF1,0xFD,0xEF,0xC9,0x94,0x5A,0x28,
0x07,0x00,0x13,0x3D,0x74,0xAD,0xDD,0xF9,0xFB,0xE4,0xB7,0x7F,0x46,0x19,0x02,0x04,
0x20,0x50,0x89,0xC0,0xEA,0xFD,0xF6,0xD5,0xA3,0x69,0x34,0x0E,0x00,0x0C,0x30,0x64,
0x9E,0xD1,0xF4,0xFD,0xEC,0xC5,0x8E,0x55,0x24,0x06,0x01,0x16,0x41,0x79,0xB2,0xE0,
0xFA,0xFA,0xE0,0xB2,0x79,0x41,0x16,0x01,0x06,0x24,0x55,0x8E,0xC5,0xEC,0xFD,0xF4,
0xD1,0x9E,0x64,0x30,0x0C,0x00,0x0E,0x34,0x69,0xA3,0xD5,0xF6,0xFD,0xEA,0xC0,0x89,
0x50,0x20,0x04,0x02,0x19,0x46,
0x7F,0xB7,0xE4,0xFB,0xF9,0xDD,0xAD,0x74,0x3D,0x13,0x00,0x07,0x28,0x5A,0x94,0xC9,
0xEF,0xFD,0xF1,0xCD,0x99,0x5F,0x2C,0x09,0x00,0x11,0x38,0x6F,0xA8,0xD9,0xF7,0xFC,
0xE7,0xBC,0x84,0x4B,0x1D,0x03,0x03,0x1D,0x4B,0x84,0xBC,0xE7,0xFC,0xF7,0xD9,0xA8,
0x6F,0x38,0x11,0x00,0x09,0x2C,0x5F,0x99,0xCD,0xF1,0xFD,0xEF,0xC9,0x94,0x5A,0x28,
0x07,0x00,0x13,0x3D,0x74,0xAD,0xDD,0xF9,0xFB,0xE4,0xB7,0x7F,0x46,0x19,0x02,0x04,
0x20,0x50,0x89,0xC0,0xEA,0xFD,0xF6,0xD5,0xA3,0x69,0x34,0x0E,0x00,0x0C,0x30,0x64,
0x9E,0xD1,0xF4,0xFD,0xEC,0xC5,0x8E,0x55,0x24,0x06,0x01,0x16,0x41,0x79,0xB2,0xE0,
0xFA,0xFA,0xE0,0xB2,0x79,0x41,0x16,0x01,0x06,0x24,0x55,0x8E,0xC5,0xEC,0xFD,0xF4,
0xD1,0x9E,0x64,0x30,0x0C,0x00,0x0E,0x34,0x69,0xA3,0xD5,0xF6,0xFD,0xEA,0xC0,0x89,
0x50,0x20,0x04,0x02,0x19,0x46,
0x7F,0xB7,0xE4,0xFB,0xF9,0xDD,0xAD,0x74,0x3D,0x13,0x00,0x07,0x28,0x5A,0x94,0xC9,
0xEF,0xFD,0xF1,0xCD,0x99,0x5F,0x2C,0x09,0x00,0x11,0x38,0x6F,0xA8,0xD9,0xF7,0xFC,
0xE7,0xBC,0x84,0x4B,0x1D,0x03,0x03,0x1D,0x4B,0x84,0xBC,0xE7,0xFC,0xF7,0xD9,0xA8,
0x6F,0x38,0x11,0x00,0x09,0x2C,0x5F,0x99,0xCD,0xF1,0xFD,0xEF,0xC9,0x94,0x5A,0x28,
0x07,0x00,0x13,0x3D,0x74,0xAD,0xDD,0xF9,0xFB,0xE4,0xB7,0x7F,0x46,0x19,0x02,0x04,
0x20,0x50,0x89,0xC0,0xEA,0xFD,0xF6,0xD5,0xA3,0x69,0x34,0x0E,0x00,0x0C,0x30,0x64,
0x9E,0xD1,0xF4,0xFD,0xEC,0xC5,0x8E,0x55,0x24,0x06,0x01,0x16,0x41,0x79,0xB2,0xE0,
0xFA,0xFA,0xE0,0xB2,0x79,0x41,0x16,0x01,0x06,0x24,0x55,0x8E,0xC5,0xEC,0xFD,0xF4,
0xD1,0x9E,0x64,0x30,0x0C,0x00,0x0E,0x34,0x69,0xA3,0xD5,0xF6,0xFD,0xEA,0xC0,0x89,
0x50,0x20,0x04,0x02,0x19,0x46,
0x7F,0xB7,0xE4,0xFB,0xF9,0xDD,0xAD,0x74,0x3D,0x13,0x00,0x07,0x28,0x5A,0x94,0xC9,
0xEF,0xFD,0xF1,0xCD,0x99,0x5F,0x2C,0x09,0x00,0x11,0x38,0x6F,0xA8,0xD9,0xF7,0xFC,
0xE7,0xBC,0x84,0x4B,0x1D,0x03,0x03,0x1D,0x4B,0x84,0xBC,0xE7,0xFC,0xF7,0xD9,0xA8,
0x6F,0x38,0x11,0x00,0x09,0x2C,0x5F,0x99,0xCD,0xF1,0xFD,0xEF,0xC9,0x94,0x5A,0x28,
0x07,0x00,0x13,0x3D,0x74,0xAD,0xDD,0xF9,0xFB,0xE4,0xB7,0x7F,0x46,0x19,0x02,0x04,
0x20,0x50,0x89,0xC0,0xEA,0xFD,0xF6,0xD5,0xA3,0x69,0x34,0x0E,0x00,0x0C,0x30,0x64,
0x9E,0xD1,0xF4,0xFD,0xEC,0xC5,0x8E,0x55,0x24,0x06,0x01,0x16,0x41,0x79,0xB2,0xE0,
0xFA,0xFA,0xE0,0xB2,0x79,0x41,0x16,0x01,0x06,0x24,0x55,0x8E,0xC5,0xEC,0xFD,0xF4,
0xD1,0x9E,0x64,0x30,0x0C,0x00,0x0E,0x34,0x69,0xA3,0xD5,0xF6,0xFD,0xEA,0xC0,0x89,
0x50,0x20,0x04,0x02,0x19,0x46,
0x7F,0xB7,0xE4,0xFB,0xF9,0xDD,0xAD,0x74,0x3D,0x13,0x00,0x07,0x28,0x5A,0x94,0xC9,
0xEF,0xFD,0xF1,0xCD,0x99,0x5F,0x2C,0x09,0x00,0x11,0x38,0x6F,0xA8,0xD9,0xF7,0xFC,
0xE7,0xBC,0x84,0x4B,0x1D,0x03,0x03,0x1D,0x4B,0x84,0xBC,0xE7,0xFC,0xF7,0xD9,0xA8,
0x6F,0x38,0x11,0x00,0x09,0x2C,0x5F,0x99,0xCD,0xF1,0xFD,0xEF,0xC9,0x94,0x5A,0x28,
0x07,0x00,0x13,0x3D,0x74,0xAD,0xDD,0xF9,0xFB,0xE4,0xB7,0x7F,0x46,0x19,0x02,0x04,
0x20,0x50,0x89,0xC0,0xEA,0xFD,0xF6,0xD5,0xA3,0x69,0x34,0x0E,0x00,0x0C,0x30,0x64,
0x9E,0xD1,0xF4,0xFD,0xEC,0xC5,0x8E,0x55,0x24,0x06,0x01,0x16,0x41,0x79,0xB2,0xE0,
0xFA,0xFA,0xE0,0xB2,0x79,0x41,0x16,0x01,0x06,0x24,0x55,0x8E,0xC5,0xEC,0xFD,0xF4,
0xD1,0x9E,0x64,0x30,0x0C,0x00,0x0E,0x34,0x69,0xA3,0xD5,0xF6,0xFD,0xEA,0xC0,0x89,
0x50,0x20,0x04,0x02,0x19,0x46,
0x7F,0xB7,0xE4,0xFB,0xF9,0xDD,0xAD,0x74,0x3D,0x13,0x00,0x07,0x28,0x5A,0x94,0xC9,
0xEF,0xFD,0xF1,0xCD,0x99,0x5F,0x2C,0x09,0x00,0x11,0x38,0x6F,0xA8,0xD9,0xF7,0xFC,
0xE7,0xBC,0x84,0x4B,0x1D,0x03,0x03,0x1D,0x4B,0x84,0xBC,0xE7,0xFC,0xF7,0xD9,0xA8,
0x6F,0x38,0x11,0x00,0x09,0x2C,0x5F,0x99,0xCD,0xF1,0xFD,0xEF,0xC9,0x94,0x5A,0x28,
0x07,0x00,0x13,0x3D,0x74,0xAD,0xDD,0xF9,0xFB,0xE4,0xB7,0x7F,0x46,0x19,0x02,0x04,
0x20,0x50,0x89,0xC0,0xEA,0xFD,0xF6,0xD5,0xA3,0x69,0x34,0x0E,0x00,0x0C,0x30,0x64,
0x9E,0xD1,0xF4,0xFD,0xEC,0xC5,0x8E,0x55,0x24,0x06,0x01,0x16,0x41,0x79,0xB2,0xE0,
0xFA,0xFA,0xE0,0xB2,0x79,0x41,0x16,0x01,0x06,0x24,0x55,0x8E,0xC5,0xEC,0xFD,0xF4,
0xD1,0x9E,0x64,0x30,0x0C,0x00,0x0E,0x34,0x69,0xA3,0xD5,0xF6,0xFD,0xEA,0xC0,0x89,
0x50,0x20,0x04,0x02,0x19,0x46,
0x7F,0xB7,0xE4,0xFB,0xF9,0xDD,0xAD,0x74,0x3D,0x13,0x00,0x07,0x28,0x5A,0x94,0xC9,
0xEF,0xFD,0xF1,0xCD,0x99,0x5F,0x2C,0x09,0x00,0x11,0x38,0x6F,0xA8,0xD9,0xF7,0xFC,
0xE7,0xBC,0x84,0x4B,0x1D,0x03,0x03,0x1D,0x4B,0x84,0xBC,0xE7,0xFC,0xF7,0xD9,0xA8,
0x6F,0x38,0x11,0x00,0x09,0x2C,0x5F,0x99,0xCD,0xF1,0xFD,0xEF,0xC9,0x94,0x5A,0x28,
0x07,0x00,0x13,0x3D,0x74,0xAD,0xDD,0xF9,0xFB,0xE4,0xB7,0x7F,0x46,0x19,0x02,0x04,
0x20,0x50,0x89,0xC0,0xEA,0xFD,0xF6,0xD5,0xA3,0x69,0x34,0x0E,0x00,0x0C,0x30,0x64,
0x9E,0xD1,0xF4,0xFD,0xEC,0xC5,0x8E,0x55,0x24,0x06,0x01,0x16,0x41,0x79,0xB2,0xE0,
0xFA,0xFA,0xE0,0xB2,0x79,0x41,0x16,0x01,0x06,0x24,0x55,0x8E,0xC5,0xEC,0xFD,0xF4,
0xD1,0x9E,0x64,0x30,0x0C,0x00,0x0E,0x34,0x69,0xA3,0xD5,0xF6,0xFD,0xEA,0xC0,0x89,
0x50,0x20,0x04,0x02,0x19,0x46,
0x7F,0xB7,0xE4,0xFB,0xF9,0xDD,0xAD,0x74,0x3D,0x13,0x00,0x07,0x28,0x5A,0x94,0xC9,
0xEF,0xFD,0xF1,0xCD,0x99,0x5F,0x2C,0x09,0x00,0x11,0x38,0x6F,0xA8,0xD9,0xF7,0xFC,
0xE7,0xBC,0x84,0x4B,0x1D,0x03,0x03,0x1D,0x4B,0x84,0xBC,0xE7,0xFC,0xF7,0xD9,0xA8,
0x6F,0x38,0x11,0x00,0x09,0x2C,0x5F,0x99,0xCD,0xF1,0xFD,0xEF,0xC9,0x94,0x5A,0x28,
0x07,0x00,0x13,0x3D,0x74,0xAD,0xDD,0xF9,0xFB,0xE4,0xB7,0x7F,0x46,0x19,0x02,0x04,
0x20,0x50,0x89,0xC0,0xEA,0xFD,0xF6,0xD5,0xA3,0x69,0x34,0x0E,0x00,0x0C,0x30,0x64,
0x9E,0xD1,0xF4,0xFD,0xEC,0xC5,0x8E,0x55,0x24,0x06,0x01,0x16,0x41,0x79,0xB2,0xE0,
0xFA,0xFA,0xE0,0xB2,0x79,0x41,0x16,0x01,0x06,0x24,0x55,0x8E,0xC5,0xEC,0xFD,0xF4,
0xD1,0x9E,0x64,0x30,0x0C,0x00,0x0E,0x34,0x69,0xA3,0xD5,0xF6,0xFD,0xEA,0xC0,0x89,
0x50,0x20,0x04,0x02,0x19,0x46,
0x7F,0xB7,0xE4,0xFB,0xF9,0xDD,0xAD,0x74,0x3D,0x13,0x00,0x07,0x28,0x5A,0x94,0xC9,
0xEF,0xFD,0xF1,0xCD,0x99,0x5F,0x2C,0x09,0x00,0x11,0x38,0x6F,0xA8,0xD9,0xF7,0xFC,
0xE7,0xBC,0x84,0x4B,0x1D,0x03,0x03,0x1D,0x4B,0x84,0xBC,0xE7,0xFC,0xF7,0xD9,0xA8,
0x6F,0x38,0x11,0x00,0x09,0x2C,0x5F,0x99,0xCD,0xF1,0xFD,0xEF,0xC9,0x94,0x5A,0x28,
0x07,0x00,0x13,0x3D,0x74,0xAD,0xDD,0xF9,0xFB,0xE4,0xB7,0x7F,0x46,0x19,0x02,0x04,
0x20,0x50,0x89,0xC0,0xEA,0xFD,0xF6,0xD5,0xA3,0x69,0x34,0x0E,0x00,0x0C,0x30,0x64,
0x9E,0xD1,0xF4,0xFD,0xEC,0xC5,0x8E,0x55,0x24,0x06,0x01,0x16,0x41,0x79,0xB2,0xE0,
0xFA,0xFA,0xE0,0xB2,0x79,0x41,0x16,0x01,0x06,0x24,0x55,0x8E,0xC5,0xEC,0xFD,0xF4,
0xD1,0x9E,0x64,0x30,0x0C,0x00,0x0E,0x34,0x69,0xA3,0xD5,0xF6,0xFD,0xEA,0xC0,0x89,
0x50,0x20,0x04,0x02,0x19,0x46,
0x7F,0xB7,0xE4,0xFB,0xF9,0xDD,0xAD,0x74,0x3D,0x13,0x00,0x07,0x28,0x5A,0x94,0xC9,
0xEF,0xFD,0xF1,0xCD,0x99,0x5F,0x2C,0x09,0x00,0x11,0x38,0x6F,0xA8,0xD9,0xF7,0xFC,
0xE7,0xBC,0x84,0x4B,0x1D,0x03,0x03,0x1D,0x4B,0x84,0xBC,0xE7,0xFC,0xF7,0xD9,0xA8,
0x6F,0x38,0x11,0x00,0x09,0x2C,0x5F,0x99,0xCD,0xF1,0xFD,0xEF,0xC9,0x94,0x5A,0x28,
0x07,0x00,0x13,0x3D,0x74,0xAD,0xDD,0xF9,0xFB,0xE4,0xB7,0x7F,0x46,0x19,0x02,0x04,
0x20,0x50,0x89,0xC0,0xEA,0xFD,0xF6,0xD5,0xA3,0x69,0x34,0x0E,0x00,0x0C,0x30,0x64,
0x9E,0xD1,0xF4,0xFD,0xEC,0xC5,0x8E,0x55,0x24,0x06,0x01,0x16,0x41,0x79,0xB2,0xE0,
0xFA,0xFA,0xE0,0xB2,0x79,0x41,0x16,0x01,0x06,0x24,0x55,0x8E,0xC5,0xEC,0xFD,0xF4,
0xD1,0x9E,0x64,0x30,0x0C,0x00,0x0E,0x34,0x69,0xA3,0xD5,0xF6,0xFD,0xEA,0xC0,0x89,
0x50,0x20,0x04,0x02,0x19,0x46,
0x7F,0xB7,0xE4,0xFB,0xF9,0xDD,0xAD,0x74,0x3D,0x13,0x00,0x07,0x28,0x5A,0x94,0xC9,
0xEF,0xFD,0xF1,0xCD,0x99,0x5F,0x2C,0x09,0x00,0x11,0x38,0x6F,0xA8,0xD9,0xF7,0xFC,
0xE7,0xBC,0x84,0x4B,0x1D,0x03,0x03,0x1D,0x4B,0x84,0xBC,0xE7,0xFC,0xF7,0xD9,0xA8,
0x6F,0x38,0x11,0x00,0x09,0x2C,0x5F,0x99,0xCD,0xF1,0xFD,0xEF,0xC9,0x94,0x5A,0x28,
0x07,0x00,0x13,0x3D,0x74,0xAD,0xDD,0xF9,0xFB,0xE4,0xB7,0x7F,0x46,0x19,0x02,0x04,
0x20,0x50,0x89,0xC0,0xEA,0xFD,0xF6,0xD5,0xA3,0x69,0x34,0x0E,0x00,0x0C,0x30,0x64,
0x9E,0xD1,0xF4,0xFD,0xEC,0xC5,0x8E,0x55,0x24,0x06,0x01,0x16,0x41,0x79,0xB2,0xE0,
0xFA,0xFA,0xE0,0xB2,0x79,0x41,0x16,0x01,0x06,0x24,0x55,0x8E,0xC5,0xEC,0xFD,0xF4,
0xD1,0x9E,0x64,0x30,0x0C,0x00,0x0E,0x34,0x69,0xA3,0xD5,0xF6,0xFD,0xEA,0xC0,0x89,
0x50,0x20,0x04,0x02,0x19,0x46,
0x7F,0xB7,0xE4,0xFB,0xF9,0xDD,0xAD,0x74,0x3D,0x13,0x00,0x07,0x28,0x5A,0x94,0xC9,
0xEF,0xFD,0xF1,0xCD,0x99,0x5F,0x2C,0x09,0x00,0x11,0x38,0x6F,0xA8,0xD9,0xF7,0xFC,
0xE7,0xBC,0x84,0x4B,0x1D,0x03,0x03,0x1D,0x4B,0x84,0xBC,0xE7,0xFC,0xF7,0xD9,0xA8,
0x6F,0x38,0x11,0x00,0x09,0x2C,0x5F,0x99,0xCD,0xF1,0xFD,0xEF,0xC9,0x94,0x5A,0x28,
0x07,0x00,0x13,0x3D,0x74,0xAD,0xDD,0xF9,0xFB,0xE4,0xB7,0x7F,0x46,0x19,0x02,0x04,
0x20,0x50,0x89,0xC0,0xEA,0xFD,0xF6,0xD5,0xA3,0x69,0x34,0x0E,0x00,0x0C,0x30,0x64,
0x9E,0xD1,0xF4,0xFD,0xEC,0xC5,0x8E,0x55,0x24,0x06,0x01,0x16,0x41,0x79,0xB2,0xE0,
0xFA,0xFA,0xE0,0xB2,0x79,0x41,0x16,0x01,0x06,0x24,0x55,0x8E,0xC5,0xEC,0xFD,0xF4,
0xD1,0x9E,0x64,0x30,0x0C,0x00,0x0E,0x34,0x69,0xA3,0xD5,0xF6,0xFD,0xEA,0xC0,0x89,
0x50,0x20,0x04,0x02,0x19,0x46,
0x7F,0xB7,0xE4,0xFB,0xF9,0xDD,0xAD,0x74,0x3D,0x13,0x00,0x07,0x28,0x5A,0x94,0xC9,
0xEF,0xFD,0xF1,0xCD,0x99,0x5F,0x2C,0x09,0x00,0x11,0x38,0x6F,0xA8,0xD9,0xF7,0xFC,
0xE7,0xBC,0x84,0x4B,0x1D,0x03,0x03,0x1D,0x4B,0x84,0xBC,0xE7,0xFC,0xF7,0xD9,0xA8,
0x6F,0x38,0x11,0x00,0x09,0x2C,0x5F,0x99,0xCD,0xF1,0xFD,0xEF,0xC9,0x94,0x5A,0x28,
0x07,0x00,0x13,0x3D,0x74,0xAD,0xDD,0xF9,0xFB,0xE4,0xB7,0x7F,0x46,0x19,0x02,0x04,
0x20,0x50,0x89,0xC0,0xEA,0xFD,0xF6,0xD5,0xA3,0x69,0x34,0x0E,0x00,0x0C,0x30,0x64,
0x9E,0xD1,0xF4,0xFD,0xEC,0xC5,0x8E,0x55,0x24,0x06,0x01,0x16,0x41,0x79,0xB2,0xE0,
0xFA,0xFA,0xE0,0xB2,0x79,0x41,0x16,0x01,0x06,0x24,0x55,0x8E,0xC5,0xEC,0xFD,0xF4,
0xD1,0x9E,0x64,0x30,0x0C,0x00,0x0E,0x34,0x69,0xA3,0xD5,0xF6,0xFD,0xEA,0xC0,0x89,
0x50,0x20,0x04,0x02,0x19,0x46,
0x7F,0xB7,0xE4,0xFB,0xF9,0xDD,0xAD,0x74,0x3D,0x13,0x00,0x07,0x28,0x5A,0x94,0xC9,
0xEF,0xFD,0xF1,0xCD,0x99,0x5F,0x2C,0x09,0x00,0x11,0x38,0x6F,0xA8,0xD9,0xF7,0xFC,
0xE7,0xBC,0x84,0x4B,0x1D,0x03,0x03,0x1D,0x4B,0x84,0xBC,0xE7,0xFC,0xF7,0xD9,0xA8,
0x6F,0x38,0x11,0x00,0x09,0x2C,0x5F,0x99,0xCD,0xF1,0xFD,0xEF,0xC9,0x94,0x5A,0x28,
0x07,0x00,0x13,0x3D,0x74,0xAD,0xDD,0xF9,0xFB,0xE4,0xB7,0x7F,0x46,0x19,0x02,0x04,
0x20,0x50,0x89,0xC0,0xEA,0xFD,0xF6,0xD5,0xA3,0x69,0x34,0x0E,0x00,0x0C,0x30,0x64,
0x9E,0xD1,0xF4,0xFD,0xEC,0xC5,0x8E,0x55,0x24,0x06,0x01,0x16,0x41,0x79,0xB2,0xE0,
0xFA,0xFA,0xE0,0xB2,0x79,0x41,0x16,0x01,0x06,0x24,0x55,0x8E,0xC5,0xEC,0xFD,0xF4,
0xD1,0x9E,0x64,0x30,0x0C,0x00,0x0E,0x34,0x69,0xA3,0xD5,0xF6,0xFD,0xEA,0xC0,0x89,
0x50,0x20,0x04,0x02,0x19,0x46,
0x7F,0xB7,0xE4,0xFB,0xF9,0xDD,0xAD,0x74,0x3D,0x13,0x00,0x07,0x28,0x5A,0x94,0xC9,
0xEF,0xFD,0xF1,0xCD,0x99,0x5F,0x2C,0x09,0x00,0x11,0x38,0x6F,0xA8,0xD9,0xF7,0xFC,
0xE7,0xBC,0x84,0x4B,0x1D,0x03,0x03,0x1D,0x4B,0x84,0xBC,0xE7,0xFC,0xF7,0xD9,0xA8,
0x6F,0x38,0x11,0x00,0x09,0x2C,0x5F,0x99,0xCD,0xF1,0xFD,0xEF,0xC9,0x94,0x5A,0x28,
0x07,0x00,0x13,0x3D,0x74,0xAD,0xDD,0xF9,0xFB,0xE4,0xB7,0x7F,0x46,0x19,0x02,0x04,
0x20,0x50,0x89,0xC0,0xEA,0xFD,0xF6,0xD5,0xA3,0x69,0x34,0x0E,0x00,0x0C,0x30,0x64,
0x9E,0xD1,0xF4,0xFD,0xEC,0xC5,0x8E,0x55,0x24,0x06,0x01,0x16,0x41,0x79,0xB2,0xE0,
0xFA,0xFA,0xE0,0xB2,0x79,0x41,0x16,0x01,0x06,0x24,0x55,0x8E,0xC5,0xEC,0xFD,0xF4,
0xD1,0x9E,0x64,0x30,0x0C,0x00,0x0E,0x34,0x69,0xA3,0xD5,0xF6,0xFD,0xEA,0xC0,0x89,
0x50,0x20,0x04,0x02,0x19,0x46,
0x7F,0xB7,0xE4,0xFB,0xF9,0xDD,0xAD,0x74,0x3D,0x13,0x00,0x07,0x28,0x5A,0x94,0xC9,
0xEF,0xFD,0xF1,0xCD,0x99,0x5F,0x2C,0x09,0x00,0x11,0x38,0x6F,0xA8,0xD9,0xF7,0xFC,
0xE7,0xBC,0x84,0x4B,0x1D,0x03,0x03,0x1D,0x4B,0x84,0xBC,0xE7,0xFC,0xF7,0xD9,0xA8,
0x6F,0x38,0x11,0x00,0x09,0x2C,0x5F,0x99,0xCD,0xF1,0xFD,0xEF,0xC9,0x94,0x5A,0x28,
0x07,0x00,0x13,0x3D,0x74,0xAD,0xDD,0xF9,0xFB,0xE4,0xB7,0x7F,0x46,0x19,0x02,0x04,
0x20,0x50,0x89,0xC0,0xEA,0xFD,0xF6,0xD5,0xA3,0x69,0x34,0x0E,0x00,0x0C,0x30,0x64,
0x9E,0xD1,0xF4,0xFD,0xEC,0xC5,0x8E,0x55,0x24,0x06,0x01,0x16,0x41,0x79,0xB2,0xE0,
0xFA,0xFA,0xE0,0xB2,0x79,0x41,0x16,0x01,0x06,0x24,0x55,0x8E,0xC5,0xEC,0xFD,0xF4,
0xD1,0x9E,0x64,0x30,0x0C,0x00,0x0E,0x34,0x69,0xA3,0xD5,0xF6,0xFD,0xEA,0xC0,0x89,
0x50,0x20,0x04,0x02,0x19,0x46,
0x7F,0xB7,0xE4,0xFB,0xF9,0xDD,0xAD,0x74,0x3D,0x13,0x00,0x07,0x28,0x5A,0x94,0xC9,
0xEF,0xFD,0xF1,0xCD,0x99,0x5F,0x2C,0x09,0x00,0x11,0x38,0x6F,0xA8,0xD9,0xF7,0xFC,
0xE7,0xBC,0x84,0x4B,0x1D,0x03,0x03,0x1D,0x4B,0x84,0xBC,0xE7,0xFC,0xF7,0xD9,0xA8,
0x6F,0x38,0x11,0x00,0x09,0x2C,0x5F,0x99,0xCD,0xF1,0xFD,0xEF,0xC9,0x94,0x5A,0x28,
0x07,0x00,0x13,0x3D,0x74,0xAD,0xDD,0xF9,0xFB,0xE4,0xB7,0x7F,0x46,0x19,0x02,0x04,
0x20,0x50,0x89,0xC0,0xEA,0xFD,0xF6,0xD5,0xA3,0x69,0x34,0x0E,0x00,0x0C,0x30,0x64,
0x9E,0xD1,0xF4,0xFD,0xEC,0xC5,0x8E,0x55,0x24,0x06,0x01,0x16,0x41,0x79,0xB2,0xE0,
0xFA,0xFA,0xE0,0xB2,0x79,0x41,0x16,0x01,0x06,0x24,0x55,0x8E,0xC5,0xEC,0xFD,0xF4,
0xD1,0x9E,0x64,0x30,0x0C,0x00,0x0E,0x34,0x69,0xA3,0xD5,0xF6,0xFD,0xEA,0xC0,0x89,
0x50,0x20,0x04,0x02,0x19,0x46,
0x7F,0xB7,0xE4,0xFB,0xF9,0xDD,0xAD,0x74,0x3D,0x13,0x00,0x07,0x28,0x5A,0x94,0xC9,
0xEF,0xFD,0xF1,0xCD,0x99,0x5F,0x2C,0x09,0x00,0x11,0x38,0x6F,0xA8,0xD9,0xF7,0xFC,
0xE7,0xBC,0x84,0x4B,0x1D,0x03,0x03,0x1D,0x4B,0x84,0xBC,0xE7,0xFC,0xF7,0xD9,0xA8,
0x6F,0x38,0x11,0x00,0x09,0x2C,0x5F,0x99,0xCD,0xF1,0xFD,0xEF,0xC9,0x94,0x5A,0x28,
0x07,0x00,0x13,0x3D,0x74,0xAD,0xDD,0xF9,0xFB,0xE4,0xB7,0x7F,0x46,0x19,0x02,0x04,
0x20,0x50,0x89,0xC0,0xEA,0xFD,0xF6,0xD5,0xA3,0x69,0x34,0x0E,0x00,0x0C,0x30,0x64,
0x9E,0xD1,0xF4,0xFD,0xEC,0xC5,0x8E,0x55,0x24,0x06,0x01,0x16,0x41,0x79,0xB2,0xE0,
0xFA,0xFA,0xE0,0xB2,0x79,0x41,0x16,0x01,0x06,0x24,0x55,0x8E,0xC5,0xEC,0xFD,0xF4,
0xD1,0x9E,0x64,0x30,0x0C,0x00,0x0E,0x34,0x69,0xA3,0xD5,0xF6,0xFD,0xEA,0xC0,0x89,
0x50,0x20,0x04,0x02,0x19,0x46,
0x7F,0xB7,0xE4,0xFB,0xF9,0xDD,0xAD,0x74,0x3D,0x13,0x00,0x07,0x28,0x5A,0x94,0xC9,
0xEF,0xFD,0xF1,0xCD,0x99,0x5F,0x2C,0x09,0x00,0x11,0x38,0x6F,0xA8,0xD9,0xF7,0xFC,
0xE7,0xBC,0x84,0x4B,0x1D,0x03,0x03,0x1D,0x4B,0x84,0xBC,0xE7,0xFC,0xF7,0xD9,0xA8,
0x6F,0x38,0x11,0x00,0x09,0x2C,0x5F,0x99,0xCD,0xF1,0xFD,0xEF,0xC9,0x94,0x5A,0x28,
0x07,0x00,0x13,0x3D,0x74,0xAD,0xDD,0xF9,0xFB,0xE4,0xB7,0x7F,0x46,0x19,0x02,0x04,
0x20,0x50,0x89,0xC0,0xEA,0xFD,0xF6,0xD5,0xA3,0x69,0x34,0x0E,0x00,0x0C,0x30,0x64,
0x9E,0xD1,0xF4,0xFD,0xEC,0xC5,0x8E,0x55,0x24,0x06,0x01,0x16,0x41,0x79,0xB2,0xE0,
0xFA,0xFA,0xE0,0xB2,0x79,0x41,0x16,0x01,0x06,0x24,0x55,0x8E,0xC5,0xEC,0xFD,0xF4,
0xD1,0x9E,0x64,0x30,0x0C,0x00,0x0E,0x34,0x69,0xA3,0xD5,0xF6,0xFD,0xEA,0xC0,0x89,
0x50,0x20,0x04,0x02,0x19,0x46,
0x7F,0xB7,0xE4,0xFB,0xF9,0xDD,0xAD,0x74,0x3D,0x13,0x00,0x07,0x28,0x5A,0x94,0xC9,
0xEF,0xFD,0xF1,0xCD,0x99,0x5F,0x2C,0x09,0x00,0x11,0x38,0x6F,0xA8,0xD9,0xF7,0xFC,
0xE7,0xBC,0x84,0x4B,0x1D,0x03,0x03,0x1D,0x4B,0x84,0xBC,0xE7,0xFC,0xF7,0xD9,0xA8,
0x6F,0x38,0x11,0x00,0x09,0x2C,0x5F,0x99,0xCD,0xF1,0xFD,0xEF,0xC9,0x94,0x5A,0x28,
0x07,0x00,0x13,0x3D,0x74,0xAD,0xDD,0xF9,0xFB,0xE4,0xB7,0x7F,0x46,0x19,0x02,0x04,
0x20,0x50,0x89,0xC0,0xEA,0xFD,0xF6,0xD5,0xA3,0x69,0x34,0x0E,0x00,0x0C,0x30,0x64,
0x9E,0xD1,0xF4,0xFD,0xEC,0xC5,0x8E,0x55,0x24,0x06,0x01,0x16,0x41,0x79,0xB2,0xE0,
0xFA,0xFA,0xE0,0xB2,0x79,0x41,0x16,0x01,0x06,0x24,0x55,0x8E,0xC5,0xEC,0xFD,0xF4,
0xD1,0x9E,0x64,0x30,0x0C,0x00,0x0E,0x34,0x69,0xA3,0xD5,0xF6,0xFD,0xEA,0xC0,0x89,
0x50,0x20,0x04,0x02,0x19,0x46,
0x7F,0xB7,0xE4,0xFB,0xF9,0xDD,0xAD,0x74,0x3D,0x13,0x00,0x07,0x28,0x5A,0x94,0xC9,
0xEF,0xFD,0xF1,0xCD,0x99,0x5F,0x2C,0x09,0x00,0x11,0x38,0x6F,0xA8,0xD9,0xF7,0xFC,
0xE7,0xBC,0x84,0x4B,0x1D,0x03,0x03,0x1D,0x4B,0x84,0xBC,0xE7,0xFC,0xF7,0xD9,0xA8,
0x6F,0x38,0x11,0x00,0x09,0x2C,0x5F,0x99,0xCD,0xF1,0xFD,0xEF,0xC9,0x94,0x5A,0x28,
0x07,0x00,0x13,0x3D,0x74,0xAD,0xDD,0xF9,0xFB,0xE4,0xB7,0x7F,0x46,0x19,0x02,0x04,
0x20,0x50,0x89,0xC0,0xEA,0xFD,0xF6,0xD5,0xA3,0x69,0x34,0x0E,0x00,0x0C,0x30,0x64,
0x9E,0xD1,0xF4,0xFD,0xEC,0xC5,0x8E,0x55,0x24,0x06,0x01,0x16,0x41,0x79,0xB2,0xE0,
0xFA,0xFA,0xE0,0xB2,0x79,0x41,0x16,0x01,0x06,0x24,0x55,0x8E,0xC5,0xEC,0xFD,0xF4,
0xD1,0x9E,0x64,0x30,0x0C,0x00,0x0E,0x34,0x69,0xA3,0xD5,0xF6,0xFD,0xEA,0xC0,0x89,
0x50,0x20,0x04,0x02,0x19,0x46,
0x7F,0xB7,0xE4,0xFB,0xF9,0xDD,0xAD,0x74,0x3D,0x13,0x00,0x07,0x28,0x5A,0x94,0xC9,
0xEF,0xFD,0xF1,0xCD,0x99,0x5F,0x2C,0x09,0x00,0x11,0x38,0x6F,0xA8,0xD9,0xF7,0xFC,
0xE7,0xBC,0x84,0x4B,0x1D,0x03,0x03,0x1D,0x4B,0x84,0xBC,0xE7,0xFC,0xF7,0xD9,0xA8,
0x6F,0x38,0x11,0x00,0x09,0x2C,0x5F,0x99,0xCD,0xF1,0xFD,0xEF,0xC9,0x94,0x5A,0x28,
0x07,0x00,0x13,0x3D,0x74,0xAD,0xDD,0xF9,0xFB,0xE4,0xB7,0x7F,0x46,0x19,0x02,0x04,
0x20,0x50,0x89,0xC0,0xEA,0xFD,0xF6,0xD5,0xA3,0x69,0x34,0x0E,0x00,0x0C,0x30,0x64,
0x9E,0xD1,0xF4,0xFD,0xEC,0xC5,0x8E,0x55,0x24,0x06,0x01,0x16,0x41,0x79,0xB2,0xE0,
0xFA,0xFA,0xE0,0xB2,0x79,0x41,0x16,0x01,0x06,0x24,0x55,0x8E,0xC5,0xEC,0xFD,0xF4,
0xD1,0x9E,0x64,0x30,0x0C,0x00,0x0E,0x34,0x69,0xA3,0xD5,0xF6,0xFD,0xEA,0xC0,0x89,
0x50,0x20,0x04,0x02,0x19,0x46,
0x7F,0xB7,0xE4,0xFB,0xF9,0xDD,0xAD,0x74,0x3D,0x13,0x00,0x07,0x28,0x5A,0x94,0xC9,
0xEF,0xFD,0xF1,0xCD,0x99,0x5F,0x2C,0x09,0x00,0x11,0x38,0x6F,0xA8,0xD9,0xF7,0xFC,
0xE7,0xBC,0x84,0x4B,0x1D,0x03,0x03,0x1D,0x4B,0x84,0xBC,0xE7,0xFC,0xF7,0xD9,0xA8,
0x6F,0x38,0x11,0x00,0x09,0x2C,0x5F,0x99,0xCD,0xF1,0xFD,0xEF,0xC9,0x94,0x5A,0x28,
0x07,0x00,0x13,0x3D,0x74,0xAD,0xDD,0xF9,0xFB,0xE4,0xB7,0x7F,0x46,0x19,0x02,0x04,
0x20,0x50,0x89,0xC0,0xEA,0xFD,0xF6,0xD5,0xA3,0x69,0x34,0x0E,0x00,0x0C,0x30,0x64,
0x9E,0xD1,0xF4,0xFD,0xEC,0xC5,0x8E,0x55,0x24,0x06,0x01,0x16,0x41,0x79,0xB2,0xE0,
0xFA,0xFA,0xE0,0xB2,0x79,0x41,0x16,0x01,0x06,0x24,0x55,0x8E,0xC5,0xEC,0xFD,0xF4,
0xD1,0x9E,0x64,0x30,0x0C,0x00,0x0E,0x34,0x69,0xA3,0xD5,0xF6,0xFD,0xEA,0xC0,0x89,
0x50,0x20,0x04,0x02,0x19,0x46,
0x7F,0xB7,0xE4,0xFB,0xF9,0xDD,0xAD,0x74,0x3D,0x13,0x00,0x07,0x28,0x5A,0x94,0xC9,
0xEF,0xFD,0xF1,0xCD,0x99,0x5F,0x2C,0x09,0x00,0x11,0x38,0x6F,0xA8,0xD9,0xF7,0xFC,
0xE7,0xBC,0x84,0x4B,0x1D,0x03,0x03,0x1D,0x4B,0x84,0xBC,0xE7,0xFC,0xF7,0xD9,0xA8,
0x6F,0x38,0x11,0x00,0x09,0x2C,0x5F,0x99,0xCD,0xF1,0xFD,0xEF,0xC9,0x94,0x5A,0x28,
0x07,0x00,0x13,0x3D,0x74,0xAD,0xDD,0xF9,0xFB,0xE4,0xB7,0x7F,0x46,0x19,0x02,0x04,
0x20,0x50,0x89,0xC0,0xEA,0xFD,0xF6,0xD5,0xA3,0x69,0x34,0x0E,0x00,0x0C,0x30,0x64,
0x9E,0xD1,0xF4,0xFD,0xEC,0xC5,0x8E,0x55,0x24,0x06,0x01,0x16,0x41,0x79,0xB2,0xE0,
0xFA,0xFA,0xE0,0xB2,0x79,0x41,0x16,0x01,0x06,0x24,0x55,0x8E,0xC5,0xEC,0xFD,0xF4,
0xD1,0x9E,0x64,0x30,0x0C,0x00,0x0E,0x34,0x69,0xA3,0xD5,0xF6,0xFD,0xEA,0xC0,0x89,
0x50,0x20,0x04,0x02,0x19,0x46,
0x7F,0xB7,0xE4,0xFB,0xF9,0xDD,0xAD,0x74,0x3D,0x13,0x00,0x07,0x28,0x5A,0x94,0xC9,
0xEF,0xFD,0xF1,0xCD,0x99,0x5F,0x2C,0x09,0x00,0x11,0x38,0x6F,0xA8,0xD9,0xF7,0xFC,
0xE7,0xBC,0x84,0x4B,0x1D,0x03,0x03,0x1D,0x4B,0x84,0xBC,0xE7,0xFC,0xF7,0xD9,0xA8,
0x6F,0x38,0x11,0x00,0x09,0x2C,0x5F,0x99,0xCD,0xF1,0xFD,0xEF,0xC9,0x94,0x5A,0x28,
0x07,0x00,0x13,0x3D,0x74,0xAD,0xDD,0xF9,0xFB,0xE4,0xB7,0x7F,0x46,0x19,0x02,0x04,
0x20,0x50,0x89,0xC0,0xEA,0xFD,0xF6,0xD5,0xA3,0x69,0x34,0x0E,0x00,0x0C,0x30,0x64,
0x9E,0xD1,0xF4,0xFD,0xEC,0xC5,0x8E,0x55,0x24,0x06,0x01,0x16,0x41,0x79,0xB2,0xE0,
0xFA,0xFA,0xE0,0xB2,0x79,0x41,0x16,0x01,0x06,0x24,0x55,0x8E,0xC5,0xEC,0xFD,0xF4,
0xD1,0x9E,0x64,0x30,0x0C,0x00,0x0E,0x34,0x69,0xA3,0xD5,0xF6,0xFD,0xEA,0xC0,0x89,
0x50,0x20,0x04,0x02,0x19,0x46,
0x7F,0xB7,0xE4,0xFB,0xF9,0xDD,0xAD,0x74,0x3D,0x13,0x00,0x07,0x28,0x5A,0x94,0xC9,
0xEF,0xFD,0xF1,0xCD,0x99,0x5F,0x2C,0x09,0x00,0x11,0x38,0x6F,0xA8,0xD9,0xF7,0xFC,
0xE7,0xBC,0x84,0x4B,0x1D,0x03,0x03,0x1D,0x4B,0x84,0xBC,0xE7,0xFC,0xF7,0xD9,0xA8,
0x6F,0x38,0x11,0x00,0x09,0x2C,0x5F,0x99,0xCD,0xF1,0xFD,0xEF,0xC9,0x94,0x5A,0x28,
0x07,0x00,0x13,0x3D,0x74,0xAD,0xDD,0xF9,0xFB,0xE4,0xB7,0x7F,0x46,0x19,0x02,0x04,
0x20,0x50,0x89,0xC0,0xEA,0xFD,0xF6,0xD5,0xA3,0x69,0x34,0x0E,0x00,0x0C,0x30,0x64,
0x9E,0xD1,0xF4,0xFD,0xEC,0xC5,0x8E,0x55,0x24,0x06,0x01,0x16,0x41,0x79,0xB2,0xE0,
0xFA,0xFA,0xE0,0xB2,0x79,0x41,0x16,0x01,0x06,0x24,0x55,0x8E,0xC5,0xEC,0xFD,0xF4,
0xD1,0x9E,0x64,0x30,0x0C,0x00,0x0E,0x34,0x69,0xA3,0xD5,0xF6,0xFD,0xEA,0xC0,0x89,
0x50,0x20,0x04,0x02,0x19,0x46,
0x7F,0xB7,0xE4,0xFB,0xF9,0xDD,0xAD,0x74,0x3D,0x13,0x00,0x07,0x28,0x5A,0x94,0xC9,
0xEF,0xFD,0xF1,0xCD,0x99,0x5F,0x2C,0x09,0x00,0x11,0x38,0x6F,0xA8,0xD9,0xF7,0xFC,
0xE7,0xBC,0x84,0x4B,0x1D,0x03,0x03,0x1D,0x4B,0x84,0xBC,0xE7,0xFC,0xF7,0xD9,0xA8,
0x6F,0x38,0x11,0x00,0x09,0x2C,0x5F,0x99,0xCD,0xF1,0xFD,0xEF,0xC9,0x94,0x5A,0x28,
0x07,0x00,0x13,0x3D,0x74,0xAD,0xDD,0xF9,0xFB,0xE4,0xB7,0x7F,0x46,0x19,0x02,0x04,
0x20,0x50,0x89,0xC0,0xEA,0xFD,0xF6,0xD5,0xA3,0x69,0x34,0x0E,0x00,0x0C,0x30,0x64,
0x9E,0xD1,0xF4,0xFD,0xEC,0xC5,0x8E,0x55,0x24,0x06,0x01,0x16,0x41,0x79,0xB2,0xE0,
0xFA,0xFA,0xE0,0xB2,0x79,0x41,0x16,0x01,0x06,0x24,0x55,0x8E,0xC5,0xEC,0xFD,0xF4,
0xD1,0x9E,0x64,0x30,0x0C,0x00,0x0E,0x34,0x69,0xA3,0xD5,0xF6,0xFD,0xEA,0xC0,0x89,
0x50,0x20,0x04,0x02,0x19,0x46,
0x7F,0xB7,0xE4,0xFB,0xF9,0xDD,0xAD,0x74,0x3D,0x13,0x00,0x07,0x28,0x5A,0x94,0xC9,
0xEF,0xFD,0xF1,0xCD,0x99,0x5F,0x2C,0x09,0x00,0x11,0x38,0x6F,0xA8,0xD9,0xF7,0xFC,
0xE7,0xBC,0x84,0x4B,0x1D,0x03,0x03,0x1D,0x4B,0x84,0xBC,0xE7,0xFC,0xF7,0xD9,0xA8,
0x6F,0x38,0x11,0x00,0x09,0x2C,0x5F,0x99,0xCD,0xF1,0xFD,0xEF,0xC9,0x94,0x5A,0x28,
0x07,0x00,0x13,0x3D,0x74,0xAD,0xDD,0xF9,0xFB,0xE4,0xB7,0x7F,0x46,0x19,0x02,0x04,
0x20,0x50,0x89,0xC0,0xEA,0xFD,0xF6,0xD5,0xA3,0x69,0x34,0x0E,0x00,0x0C,0x30,0x64,
0x9E,0xD1,0xF4,0xFD,0xEC,0xC5,0x8E,0x55,0x24,0x06,0x01,0x16,0x41,0x79,0xB2,0xE0,
0xFA,0xFA,0xE0,0xB2,0x79,0x41,0x16,0x01,0x06,0x24,0x55,0x8E,0xC5,0xEC,0xFD,0xF4,
0xD1,0x9E,0x64,0x30,0x0C,0x00,0x0E,0x34,0x69,0xA3,0xD5,0xF6,0xFD,0xEA,0xC0,0x89,
0x50,0x20,0x04,0x02,0x19,0x46,
0x7F,0xB7,0xE4,0xFB,0xF9,0xDD,0xAD,0x74,0x3D,0x13,0x00,0x07,0x28,0x5A,0x94,0xC9,
0xEF,0xFD,0xF1,0xCD,0x99,0x5F,0x2C,0x09,0x00,0x11,0x38,0x6F,0xA8,0xD9,0xF7,0xFC,
0xE7,0xBC,0x84,0x4B,0x1D,0x03,0x03,0x1D,0x4B,0x84,0xBC,0xE7,0xFC,0xF7,0xD9,0xA8,
0x6F,0x38,0x11,0x00,0x09,0x2C,0x5F,0x99,0xCD,0xF1,0xFD,0xEF,0xC9,0x94,0x5A,0x28,
0x07,0x00,0x13,0x3D,0x74,0xAD,0xDD,0xF9,0xFB,0xE4,0xB7,0x7F,0x46,0x19,0x02,0x04,
0x20,0x50,0x89,0xC0,0xEA,0xFD,0xF6,0xD5,0xA3,0x69,0x34,0x0E,0x00,0x0C,0x30,0x64,
0x9E,0xD1,0xF4,0xFD,0xEC,0xC5,0x8E,0x55,0x24,0x06,0x01,0x16,0x41,0x79,0xB2,0xE0,
0xFA,0xFA,0xE0,0xB2,0x79,0x41,0x16,0x01,0x06,0x24,0x55,0x8E,0xC5,0xEC,0xFD,0xF4,
0xD1,0x9E,0x64,0x30,0x0C,0x00,0x0E,0x34,0x69,0xA3,0xD5,0xF6,0xFD,0xEA,0xC0,0x89,
0x50,0x20,0x04,0x02,0x19,0x46,
0x7F,0xB7,0xE4,0xFB,0xF9,0xDD,0xAD,0x74,0x3D,0x13,0x00,0x07,0x28,0x5A,0x94,0xC9,
0xEF,0xFD,0xF1,0xCD,0x99,0x5F,0x2C,0x09,0x00,0x11,0x38,0x6F,0xA8,0xD9,0xF7,0xFC,
0xE7,0xBC,0x84,0x4B,0x1D,0x03,0x03,0x1D,0x4B,0x84,0xBC,0xE7,0xFC,0xF7,0xD9,0xA8,
0x6F,0x38,0x11,0x00,0x09,0x2C,0x5F,0x99,0xCD,0xF1,0xFD,0xEF,0xC9,0x94,0x5A,0x28,
0x07,0x00,0x13,0x3D,0x74,0xAD,0xDD,0xF9,0xFB,0xE4,0xB7,0x7F,0x46,0x19,0x02,0x04,
0x20,0x50,0x89,0xC0,0xEA,0xFD,0xF6,0xD5,0xA3,0x69,0x34,0x0E,0x00,0x0C,0x30,0x64,
0x9E,0xD1,0xF4,0xFD,0xEC,0xC5,0x8E,0x55,0x24,0x06,0x01,0x16,0x41,0x79,0xB2,0xE0,
0xFA,0xFA,0xE0,0xB2,0x79,0x41,0x16,0x01,0x06,0x24,0x55,0x8E,0xC5,0xEC,0xFD,0xF4,
0xD1,0x9E,0x64,0x30,0x0C,0x00,0x0E,0x34,0x69,0xA3,0xD5,0xF6,0xFD,0xEA,0xC0,0x89,
0x50,0x20,0x04,0x02,0x19,0x46,
0x7F,0xB7,0xE4,0xFB,0xF9,0xDD,0xAD,0x74,0x3D,0x13,0x00,0x07,0x28,0x5A,0x94,0xC9,
0xEF,0xFD,0xF1,0xCD,0x99,0x5F,0x2C,0x09,0x00,0x11,0x38,0x6F,0xA8,0xD9,0xF7,0xFC,
0xE7,0xBC,0x84,0x4B,0x1D,0x03,0x03,0x1D,0x4B,0x84,0xBC,0xE7,0xFC,0xF7,0xD9,0xA8,
0x6F,0x38,0x11,0x00,0x09,0x2C,0x5F,0x99,0xCD,0xF1,0xFD,0xEF,0xC9,0x94,0x5A,0x28,
0x07,0x00,0x13,0x3D,0x74,0xAD,0xDD,0xF9,0xFB,0xE4,0xB7,0x7F,0x46,0x19,0x02,0x04,
0x20,0x50,0x89,0xC0,0xEA,0xFD,0xF6,0xD5,0xA3,0x69,0x34,0x0E,0x00,0x0C,0x30,0x64,
0x9E,0xD1,0xF4,0xFD,0xEC,0xC5,0x8E,0x55,0x24,0x06,0x01,0x16,0x41,0x79,0xB2,0xE0,
0xFA,0xFA,0xE0,0xB2,0x79,0x41,0x16,0x01,0x06,0x24,0x55,0x8E,0xC5,0xEC,0xFD,0xF4,
0xD1,0x9E,0x64,0x30,0x0C,0x00,0x0E,0x34,0x69,0xA3,0xD5,0xF6,0xFD,0xEA,0xC0,0x89,
0x50,0x20,0x04,0x02,0x19,0x46,
0x7F,0xB7,0xE4,0xFB,0xF9,0xDD,0xAD,0x74,0x3D,0x13,0x00,0x07,0x28,0x5A,0x94,0xC9,
0xEF,0xFD,0xF1,0xCD,0x99,0x5F,0x2C,0x09,0x00,0x11,0x38,0x6F,0xA8,0xD9,0xF7,0xFC,
0xE7,0xBC,0x84,0x4B,0x1D,0x03,0x03,0x1D,0x4B,0x84,0xBC,0xE7,0xFC,0xF7,0xD9,0xA8,
0x6F,0x38,0x11,0x00,0x09,0x2C,0x5F,0x99,0xCD,0xF1,0xFD,0xEF,0xC9,0x94,0x5A,0x28,
0x07,0x00,0x13,0x3D,0x74,0xAD,0xDD,0xF9,0xFB,0xE4,0xB7,0x7F,0x46,0x19,0x02,0x04,
0x20,0x50,0x89,0xC0,0xEA,0xFD,0xF6,0xD5,0xA3,0x69,0x34,0x0E,0x00,0x0C,0x30,0x64,
0x9E,0xD1,0xF4,0xFD,0xEC,0xC5,0x8E,0x55,0x24,0x06,0x01,0x16,0x41,0x79,0xB2,0xE0,
0xFA,0xFA,0xE0,0xB2,0x79,0x41,0x16,0x01,0x06,0x24,0x55,0x8E,0xC5,0xEC,0xFD,0xF4,
0xD1,0x9E,0x64,0x30,0x0C,0x00,0x0E,0x34,0x69,0xA3,0xD5,0xF6,0xFD,0xEA,0xC0,0x89,
0x50,0x20,0x04,0x02,0x19,0x46,
0x7F,0xB7,0xE4,0xFB,0xF9,0xDD,0xAD,0x74,0x3D,0x13,0x00,0x07,0x28,0x5A,0x94,0xC9,
0xEF,0xFD,0xF1,0xCD,0x99,0x5F,0x2C,0x09,0x00,0x11,0x38,0x6F,0xA8,0xD9,0xF7,0xFC,
0xE7,0xBC,0x84,0x4B,0x1D,0x03,0x03,0x1D,0x4B,0x84,0xBC,0xE7,0xFC,0xF7,0xD9,0xA8,
0x6F,0x38,0x11,0x00,0x09,0x2C,0x5F,0x99,0xCD,0xF1,0xFD,0xEF,0xC9,0x94,0x5A,0x28,
0x07,0x00,0x13,0x3D,0x74,0xAD,0xDD,0xF9,0xFB,0xE4,0xB7,0x7F,0x46,0x19,0x02,0x04,
0x20,0x50,0x89,0xC0,0xEA,0xFD,0xF6,0xD5,0xA3,0x69,0x34,0x0E,0x00,0x0C,0x30,0x64,
0x9E,0xD1,0xF4,0xFD,0xEC,0xC5,0x8E,0x55,0x24,0x06,0x01,0x16,0x41,0x79,0xB2,0xE0,
0xFA,0xFA,0xE0,0xB2,0x79,0x41,0x16,0x01,0x06,0x24,0x55,0x8E,0xC5,0xEC,0xFD,0xF4,
0xD1,0x9E,0x64,0x30,0x0C,0x00,0x0E,0x34,0x69,0xA3,0xD5,0xF6,0xFD,0xEA,0xC0,0x89,
0x50,0x20,0x04,0x02,0x19,0x46,
0x7F,0xB7,0xE4,0xFB,0xF9,0xDD,0xAD,0x74,0x3D,0x13,0x00,0x07,0x28,0x5A,0x94,0xC9,
0xEF,0xFD,0xF1,0xCD,0x99,0x5F,0x2C,0x09,0x00,0x11,0x38,0x6F,0xA8,0xD9,0xF7,0xFC,
0xE7,0xBC,0x84,0x4B,0x1D,0x03,0x03,0x1D,0x4B,0x84,0xBC,0xE7,0xFC,0xF7,0xD9,0xA8,
0x6F,0x38,0x11,0x00,0x09,0x2C,0x5F,0x99,0xCD,0xF1,0xFD,0xEF,0xC9,0x94,0x5A,0x28,
0x07,0x00,0x13,0x3D,0x74,0xAD,0xDD,0xF9,0xFB,0xE4,0xB7,0x7F,0x46,0x19,0x02,0x04,
0x20,0x50,0x89,0xC0,0xEA,0xFD,0xF6,0xD5,0xA3,0x69,0x34,0x0E,0x00,0x0C,0x30,0x64,
0x9E,0xD1,0xF4,0xFD,0xEC,0xC5,0x8E,0x55,0x24,0x06,0x01,0x16,0x41,0x79,0xB2,0xE0,
0xFA,0xFA,0xE0,0xB2,0x79,0x41,0x16,0x01,0x06,0x24,0x55,0x8E,0xC5,0xEC,0xFD,0xF4,
0xD1,0x9E,0x64,0x30,0x0C,0x00,0x0E,0x34,0x69,0xA3,0xD5,0xF6,0xFD,0xEA,0xC0,0x89,
0x50,0x20,0x04,0x02,0x19,0x46,
0x7F,0xB7,0xE4,0xFB,0xF9,0xDD,0xAD,0x74,0x3D,0x13,0x00,0x07,0x28,0x5A,0x94,0xC9,
0xEF,0xFD,0xF1,0xCD,0x99,0x5F,0x2C,0x09,0x00,0x11,0x38,0x6F,0xA8,0xD9,0xF7,0xFC,
0xE7,0xBC,0x84,0x4B,0x1D,0x03,0x03,0x1D,0x4B,0x84,0xBC,0xE7,0xFC,0xF7,0xD9,0xA8,
0x6F,0x38,0x11,0x00,0x09,0x2C,0x5F,0x99,0xCD,0xF1,0xFD,0xEF,0xC9,0x94,0x5A,0x28,
0x07,0x00,0x13,0x3D,0x74,0xAD,0xDD,0xF9,0xFB,0xE4,0xB7,0x7F,0x46,0x19,0x02,0x04,
0x20,0x50,0x89,0xC0,0xEA,0xFD,0xF6,0xD5,0xA3,0x69,0x34,0x0E,0x00,0x0C,0x30,0x64,
0x9E,0xD1,0xF4,0xFD,0xEC,0xC5,0x8E,0x55,0x24,0x06,0x01,0x16,0x41,0x79,0xB2,0xE0,
0xFA,0xFA,0xE0,0xB2,0x79,0x41,0x16,0x01,0x06,0x24,0x55,0x8E,0xC5,0xEC,0xFD,0xF4,
0xD1,0x9E,0x64,0x30,0x0C,0x00,0x0E,0x34,0x69,0xA3,0xD5,0xF6,0xFD,0xEA,0xC0,0x89,
0x50,0x20,0x04,0x02,0x19,0x46,
0x7F,0xB7,0xE4,0xFB,0xF9,0xDD,0xAD,0x74,0x3D,0x13,0x00,0x07,0x28,0x5A,0x94,0xC9,
0xEF,0xFD,0xF1,0xCD,0x99,0x5F,0x2C,0x09,0x00,0x11,0x38,0x6F,0xA8,0xD9,0xF7,0xFC,
0xE7,0xBC,0x84,0x4B,0x1D,0x03,0x03,0x1D,0x4B,0x84,0xBC,0xE7,0xFC,0xF7,0xD9,0xA8,
0x6F,0x38,0x11,0x00,0x09,0x2C,0x5F,0x99,0xCD,0xF1,0xFD,0xEF,0xC9,0x94,0x5A,0x28,
0x07,0x00,0x13,0x3D,0x74,0xAD,0xDD,0xF9,0xFB,0xE4,0xB7,0x7F,0x46,0x19,0x02,0x04,
0x20,0x50,0x89,0xC0,0xEA,0xFD,0xF6,0xD5,0xA3,0x69,0x34,0x0E,0x00,0x0C,0x30,0x64,
0x9E,0xD1,0xF4,0xFD,0xEC,0xC5,0x8E,0x55,0x24,0x06,0x01,0x16,0x41,0x79,0xB2,0xE0,
0xFA,0xFA,0xE0,0xB2,0x79,0x41,0x16,0x01,0x06,0x24,0x55,0x8E,0xC5,0xEC,0xFD,0xF4,
0xD1,0x9E,0x64,0x30,0x0C,0x00,0x0E,0x34,0x69,0xA3,0xD5,0xF6,0xFD,0xEA,0xC0,0x89,
0x50,0x20,0x04,0x02,0x19,0x46,
0x7F,0xB7,0xE4,0xFB,0xF9,0xDD,0xAD,0x74,0x3D,0x13,0x00,0x07,0x28,0x5A,0x94,0xC9,
0xEF,0xFD,0xF1,0xCD,0x99,0x5F,0x2C,0x09,0x00,0x11,0x38,0x6F,0xA8,0xD9,0xF7,0xFC,
0xE7,0xBC,0x84,0x4B,0x1D,0x03,0x03,0x1D,0x4B,0x84,0xBC,0xE7,0xFC,0xF7,0xD9,0xA8,
0x6F,0x38,0x11,0x00,0x09,0x2C,0x5F,0x99,0xCD,0xF1,0xFD,0xEF,0xC9,0x94,0x5A,0x28,
0x07,0x00,0x13,0x3D,0x74,0xAD,0xDD,0xF9,0xFB,0xE4,0xB7,0x7F,0x46,0x19,0x02,0x04,
0x20,0x50,0x89,0xC0,0xEA,0xFD,0xF6,0xD5,0xA3,0x69,0x34,0x0E,0x00,0x0C,0x30,0x64,
0x9E,0xD1,0xF4,0xFD,0xEC,0xC5,0x8E,0x55,0x24,0x06,0x01,0x16,0x41,0x79,0xB2,0xE0,
0xFA,0xFA,0xE0,0xB2,0x79,0x41,0x16,0x01,0x06,0x24,0x55,0x8E,0xC5,0xEC,0xFD,0xF4,
0xD1,0x9E,0x64,0x30,0x0C,0x00,0x0E,0x34,0x69,0xA3,0xD5,0xF6,0xFD,0xEA,0xC0,0x89,
0x50,0x20,0x04,0x02,0x19,0x46,
0x7F,0xB7,0xE4,0xFB,0xF9,0xDD,0xAD,0x74,0x3D,0x13,0x00,0x07,0x28,0x5A,0x94,0xC9,
0xEF,0xFD,0xF1,0xCD,0x99,0x5F,0x2C,0x09,0x00,0x11,0x38,0x6F,0xA8,0xD9,0xF7,0xFC,
0xE7,0xBC,0x84,0x4B,0x1D,0x03,0x03,0x1D,0x4B,0x84,0xBC,0xE7,0xFC,0xF7,0xD9,0xA8,
0x6F,0x38,0x11,0x00,0x09,0x2C,0x5F,0x99,0xCD,0xF1,0xFD,0xEF,0xC9,0x94,0x5A,0x28,
0x07,0x00,0x13,0x3D,0x74,0xAD,0xDD,0xF9,0xFB,0xE4,0xB7,0x7F,0x46,0x19,0x02,0x04,
0x20,0x50,0x89,0xC0,0xEA,0xFD,0xF6,0xD5,0xA3,0x69,0x34,0x0E,0x00,0x0C,0x30,0x64,
0x9E,0xD1,0xF4,0xFD,0xEC,0xC5,0x8E,0x55,0x24,0x06,0x01,0x16,0x41,0x79,0xB2,0xE0,
0xFA,0xFA,0xE0,0xB2,0x79,0x41,0x16,0x01,0x06,0x24,0x55,0x8E,0xC5,0xEC,0xFD,0xF4,
0xD1,0x9E,0x64,0x30,0x0C,0x00,0x0E,0x34,0x69,0xA3,0xD5,0xF6,0xFD,0xEA,0xC0,0x89,
0x50,0x20,0x04,0x02,0x19,0x46,
0x7F,0xB7,0xE4,0xFB,0xF9,0xDD,0xAD,0x74,0x3D,0x13,0x00,0x07,0x28,0x5A,0x94,0xC9,
0xEF,0xFD,0xF1,0xCD,0x99,0x5F,0x2C,0x09,0x00,0x11,0x38,0x6F,0xA8,0xD9,0xF7,0xFC,
0xE7,0xBC,0x84,0x4B,0x1D,0x03,0x03,0x1D,0x4B,0x84,0xBC,0xE7,0xFC,0xF7,0xD9,0xA8,
0x6F,0x38,0x11,0x00,0x09,0x2C,0x5F,0x99,0xCD,0xF1,0xFD,0xEF,0xC9,0x94,0x5A,0x28,
0x07,0x00,0x13,0x3D,0x74,0xAD,0xDD,0xF9,0xFB,0xE4,0xB7,0x7F,0x46,0x19,0x02,0x04,
0x20,0x50,0x89,0xC0,0xEA,0xFD,0xF6,0xD5,0xA3,0x69,0x34,0x0E,0x00,0x0C,0x30,0x64,
0x9E,0xD1,0xF4,0xFD,0xEC,0xC5,0x8E,0x55,0x24,0x06,0x01,0x16,0x41,0x79,0xB2,0xE0,
0xFA,0xFA,0xE0,0xB2,0x79,0x41,0x16,0x01,0x06,0x24,0x55,0x8E,0xC5,0xEC,0xFD,0xF4,
0xD1,0x9E,0x64,0x30,0x0C,0x00,0x0E,0x34,0x69,0xA3,0xD5,0xF6,0xFD,0xEA,0xC0,0x89,
0x50,0x20,0x04,0x02,0x19,0x46,
0x7F,0xB7,0xE4,0xFB,0xF9,0xDD,0xAD,0x74,0x3D,0x13,0x00,0x07,0x28,0x5A,0x94,0xC9,
0xEF,0xFD,0xF1,0xCD,0x99,0x5F,0x2C,0x09,0x00,0x11,0x38,0x6F,0xA8,0xD9,0xF7,0xFC,
0xE7,0xBC,0x84,0x4B,0x1D,0x03,0x03,0x1D,0x4B,0x84,0xBC,0xE7,0xFC,0xF7,0xD9,0xA8,
0x6F,0x38,0x11,0x00,0x09,0x2C,0x5F,0x99,0xCD,0xF1,0xFD,0xEF,0xC9,0x94,0x5A,0x28,
0x07,0x00,0x13,0x3D,0x74,0xAD,0xDD,0xF9,0xFB,0xE4,0xB7,0x7F,0x46,0x19,0x02,0x04,
0x20,0x50,0x89,0xC0,0xEA,0xFD,0xF6,0xD5,0xA3,0x69,0x34,0x0E,0x00,0x0C,0x30,0x64,
0x9E,0xD1,0xF4,0xFD,0xEC,0xC5,0x8E,0x55,0x24,0x06,0x01,0x16,0x41,0x79,0xB2,0xE0,
0xFA,0xFA,0xE0,0xB2,0x79,0x41,0x16,0x01,0x06,0x24,0x55,0x8E,0xC5,0xEC,0xFD,0xF4,
0xD1,0x9E,0x64,0x30,0x0C,0x00,0x0E,0x34,0x69,0xA3,0xD5,0xF6,0xFD,0xEA,0xC0,0x89,
0x50,0x20,0x04,0x02,0x19,0x46,
0x7F,0xB7,0xE4,0xFB,0xF9,0xDD,0xAD,0x74,0x3D,0x13,0x00,0x07,0x28,0x5A,0x94,0xC9,
0xEF,0xFD,0xF1,0xCD,0x99,0x5F,0x2C,0x09,0x00,0x11,0x38,0x6F,0xA8,0xD9,0xF7,0xFC,
0xE7,0xBC,0x84,0x4B,0x1D,0x03,0x03,0x1D,0x4B,0x84,0xBC,0xE7,0xFC,0xF7,0xD9,0xA8,
0x6F,0x38,0x11,0x00,0x09,0x2C,0x5F,0x99,0xCD,0xF1,0xFD,0xEF,0xC9,0x94,0x5A,0x28,
0x07,0x00,0x13,0x3D,0x74,0xAD,0xDD,0xF9,0xFB,0xE4,0xB7,0x7F,0x46,0x19,0x02,0x04,
0x20,0x50,0x89,0xC0,0xEA,0xFD,0xF6,0xD5,0xA3,0x69,0x34,0x0E,0x00,0x0C,0x30,0x64,
0x9E,0xD1,0xF4,0xFD,0xEC,0xC5,0x8E,0x55,0x24,0x06,0x01,0x16,0x41,0x79,0xB2,0xE0,
0xFA,0xFA,0xE0,0xB2,0x79,0x41,0x16,0x01,0x06,0x24,0x55,0x8E,0xC5,0xEC,0xFD,0xF4,
0xD1,0x9E,0x64,0x30,0x0C,0x00,0x0E,0x34,0x69,0xA3,0xD5,0xF6,0xFD,0xEA,0xC0,0x89,
0x50,0x20,0x04,0x02,0x19,0x46,
0x7F,0xB7,0xE4,0xFB,0xF9,0xDD,0xAD,0x74,0x3D,0x13,0x00,0x07,0x28,0x5A,0x94,0xC9,
0xEF,0xFD,0xF1,0xCD,0x99,0x5F,0x2C,0x09,0x00,0x11,0x38,0x6F,0xA8,0xD9,0xF7,0xFC,
0xE7,0xBC,0x84,0x4B,0x1D,0x03,0x03,0x1D,0x4B,0x84,0xBC,0xE7,0xFC,0xF7,0xD9,0xA8,
0x6F,0x38,0x11,0x00,0x09,0x2C,0x5F,0x99,0xCD,0xF1,0xFD,0xEF,0xC9,0x94,0x5A,0x28,
0x07,0x00,0x13,0x3D,0x74,0xAD,0xDD,0xF9,0xFB,0xE4,0xB7,0x7F,0x46,0x19,0x02,0x04,
0x20,0x50,0x89,0xC0,0xEA,0xFD,0xF6,0xD5,0xA3,0x69,0x34,0x0E,0x00,0x0C,0x30,0x64,
0x9E,0xD1,0xF4,0xFD,0xEC,0xC5,0x8E,0x55,0x24,0x06,0x01,0x16,0x41,0x79,0xB2,0xE0,
0xFA,0xFA,0xE0,0xB2,0x79,0x41,0x16,0x01,0x06,0x24,0x55,0x8E,0xC5,0xEC,0xFD,0xF4,
0xD1,0x9E,0x64,0x30,0x0C,0x00,0x0E,0x34,0x69,0xA3,0xD5,0xF6,0xFD,0xEA,0xC0,0x89,
0x50,0x20,0x04,0x02,0x19,0x46,
0x7F,0xB7,0xE4,0xFB,0xF9,0xDD,0xAD,0x74,0x3D,0x13,0x00,0x07,0x28,0x5A,0x94,0xC9,
0xEF,0xFD,0xF1,0xCD,0x99,0x5F,0x2C,0x09,0x00,0x11,0x38,0x6F,0xA8,0xD9,0xF7,0xFC,
0xE7,0xBC,0x84,0x4B,0x1D,0x03,0x03,0x1D,0x4B,0x84,0xBC,0xE7,0xFC,0xF7,0xD9,0xA8,
0x6F,0x38,0x11,0x00,0x09,0x2C,0x5F,0x99,0xCD,0xF1,0xFD,0xEF,0xC9,0x94,0x5A,0x28,
0x07,0x00,0x13,0x3D,0x74,0xAD,0xDD,0xF9,0xFB,0xE4,0xB7,0x7F,0x46,0x19,0x02,0x04,
0x20,0x50,0x89,0xC0,0xEA,0xFD,0xF6,0xD5,0xA3,0x69,0x34,0x0E,0x00,0x0C,0x30,0x64,
0x9E,0xD1,0xF4,0xFD,0xEC,0xC5,0x8E,0x55,0x24,0x06,0x01,0x16,0x41,0x79,0xB2,0xE0,
0xFA,0xFA,0xE0,0xB2,0x79,0x41,0x16,0x01,0x06,0x24,0x55,0x8E,0xC5,0xEC,0xFD,0xF4,
0xD1,0x9E,0x64,0x30,0x0C,0x00,0x0E,0x34,0x69,0xA3,0xD5,0xF6,0xFD,0xEA,0xC0,0x89,
0x50,0x20,0x04,0x02,0x19,0x46,
0x7F,0xB7,0xE4,0xFB,0xF9,0xDD,0xAD,0x74,0x3D,0x13,0x00,0x07,0x28,0x5A,0x94,0xC9,
0xEF,0xFD,0xF1,0xCD,0x99,0x5F,0x2C,0x09,0x00,0x11,0x38,0x6F,0xA8,0xD9,0xF7,0xFC,
0xE7,0xBC,0x84,0x4B,0x1D,0x03,0x03,0x1D,0x4B,0x84,0xBC,0xE7,0xFC,0xF7,0xD9,0xA8,
0x6F,0x38,0x11,0x00,0x09,0x2C,0x5F,0x99,0xCD,0xF1,0xFD,0xEF,0xC9,0x94,0x5A,0x28,
0x07,0x00,0x13,0x3D,0x74,0xAD,0xDD,0xF9,0xFB,0xE4,0xB7,0x7F,0x46,0x19,0x02,0x04,
0x20,0x50,0x89,0xC0,0xEA,0xFD,0xF6,0xD5,0xA3,0x69,0x34,0x0E,0x00,0x0C,0x30,0x64,
0x9E,0xD1,0xF4,0xFD,0xEC,0xC5,0x8E,0x55,0x24,0x06,0x01,0x16,0x41,0x79,0xB2,0xE0,
0xFA,0xFA,0xE0,0xB2,0x79,0x41,0x16,0x01,0x06,0x24,0x55,0x8E,0xC5,0xEC,0xFD,0xF4,
0xD1,0x9E,0x64,0x30,0x0C,0x00,0x0E,0x34,0x69,0xA3,0xD5,0xF6,0xFD,0xEA,0xC0,0x89,
0x50,0x20,0x04,0x02,0x19,0x46,
0x7F,0xB7,0xE4,0xFB,0xF9,0xDD,0xAD,0x74,0x3D,0x13,0x00,0x07,0x28,0x5A,0x94,0xC9,
0xEF,0xFD,0xF1,0xCD,0x99,0x5F,0x2C,0x09,0x00,0x11,0x38,0x6F,0xA8,0xD9,0xF7,0xFC,
0xE7,0xBC,0x84,0x4B,0x1D,0x03,0x03,0x1D,0x4B,0x84,0xBC,0xE7,0xFC,0xF7,0xD9,0xA8,
0x6F,0x38,0x11,0x00,0x09,0x2C,0x5F,0x99,0xCD,0xF1,0xFD,0xEF,0xC9,0x94,0x5A,0x28,
0x07,0x00,0x13,0x3D,0x74,0xAD,0xDD,0xF9,0xFB,0xE4,0xB7,0x7F,0x46,0x19,0x02,0x04,
0x20,0x50,0x89,0xC0,0xEA,0xFD,0xF6,0xD5,0xA3,0x69,0x34,0x0E,0x00,0x0C,0x30,0x64,
0x9E,0xD1,0xF4,0xFD,0xEC,0xC5,0x8E,0x55,0x24,0x06,0x01,0x16,0x41,0x79,0xB2,0xE0,
0xFA,0xFA,0xE0,0xB2,0x79,0x41,0x16,0x01,0x06,0x24,0x55,0x8E,0xC5,0xEC,0xFD,0xF4,
0xD1,0x9E,0x64,0x30,0x0C,0x00,0x0E,0x34,0x69,0xA3,0xD5,0xF6,0xFD,0xEA,0xC0,0x89,
0x50,0x20,0x04,0x02,0x19,0x46,
0x7F,0xB7,0xE4,0xFB,0xF9,0xDD,0xAD,0x74,0x3D,0x13,0x00,0x07,0x28,0x5A,0x94,0xC9,
0xEF,0xFD,0xF1,0xCD,0x99,0x5F,0x2C,0x09,0x00,0x11,0x38,0x6F,0xA8,0xD9,0xF7,0xFC,
0xE7,0xBC,0x84,0x4B,0x1D,0x03,0x03,0x1D,0x4B,0x84,0xBC,0xE7,0xFC,0xF7,0xD9,0xA8,
0x6F,0x38,0x11,0x00,0x09,0x2C,0x5F,0x99,0xCD,0xF1,0xFD,0xEF,0xC9,0x94,0x5A,0x28,
0x07,0x00,0x13,0x3D,0x74,0xAD,0xDD,0xF9,0xFB,0xE4,0xB7,0x7F,0x46,0x19,0x02,0x04,
0x20,0x50,0x89,0xC0,0xEA,0xFD,0xF6,0xD5,0xA3,0x69,0x34,0x0E,0x00,0x0C,0x30,0x64,
0x9E,0xD1,0xF4,0xFD,0xEC,0xC5,0x8E,0x55,0x24,0x06,0x01,0x16,0x41,0x79,0xB2,0xE0,
0xFA,0xFA,0xE0,0xB2,0x79,0x41,0x16,0x01,0x06,0x24,0x55,0x8E,0xC5,0xEC,0xFD,0xF4,
0xD1,0x9E,0x64,0x30,0x0C,0x00,0x0E,0x34,0x69,0xA3,0xD5,0xF6,0xFD,0xEA,0xC0,0x89,
0x50,0x20,0x04,0x02,0x19,0x46,
0x7F,0xB7,0xE4,0xFB,0xF9,0xDD,0xAD,0x74,0x3D,0x13,0x00,0x07,0x28,0x5A,0x94,0xC9,
0xEF,0xFD,0xF1,0xCD,0x99,0x5F,0x2C,0x09,0x00,0x11,0x38,0x6F,0xA8,0xD9,0xF7,0xFC,
0xE7,0xBC,0x84,0x4B,0x1D,0x03,0x03,0x1D,0x4B,0x84,0xBC,0xE7,0xFC,0xF7,0xD9,0xA8,
0x6F,0x38,0x11,0x00,0x09,0x2C,0x5F,0x99,0xCD,0xF1,0xFD,0xEF,0xC9,0x94,0x5A,0x28,
0x07,0x00,0x13,0x3D,0x74,0xAD,0xDD,0xF9,0xFB,0xE4,0xB7,0x7F,0x46,0x19,0x02,0x04,
0x20,0x50,0x89,0xC0,0xEA,0xFD,0xF6,0xD5,0xA3,0x69,0x34,0x0E,0x00,0x0C,0x30,0x64,
0x9E,0xD1,0xF4,0xFD,0xEC,0xC5,0x8E,0x55,0x24,0x06,0x01,0x16,0x41,0x79,0xB2,0xE0,
0xFA,0xFA,0xE0,0xB2,0x79,0x41,0x16,0x01,0x06,0x24,0x55,0x8E,0xC5,0xEC,0xFD,0xF4,
0xD1,0x9E,0x64,0x30,0x0C,0x00,0x0E,0x34,0x69,0xA3,0xD5,0xF6,0xFD,0xEA,0xC0,0x89,
0x50,0x20,0x04,0x02,0x19,0x46,
0x7F,0xB7,0xE4,0xFB,0xF9,0xDD,0xAD,0x74,0x3D,0x13,0x00,0x07,0x28,0x5A,0x94,0xC9,
0xEF,0xFD,0xF1,0xCD,0x99,0x5F,0x2C,0x09,0x00,0x11,0x38,0x6F,0xA8,0xD9,0xF7,0xFC,
0xE7,0xBC,0x84,0x4B,0x1D,0x03,0x03,0x1D,0x4B,0x84,0xBC,0xE7,0xFC,0xF7,0xD9,0xA8,
0x6F,0x38,0x11,0x00,0x09,0x2C,0x5F,0x99,0xCD,0xF1,0xFD,0xEF,0xC9,0x94,0x5A,0x28,
0x07,0x00,0x13,0x3D,0x74,0xAD,0xDD,0xF9,0xFB,0xE4,0xB7,0x7F,0x46,0x19,0x02,0x04,
0x20,0x50,0x89,0xC0,0xEA,0xFD,0xF6,0xD5,0xA3,0x69,0x34,0x0E,0x00,0x0C,0x30,0x64,
0x9E,0xD1,0xF4,0xFD,0xEC,0xC5,0x8E,0x55,0x24,0x06,0x01,0x16,0x41,0x79,0xB2,0xE0,
0xFA,0xFA,0xE0,0xB2,0x79,0x41,0x16,0x01,0x06,0x24,0x55,0x8E,0xC5,0xEC,0xFD,0xF4,
0xD1,0x9E,0x64,0x30,0x0C,0x00,0x0E,0x34,0x69,0xA3,0xD5,0xF6,0xFD,0xEA,0xC0,0x89,
0x50,0x20,0x04,0x02,0x19,0x46,
0x7F,0xB7,0xE4,0xFB,0xF9,0xDD,0xAD,0x74,0x3D,0x13,0x00,0x07,0x28,0x5A,0x94,0xC9,
0xEF,0xFD,0xF1,0xCD,0x99,0x5F,0x2C,0x09,0x00,0x11,0x38,0x6F,0xA8,0xD9,0xF7,0xFC,
0xE7,0xBC,0x84,0x4B,0x1D,0x03,0x03,0x1D,0x4B,0x84,0xBC,0xE7,0xFC,0xF7,0xD9,0xA8,
0x6F,0x38,0x11,0x00,0x09,0x2C,0x5F,0x99,0xCD,0xF1,0xFD,0xEF,0xC9,0x94,0x5A,0x28,
0x07,0x00,0x13,0x3D,0x74,0xAD,0xDD,0xF9,0xFB,0xE4,0xB7,0x7F,0x46,0x19,0x02,0x04,
0x20,0x50,0x89,0xC0,0xEA,0xFD,0xF6,0xD5,0xA3,0x69,0x34,0x0E,0x00,0x0C,0x30,0x64,
0x9E,0xD1,0xF4,0xFD,0xEC,0xC5,0x8E,0x55,0x24,0x06,0x01,0x16,0x41,0x79,0xB2,0xE0,
0xFA,0xFA,0xE0,0xB2,0x79,0x41,0x16,0x01,0x06,0x24,0x55,0x8E,0xC5,0xEC,0xFD,0xF4,
0xD1,0x9E,0x64,0x30,0x0C,0x00,0x0E,0x34,0x69,0xA3,0xD5,0xF6,0xFD,0xEA,0xC0,0x89,
0x50,0x20,0x04,0x02,0x19,0x46,
0x7F,0xB7,0xE4,0xFB,0xF9,0xDD,0xAD,0x74,0x3D,0x13,0x00,0x07,0x28,0x5A,0x94,0xC9,
0xEF,0xFD,0xF1,0xCD,0x99,0x5F,0x2C,0x09,0x00,0x11,0x38,0x6F,0xA8,0xD9,0xF7,0xFC,
0xE7,0xBC,0x84,0x4B,0x1D,0x03,0x03,0x1D,0x4B,0x84,0xBC,0xE7,0xFC,0xF7,0xD9,0xA8,
0x6F,0x38,0x11,0x00,0x09,0x2C,0x5F,0x99,0xCD,0xF1,0xFD,0xEF,0xC9,0x94,0x5A,0x28,
0x07,0x00,0x13,0x3D,0x74,0xAD,0xDD,0xF9,0xFB,0xE4,0xB7,0x7F,0x46,0x19,0x02,0x04,
0x20,0x50,0x89,0xC0,0xEA,0xFD,0xF6,0xD5,0xA3,0x69,0x34,0x0E,0x00,0x0C,0x30,0x64,
0x9E,0xD1,0xF4,0xFD,0xEC,0xC5,0x8E,0x55,0x24,0x06,0x01,0x16,0x41,0x79,0xB2,0xE0,
0xFA,0xFA,0xE0,0xB2,0x79,0x41,0x16,0x01,0x06,0x24,0x55,0x8E,0xC5,0xEC,0xFD,0xF4,
0xD1,0x9E,0x64,0x30,0x0C,0x00,0x0E,0x34,0x69,0xA3,0xD5,0xF6,0xFD,0xEA,0xC0,0x89,
0x50,0x20,0x04,0x02,0x19,0x46,
0x7F,0xB7,0xE4,0xFB,0xF9,0xDD,0xAD,0x74,0x3D,0x13,0x00,0x07,0x28,0x5A,0x94,0xC9,
0xEF,0xFD,0xF1,0xCD,0x99,0x5F,0x2C,0x09,0x00,0x11,0x38,0x6F,0xA8,0xD9,0xF7,0xFC,
0xE7,0xBC,0x84,0x4B,0x1D,0x03,0x03,0x1D,0x4B,0x84,0xBC,0xE7,0xFC,0xF7,0xD9,0xA8,
0x6F,0x38,0x11,0x00,0x09,0x2C,0x5F,0x99,0xCD,0xF1,0xFD,0xEF,0xC9,0x94,0x5A,0x28,
0x07,0x00,0x13,0x3D,0x74,0xAD,0xDD,0xF9,0xFB,0xE4,0xB7,0x7F,0x46,0x19,0x02,0x04,
0x20,0x50,0x89,0xC0,0xEA,0xFD,0xF6,0xD5,0xA3,0x69,0x34,0x0E,0x00,0x0C,0x30,0x64,
0x9E,0xD1,0xF4,0xFD,0xEC,0xC5,0x8E,0x55,0x24,0x06,0x01,0x16,0x41,0x79,0xB2,0xE0,
0xFA,0xFA,0xE0,0xB2,0x79,0x41,0x16,0x01,0x06,0x24,0x55,0x8E,0xC5,0xEC,0xFD,0xF4,
0xD1,0x9E,0x64,0x30,0x0C,0x00,0x0E,0x34,0x69,0xA3,0xD5,0xF6,0xFD,0xEA,0xC0,0x89,
0x50,0x20,0x04,0x02,0x19,0x46,
0x7F,0xB7,0xE4,0xFB,0xF9,0xDD,0xAD,0x74,0x3D,0x13,0x00,0x07,0x28,0x5A,0x94,0xC9,
0xEF,0xFD,0xF1,0xCD,0x99,0x5F,0x2C,0x09,0x00,0x11,0x38,0x6F,0xA8,0xD9,0xF7,0xFC,
0xE7,0xBC,0x84,0x4B,0x1D,0x03,0x03,0x1D,0x4B,0x84,0xBC,0xE7,0xFC,0xF7,0xD9,0xA8,
0x6F,0x38,0x11,0x00,0x09,0x2C,0x5F,0x99,0xCD,0xF1,0xFD,0xEF,0xC9,0x94,0x5A,0x28,
0x07,0x00,0x13,0x3D,0x74,0xAD,0xDD,0xF9,0xFB,0xE4,0xB7,0x7F,0x46,0x19,0x02,0x04,
0x20,0x50,0x89,0xC0,0xEA,0xFD,0xF6,0xD5,0xA3,0x69,0x34,0x0E,0x00,0x0C,0x30,0x64,
0x9E,0xD1,0xF4,0xFD,0xEC,0xC5,0x8E,0x55,0x24,0x06,0x01,0x16,0x41,0x79,0xB2,0xE0,
0xFA,0xFA,0xE0,0xB2,0x79,0x41,0x16,0x01,0x06,0x24,0x55,0x8E,0xC5,0xEC,0xFD,0xF4,
0xD1,0x9E,0x64,0x30,0x0C,0x00,0x0E,0x34,0x69,0xA3,0xD5,0xF6,0xFD,0xEA,0xC0,0x89,
0x50,0x20,0x04,0x02,0x19,0x46,
0x7F,0xB7,0xE4,0xFB,0xF9,0xDD,0xAD,0x74,0x3D,0x13,0x00,0x07,0x28,0x5A,0x94,0xC9,
0xEF,0xFD,0xF1,0xCD,0x99,0x5F,0x2C,0x09,0x00,0x11,0x38,0x6F,0xA8,0xD9,0xF7,0xFC,
0xE7,0xBC,0x84,0x4B,0x1D,0x03,0x03,0x1D,0x4B,0x84,0xBC,0xE7,0xFC,0xF7,0xD9,0xA8,
0x6F,0x38,0x11,0x00,0x09,0x2C,0x5F,0x99,0xCD,0xF1,0xFD,0xEF,0xC9,0x94,0x5A,0x28,
0x07,0x00,0x13,0x3D,0x74,0xAD,0xDD,0xF9,0xFB,0xE4,0xB7,0x7F,0x46,0x19,0x02,0x04,
0x20,0x50,0x89,0xC0,0xEA,0xFD,0xF6,0xD5,0xA3,0x69,0x34,0x0E,0x00,0x0C,0x30,0x64,
0x9E,0xD1,0xF4,0xFD,0xEC,0xC5,0x8E,0x55,0x24,0x06,0x01,0x16,0x41,0x79,0xB2,0xE0,
0xFA,0xFA,0xE0,0xB2,0x79,0x41,0x16,0x01,0x06,0x24,0x55,0x8E,0xC5,0xEC,0xFD,0xF4,
0xD1,0x9E,0x64,0x30,0x0C,0x00,0x0E,0x34,0x69,0xA3,0xD5,0xF6,0xFD,0xEA,0xC0,0x89,
0x50,0x20,0x04,0x02,0x19,0x46,
0x7F,0xB7,0xE4,0xFB,0xF9,0xDD,0xAD,0x74,0x3D,0x13,0x00,0x07,0x28,0x5A,0x94,0xC9,
0xEF,0xFD,0xF1,0xCD,0x99,0x5F,0x2C,0x09,0x00,0x11,0x38,0x6F,0xA8,0xD9,0xF7,0xFC,
0xE7,0xBC,0x84,0x4B,0x1D,0x03,0x03,0x1D,0x4B,0x84,0xBC,0xE7,0xFC,0xF7,0xD9,0xA8,
0x6F,0x38,0x11,0x00,0x09,0x2C,0x5F,0x99,0xCD,0xF1,0xFD,0xEF,0xC9,0x94,0x5A,0x28,
0x07,0x00,0x13,0x3D,0x74,0xAD,0xDD,0xF9,0xFB,0xE4,0xB7,0x7F,0x46,0x19,0x02,0x04,
0x20,0x50,0x89,0xC0,0xEA,0xFD,0xF6,0xD5,0xA3,0x69,0x34,0x0E,0x00,0x0C,0x30,0x64,
0x9E,0xD1,0xF4,0xFD,0xEC,0xC5,0x8E,0x55,0x24,0x06,0x01,0x16,0x41,0x79,0xB2,0xE0,
0xFA,0xFA,0xE0,0xB2,0x79,0x41,0x16,0x01,0x06,0x24,0x55,0x8E,0xC5,0xEC,0xFD,0xF4,
0xD1,0x9E,0x64,0x30,0x0C,0x00,0x0E,0x34,0x69,0xA3,0xD5,0xF6,0xFD,0xEA,0xC0,0x89,
0x50,0x20,0x04,0x02,0x19,0x46,
0x7F,0xB7,0xE4,0xFB,0xF9,0xDD,0xAD,0x74,0x3D,0x13,0x00,0x07,0x28,0x5A,0x94,0xC9,
0xEF,0xFD,0xF1,0xCD,0x99,0x5F,0x2C,0x09,0x00,0x11,0x38,0x6F,0xA8,0xD9,0xF7,0xFC,
0xE7,0xBC,0x84,0x4B,0x1D,0x03,0x03,0x1D,0x4B,0x84,0xBC,0xE7,0xFC,0xF7,0xD9,0xA8,
0x6F,0x38,0x11,0x00,0x09,0x2C,0x5F,0x99,0xCD,0xF1,0xFD,0xEF,0xC9,0x94,0x5A,0x28,
0x07,0x00,0x13,0x3D,0x74,0xAD,0xDD,0xF9,0xFB,0xE4,0xB7,0x7F,0x46,0x19,0x02,0x04,
0x20,0x50,0x89,0xC0,0xEA,0xFD,0xF6,0xD5,0xA3,0x69,0x34,0x0E,0x00,0x0C,0x30,0x64,
0x9E,0xD1,0xF4,0xFD,0xEC,0xC5,0x8E,0x55,0x24,0x06,0x01,0x16,0x41,0x79,0xB2,0xE0,
0xFA,0xFA,0xE0,0xB2,0x79,0x41,0x16,0x01,0x06,0x24,0x55,0x8E,0xC5,0xEC,0xFD,0xF4,
0xD1,0x9E,0x64,0x30,0x0C,0x00,0x0E,0x34,0x69,0xA3,0xD5,0xF6,0xFD,0xEA,0xC0,0x89,
0x50,0x20,0x04,0x02,0x19,0x46,
0x7F,0xB7,0xE4,0xFB,0xF9,0xDD,0xAD,0x74,0x3D,0x13,0x00,0x07,0x28,0x5A,0x94,0xC9,
0xEF,0xFD,0xF1,0xCD,0x99,0x5F,0x2C,0x09,0x00,0x11,0x38,0x6F,0xA8,0xD9,0xF7,0xFC,
0xE7,0xBC,0x84,0x4B,0x1D,0x03,0x03,0x1D,0x4B,0x84,0xBC,0xE7,0xFC,0xF7,0xD9,0xA8,
0x6F,0x38,0x11,0x00,0x09,0x2C,0x5F,0x99,0xCD,0xF1,0xFD,0xEF,0xC9,0x94,0x5A,0x28,
0x07,0x00,0x13,0x3D,0x74,0xAD,0xDD,0xF9,0xFB,0xE4,0xB7,0x7F,0x46,0x19,0x02,0x04,
0x20,0x50,0x89,0xC0,0xEA,0xFD,0xF6,0xD5,0xA3,0x69,0x34,0x0E,0x00,0x0C,0x30,0x64,
0x9E,0xD1,0xF4,0xFD,0xEC,0xC5,0x8E,0x55,0x24,0x06,0x01,0x16,0x41,0x79,0xB2,0xE0,
0xFA,0xFA,0xE0,0xB2,0x79,0x41,0x16,0x01,0x06,0x24,0x55,0x8E,0xC5,0xEC,0xFD,0xF4,
0xD1,0x9E,0x64,0x30,0x0C,0x00,0x0E,0x34,0x69,0xA3,0xD5,0xF6,0xFD,0xEA,0xC0,0x89,
0x50,0x20,0x04,0x02,0x19,0x46,
0x7F,0xB7,0xE4,0xFB,0xF9,0xDD,0xAD,0x74,0x3D,0x13,0x00,0x07,0x28,0x5A,0x94,0xC9,
0xEF,0xFD,0xF1,0xCD,0x99,0x5F,0x2C,0x09,0x00,0x11,0x38,0x6F,0xA8,0xD9,0xF7,0xFC,
0xE7,0xBC,0x84,0x4B,0x1D,0x03,0x03,0x1D,0x4B,0x84,0xBC,0xE7,0xFC,0xF7,0xD9,0xA8,
0x6F,0x38,0x11,0x00,0x09,0x2C,0x5F,0x99,0xCD,0xF1,0xFD,0xEF,0xC9,0x94,0x5A,0x28,
0x07,0x00,0x13,0x3D,0x74,0xAD,0xDD,0xF9,0xFB,0xE4,0xB7,0x7F,0x46,0x19,0x02,0x04,
0x20,0x50,0x89,0xC0,0xEA,0xFD,0xF6,0xD5,0xA3,0x69,0x34,0x0E,0x00,0x0C,0x30,0x64,
0x9E,0xD1,0xF4,0xFD,0xEC,0xC5,0x8E,0x55,0x24,0x06,0x01,0x16,0x41,0x79,0xB2,0xE0,
0xFA,0xFA,0xE0,0xB2,0x79,0x41,0x16,0x01,0x06,0x24,0x55,0x8E,0xC5,0xEC,0xFD,0xF4,
0xD1,0x9E,0x64,0x30,0x0C,0x00,0x0E,0x34,0x69,0xA3,0xD5,0xF6,0xFD,0xEA,0xC0,0x89,
0x50,0x20,0x04,0x02,0x19,0x46,
0x7F,0xB7,0xE4,0xFB,0xF9,0xDD,0xAD,0x74,0x3D,0x13,0x00,0x07,0x28,0x5A,0x94,0xC9,
0xEF,0xFD,0xF1,0xCD,0x99,0x5F,0x2C,0x09,0x00,0x11,0x38,0x6F,0xA8,0xD9,0xF7,0xFC,
0xE7,0xBC,0x84,0x4B,0x1D,0x03,0x03,0x1D,0x4B,0x84,0xBC,0xE7,0xFC,0xF7,0xD9,0xA8,
0x6F,0x38,0x11,0x00,0x09,0x2C,0x5F,0x99,0xCD,0xF1,0xFD,0xEF,0xC9,0x94,0x5A,0x28,
0x07,0x00,0x13,0x3D,0x74,0xAD,0xDD,0xF9,0xFB,0xE4,0xB7,0x7F,0x46,0x19,0x02,0x04,
0x20,0x50,0x89,0xC0,0xEA,0xFD,0xF6,0xD5,0xA3,0x69,0x34,0x0E,0x00,0x0C,0x30,0x64,
0x9E,0xD1,0xF4,0xFD,0xEC,0xC5,0x8E,0x55,0x24,0x06,0x01,0x16,0x41,0x79,0xB2,0xE0,
0xFA,0xFA,0xE0,0xB2,0x79,0x41,0x16,0x01,0x06,0x24,0x55,0x8E,0xC5,0xEC,0xFD,0xF4,
0xD1,0x9E,0x64,0x30,0x0C,0x00,0x0E,0x34,0x69,0xA3,0xD5,0xF6,0xFD,0xEA,0xC0,0x89,
0x50,0x20,0x04,0x02,0x19,0x46,
0x7F,0xB7,0xE4,0xFB,0xF9,0xDD,0xAD,0x74,0x3D,0x13,0x00,0x07,0x28,0x5A,0x94,0xC9,
0xEF,0xFD,0xF1,0xCD,0x99,0x5F,0x2C,0x09,0x00,0x11,0x38,0x6F,0xA8,0xD9,0xF7,0xFC,
0xE7,0xBC,0x84,0x4B,0x1D,0x03,0x03,0x1D,0x4B,0x84,0xBC,0xE7,0xFC,0xF7,0xD9,0xA8,
0x6F,0x38,0x11,0x00,0x09,0x2C,0x5F,0x99,0xCD,0xF1,0xFD,0xEF,0xC9,0x94,0x5A,0x28,
0x07,0x00,0x13,0x3D,0x74,0xAD,0xDD,0xF9,0xFB,0xE4,0xB7,0x7F,0x46,0x19,0x02,0x04,
0x20,0x50,0x89,0xC0,0xEA,0xFD,0xF6,0xD5,0xA3,0x69,0x34,0x0E,0x00,0x0C,0x30,0x64,
0x9E,0xD1,0xF4,0xFD,0xEC,0xC5,0x8E,0x55,0x24,0x06,0x01,0x16,0x41,0x79,0xB2,0xE0,
0xFA,0xFA,0xE0,0xB2,0x79,0x41,0x16,0x01,0x06,0x24,0x55,0x8E,0xC5,0xEC,0xFD,0xF4,
0xD1,0x9E,0x64,0x30,0x0C,0x00,0x0E,0x34,0x69,0xA3,0xD5,0xF6,0xFD,0xEA,0xC0,0x89,
0x50,0x20,0x04,0x02,0x19,0x46,
0x7F,0xB7,0xE4,0xFB,0xF9,0xDD,0xAD,0x74,0x3D,0x13,0x00,0x07,0x28,0x5A,0x94,0xC9,
0xEF,0xFD,0xF1,0xCD,0x99,0x5F,0x2C,0x09,0x00,0x11,0x38,0x6F,0xA8,0xD9,0xF7,0xFC,
0xE7,0xBC,0x84,0x4B,0x1D,0x03,0x03,0x1D,0x4B,0x84,0xBC,0xE7,0xFC,0xF7,0xD9,0xA8,
0x6F,0x38,0x11,0x00,0x09,0x2C,0x5F,0x99,0xCD,0xF1,0xFD,0xEF,0xC9,0x94,0x5A,0x28,
0x07,0x00,0x13,0x3D,0x74,0xAD,0xDD,0xF9,0xFB,0xE4,0xB7,0x7F,0x46,0x19,0x02,0x04,
0x20,0x50,0x89,0xC0,0xEA,0xFD,0xF6,0xD5,0xA3,0x69,0x34,0x0E,0x00,0x0C,0x30,0x64,
0x9E,0xD1,0xF4,0xFD,0xEC,0xC5,0x8E,0x55,0x24,0x06,0x01,0x16,0x41,0x79,0xB2,0xE0,
0xFA,0xFA,0xE0,0xB2,0x79,0x41,0x16,0x01,0x06,0x24,0x55,0x8E,0xC5,0xEC,0xFD,0xF4,
0xD1,0x9E,0x64,0x30,0x0C,0x00,0x0E,0x34,0x69,0xA3,0xD5,0xF6,0xFD,0xEA,0xC0,0x89,
0x50,0x20,0x04,0x02,0x19,0x46,
0x7F,0xB7,0xE4,0xFB,0xF9,0xDD,0xAD,0x74,0x3D,0x13,0x00,0x07,0x28,0x5A,0x94,0xC9,
0xEF,0xFD,0xF1,0xCD,0x99,0x5F,0x2C,0x09,0x00,0x11,0x38,0x6F,0xA8,0xD9,0xF7,0xFC,
0xE7,0xBC,0x84,0x4B,0x1D,0x03,0x03,0x1D,0x4B,0x84,0xBC,0xE7,0xFC,0xF7,0xD9,0xA8,
0x6F,0x38,0x11,0x00,0x09,0x2C,0x5F,0x99,0xCD,0xF1,0xFD,0xEF,0xC9,0x94,0x5A,0x28,
0x07,0x00,0x13,0x3D,0x74,0xAD,0xDD,0xF9,0xFB,0xE4,0xB7,0x7F,0x46,0x19,0x02,0x04,
0x20,0x50,0x89,0xC0,0xEA,0xFD,0xF6,0xD5,0xA3,0x69,0x34,0x0E,0x00,0x0C,0x30,0x64,
0x9E,0xD1,0xF4,0xFD,0xEC,0xC5,0x8E,0x55,0x24,0x06,0x01,0x16,0x41,0x79,0xB2,0xE0,
0xFA,0xFA,0xE0,0xB2,0x79,0x41,0x16,0x01,0x06,0x24,0x55,0x8E,0xC5,0xEC,0xFD,0xF4,
0xD1,0x9E,0x64,0x30,0x0C,0x00,0x0E,0x34,0x69,0xA3,0xD5,0xF6,0xFD,0xEA,0xC0,0x89,
0x50,0x20,0x04,0x02,0x19,0x46,
0x7F,0xB7,0xE4,0xFB,0xF9,0xDD,0xAD,0x74,0x3D,0x13,0x00,0x07,0x28,0x5A,0x94,0xC9,
0xEF,0xFD,0xF1,0xCD,0x99,0x5F,0x2C,0x09,0x00,0x11,0x38,0x6F,0xA8,0xD9,0xF7,0xFC,
0xE7,0xBC,0x84,0x4B,0x1D,0x03,0x03,0x1D,0x4B,0x84,0xBC,0xE7,0xFC,0xF7,0xD9,0xA8,
0x6F,0x38,0x11,0x00,0x09,0x2C,0x5F,0x99,0xCD,0xF1,0xFD,0xEF,0xC9,0x94,0x5A,0x28,
0x07,0x00,0x13,0x3D,0x74,0xAD,0xDD,0xF9,0xFB,0xE4,0xB7,0x7F,0x46,0x19,0x02,0x04,
0x20,0x50,0x89,0xC0,0xEA,0xFD,0xF6,0xD5,0xA3,0x69,0x34,0x0E,0x00,0x0C,0x30,0x64,
0x9E,0xD1,0xF4,0xFD,0xEC,0xC5,0x8E,0x55,0x24,0x06,0x01,0x16,0x41,0x79,0xB2,0xE0,
0xFA,0xFA,0xE0,0xB2,0x79,0x41,0x16,0x01,0x06,0x24,0x55,0x8E,0xC5,0xEC,0xFD,0xF4,
0xD1,0x9E,0x64,0x30,0x0C,0x00,0x0E,0x34,0x69,0xA3,0xD5,0xF6,0xFD,0xEA,0xC0,0x89,
0x50,0x20,0x04,0x02,0x19,0x46,
0x7F,0xB7,0xE4,0xFB,0xF9,0xDD,0xAD,0x74,0x3D,0x13,0x00,0x07,0x28,0x5A,0x94,0xC9,
0xEF,0xFD,0xF1,0xCD,0x99,0x5F,0x2C,0x09,0x00,0x11,0x38,0x6F,0xA8,0xD9,0xF7,0xFC,
0xE7,0xBC,0x84,0x4B,0x1D,0x03,0x03,0x1D,0x4B,0x84,0xBC,0xE7,0xFC,0xF7,0xD9,0xA8,
0x6F,0x38,0x11,0x00,0x09,0x2C,0x5F,0x99,0xCD,0xF1,0xFD,0xEF,0xC9,0x94,0x5A,0x28,
0x07,0x00,0x13,0x3D,0x74,0xAD,0xDD,0xF9,0xFB,0xE4,0xB7,0x7F,0x46,0x19,0x02,0x04,
0x20,0x50,0x89,0xC0,0xEA,0xFD,0xF6,0xD5,0xA3,0x69,0x34,0x0E,0x00,0x0C,0x30,0x64,
0x9E,0xD1,0xF4,0xFD,0xEC,0xC5,0x8E,0x55,0x24,0x06,0x01,0x16,0x41,0x79,0xB2,0xE0,
0xFA,0xFA,0xE0,0xB2,0x79,0x41,0x16,0x01,0x06,0x24,0x55,0x8E,0xC5,0xEC,0xFD,0xF4,
0xD1,0x9E,0x64,0x30,0x0C,0x00,0x0E,0x34,0x69,0xA3,0xD5,0xF6,0xFD,0xEA,0xC0,0x89,
0x50,0x20,0x04,0x02,0x19,0x46,
0x7F,0xB7,0xE4,0xFB,0xF9,0xDD,0xAD,0x74,0x3D,0x13,0x00,0x07,0x28,0x5A,0x94,0xC9,
0xEF,0xFD,0xF1,0xCD,0x99,0x5F,0x2C,0x09,0x00,0x11,0x38,0x6F,0xA8,0xD9,0xF7,0xFC,
0xE7,0xBC,0x84,0x4B,0x1D,0x03,0x03,0x1D,0x4B,0x84,0xBC,0xE7,0xFC,0xF7,0xD9,0xA8,
0x6F,0x38,0x11,0x00,0x09,0x2C,0x5F,0x99,0xCD,0xF1,0xFD,0xEF,0xC9,0x94,0x5A,0x28,
0x07,0x00,0x13,0x3D,0x74,0xAD,0xDD,0xF9,0xFB,0xE4,0xB7,0x7F,0x46,0x19,0x02,0x04,
0x20,0x50,0x89,0xC0,0xEA,0xFD,0xF6,0xD5,0xA3,0x69,0x34,0x0E,0x00,0x0C,0x30,0x64,
0x9E,0xD1,0xF4,0xFD,0xEC,0xC5,0x8E,0x55,0x24,0x06,0x01,0x16,0x41,0x79,0xB2,0xE0,
0xFA,0xFA,0xE0,0xB2,0x79,0x41,0x16,0x01,0x06,0x24,0x55,0x8E,0xC5,0xEC,0xFD,0xF4,
0xD1,0x9E,0x64,0x30,0x0C,0x00,0x0E,0x34,0x69,0xA3,0xD5,0xF6,0xFD,0xEA,0xC0,0x89,
0x50,0x20,0x04,0x02,0x19,0x46,
0x7F,0xB7,0xE4,0xFB,0xF9,0xDD,0xAD,0x74,0x3D,0x13,0x00,0x07,0x28,0x5A,0x94,0xC9,
0xEF,0xFD,0xF1,0xCD,0x99,0x5F,0x2C,0x09,0x00,0x11,0x38,0x6F,0xA8,0xD9,0xF7,0xFC,
0xE7,0xBC,0x84,0x4B,0x1D,0x03,0x03,0x1D,0x4B,0x84,0xBC,0xE7,0xFC,0xF7,0xD9,0xA8,
0x6F,0x38,0x11,0x00,0x09,0x2C,0x5F,0x99,0xCD,0xF1,0xFD,0xEF,0xC9,0x94,0x5A,0x28,
0x07,0x00,0x13,0x3D,0x74,0xAD,0xDD,0xF9,0xFB,0xE4,0xB7,0x7F,0x46,0x19,0x02,0x04,
0x20,0x50,0x89,0xC0,0xEA,0xFD,0xF6,0xD5,0xA3,0x69,0x34,0x0E,0x00,0x0C,0x30,0x64,
0x9E,0xD1,0xF4,0xFD,0xEC,0xC5,0x8E,0x55,0x24,0x06,0x01,0x16,0x41,0x79,0xB2,0xE0,
0xFA,0xFA,0xE0,0xB2,0x79,0x41,0x16,0x01,0x06,0x24,0x55,0x8E,0xC5,0xEC,0xFD,0xF4,
0xD1,0x9E,0x64,0x30,0x0C,0x00,0x0E,0x34,0x69,0xA3,0xD5,0xF6,0xFD,0xEA,0xC0,0x89,
0x50,0x20,0x04,0x02,0x19,0x46,
0x7F,0xB7,0xE4,0xFB,0xF9,0xDD,0xAD,0x74,0x3D,0x13,0x00,0x07,0x28,0x5A,0x94,0xC9,
0xEF,0xFD,0xF1,0xCD,0x99,0x5F,0x2C,0x09,0x00,0x11,0x38,0x6F,0xA8,0xD9,0xF7,0xFC,
0xE7,0xBC,0x84,0x4B,0x1D,0x03,0x03,0x1D,0x4B,0x84,0xBC,0xE7,0xFC,0xF7,0xD9,0xA8,
0x6F,0x38,0x11,0x00,0x09,0x2C,0x5F,0x99,0xCD,0xF1,0xFD,0xEF,0xC9,0x94,0x5A,0x28,
0x07,0x00,0x13,0x3D,0x74,0xAD,0xDD,0xF9,0xFB,0xE4,0xB7,0x7F,0x46,0x19,0x02,0x04,
0x20,0x50,0x89,0xC0,0xEA,0xFD,0xF6,0xD5,0xA3,0x69,0x34,0x0E,0x00,0x0C,0x30,0x64,
0x9E,0xD1,0xF4,0xFD,0xEC,0xC5,0x8E,0x55,0x24,0x06,0x01,0x16,0x41,0x79,0xB2,0xE0,
0xFA,0xFA,0xE0,0xB2,0x79,0x41,0x16,0x01,0x06,0x24,0x55,0x8E,0xC5,0xEC,0xFD,0xF4,
0xD1,0x9E,0x64,0x30,0x0C,0x00,0x0E,0x34,0x69,0xA3,0xD5,0xF6,0xFD,0xEA,0xC0,0x89,
0x50,0x20,0x04,0x02,0x19,0x46,
0x7F,0xB7,0xE4,0xFB,0xF9,0xDD,0xAD,0x74,0x3D,0x13,0x00,0x07,0x28,0x5A,0x94,0xC9,
0xEF,0xFD,0xF1,0xCD,0x99,0x5F,0x2C,0x09,0x00,0x11,0x38,0x6F,0xA8,0xD9,0xF7,0xFC,
0xE7,0xBC,0x84,0x4B,0x1D,0x03,0x03,0x1D,0x4B,0x84,0xBC,0xE7,0xFC,0xF7,0xD9,0xA8,
0x6F,0x38,0x11,0x00,0x09,0x2C,0x5F,0x99,0xCD,0xF1,0xFD,0xEF,0xC9,0x94,0x5A,0x28,
0x07,0x00,0x13,0x3D,0x74,0xAD,0xDD,0xF9,0xFB,0xE4,0xB7,0x7F,0x46,0x19,0x02,0x04,
0x20,0x50,0x89,0xC0,0xEA,0xFD,0xF6,0xD5,0xA3,0x69,0x34,0x0E,0x00,0x0C,0x30,0x64,
0x9E,0xD1,0xF4,0xFD,0xEC,0xC5,0x8E,0x55,0x24,0x06,0x01,0x16,0x41,0x79,0xB2,0xE0,
0xFA,0xFA,0xE0,0xB2,0x79,0x41,0x16,0x01,0x06,0x24,0x55,0x8E,0xC5,0xEC,0xFD,0xF4,
0xD1,0x9E,0x64,0x30,0x0C,0x00,0x0E,0x34,0x69,0xA3,0xD5,0xF6,0xFD,0xEA,0xC0,0x89,
0x50,0x20,0x04,0x02,0x19,0x46,
0x7F,0xB7,0xE4,0xFB,0xF9,0xDD,0xAD,0x74,0x3D,0x13,0x00,0x07,0x28,0x5A,0x94,0xC9,
0xEF,0xFD,0xF1,0xCD,0x99,0x5F,0x2C,0x09,0x00,0x11,0x38,0x6F,0xA8,0xD9,0xF7,0xFC,
0xE7,0xBC,0x84,0x4B,0x1D,0x03,0x03,0x1D,0x4B,0x84,0xBC,0xE7,0xFC,0xF7,0xD9,0xA8,
0x6F,0x38,0x11,0x00,0x09,0x2C,0x5F,0x99,0xCD,0xF1,0xFD,0xEF,0xC9,0x94,0x5A,0x28,
0x07,0x00,0x13,0x3D,0x74,0xAD,0xDD,0xF9,0xFB,0xE4,0xB7,0x7F,0x46,0x19,0x02,0x04,
0x20,0x50,0x89,0xC0,0xEA,0xFD,0xF6,0xD5,0xA3,0x69,0x34,0x0E,0x00,0x0C,0x30,0x64,
0x9E,0xD1,0xF4,0xFD,0xEC,0xC5,0x8E,0x55,0x24,0x06,0x01,0x16,0x41,0x79,0xB2,0xE0,
0xFA,0xFA,0xE0,0xB2,0x79,0x41,0x16,0x01,0x06,0x24,0x55,0x8E,0xC5,0xEC,0xFD,0xF4,
0xD1,0x9E,0x64,0x30,0x0C,0x00,0x0E,0x34,0x69,0xA3,0xD5,0xF6,0xFD,0xEA,0xC0,0x89,
0x50,0x20,0x04,0x02,0x19,0x46,
0x7F,0xB7,0xE4,0xFB,0xF9,0xDD,0xAD,0x74,0x3D,0x13,0x00,0x07,0x28,0x5A,0x94,0xC9,
0xEF,0xFD,0xF1,0xCD,0x99,0x5F,0x2C,0x09,0x00,0x11,0x38,0x6F,0xA8,0xD9,0xF7,0xFC,
0xE7,0xBC,0x84,0x4B,0x1D,0x03,0x03,0x1D,0x4B,0x84,0xBC,0xE7,0xFC,0xF7,0xD9,0xA8,
0x6F,0x38,0x11,0x00,0x09,0x2C,0x5F,0x99,0xCD,0xF1,0xFD,0xEF,0xC9,0x94,0x5A,0x28,
0x07,0x00,0x13,0x3D,0x74,0xAD,0xDD,0xF9,0xFB,0xE4,0xB7,0x7F,0x46,0x19,0x02,0x04,
0x20,0x50,0x89,0xC0,0xEA,0xFD,0xF6,0xD5,0xA3,0x69,0x34,0x0E,0x00,0x0C,0x30,0x64,
0x9E,0xD1,0xF4,0xFD,0xEC,0xC5,0x8E,0x55,0x24,0x06,0x01,0x16,0x41,0x79,0xB2,0xE0,
0xFA,0xFA,0xE0,0xB2,0x79,0x41,0x16,0x01,0x06,0x24,0x55,0x8E,0xC5,0xEC,0xFD,0xF4,
0xD1,0x9E,0x64,0x30,0x0C,0x00,0x0E,0x34,0x69,0xA3,0xD5,0xF6,0xFD,0xEA,0xC0,0x89,
0x50,0x20,0x04,0x02,0x19,0x46,
0x7F,0xB7,0xE4,0xFB,0xF9,0xDD,0xAD,0x74,0x3D,0x13,0x00,0x07,0x28,0x5A,0x94,0xC9,
0xEF,0xFD,0xF1,0xCD,0x99,0x5F,0x2C,0x09,0x00,0x11,0x38,0x6F,0xA8,0xD9,0xF7,0xFC,
0xE7,0xBC,0x84,0x4B,0x1D,0x03,0x03,0x1D,0x4B,0x84,0xBC,0xE7,0xFC,0xF7,0xD9,0xA8,
0x6F,0x38,0x11,0x00,0x09,0x2C,0x5F,0x99,0xCD,0xF1,0xFD,0xEF,0xC9,0x94,0x5A,0x28,
0x07,0x00,0x13,0x3D,0x74,0xAD,0xDD,0xF9,0xFB,0xE4,0xB7,0x7F,0x46,0x19,0x02,0x04,
0x20,0x50,0x89,0xC0,0xEA,0xFD,0xF6,0xD5,0xA3,0x69,0x34,0x0E,0x00,0x0C,0x30,0x64,
0x9E,0xD1,0xF4,0xFD,0xEC,0xC5,0x8E,0x55,0x24,0x06,0x01,0x16,0x41,0x79,0xB2,0xE0,
0xFA,0xFA,0xE0,0xB2,0x79,0x41,0x16,0x01,0x06,0x24,0x55,0x8E,0xC5,0xEC,0xFD,0xF4,
0xD1,0x9E,0x64,0x30,0x0C,0x00,0x0E,0x34,0x69,0xA3,0xD5,0xF6,0xFD,0xEA,0xC0,0x89,
0x50,0x20,0x04,0x02,0x19,0x46,
0x7F,0xB7,0xE4,0xFB,0xF9,0xDD,0xAD,0x74,0x3D,0x13,0x00,0x07,0x28,0x5A,0x94,0xC9,
0xEF,0xFD,0xF1,0xCD,0x99,0x5F,0x2C,0x09,0x00,0x11,0x38,0x6F,0xA8,0xD9,0xF7,0xFC,
0xE7,0xBC,0x84,0x4B,0x1D,0x03,0x03,0x1D,0x4B,0x84,0xBC,0xE7,0xFC,0xF7,0xD9,0xA8,
0x6F,0x38,0x11,0x00,0x09,0x2C,0x5F,0x99,0xCD,0xF1,0xFD,0xEF,0xC9,0x94,0x5A,0x28,
0x07,0x00,0x13,0x3D,0x74,0xAD,0xDD,0xF9,0xFB,0xE4,0xB7,0x7F,0x46,0x19,0x02,0x04,
0x20,0x50,0x89,0xC0,0xEA,0xFD,0xF6,0xD5,0xA3,0x69,0x34,0x0E,0x00,0x0C,0x30,0x64,
0x9E,0xD1,0xF4,0xFD,0xEC,0xC5,0x8E,0x55,0x24,0x06,0x01,0x16,0x41,0x79,0xB2,0xE0,
0xFA,0xFA,0xE0,0xB2,0x79,0x41,0x16,0x01,0x06,0x24,0x55,0x8E,0xC5,0xEC,0xFD,0xF4,
0xD1,0x9E,0x64,0x30,0x0C,0x00,0x0E,0x34,0x69,0xA3,0xD5,0xF6,0xFD,0xEA,0xC0,0x89,
0x50,0x20,0x04,0x02,0x19,0x46,
0x7F,0xB7,0xE4,0xFB,0xF9,0xDD,0xAD,0x74,0x3D,0x13,0x00,0x07,0x28,0x5A,0x94,0xC9,
0xEF,0xFD,0xF1,0xCD,0x99,0x5F,0x2C,0x09,0x00,0x11,0x38,0x6F,0xA8,0xD9,0xF7,0xFC,
0xE7,0xBC,0x84,0x4B,0x1D,0x03,0x03,0x1D,0x4B,0x84,0xBC,0xE7,0xFC,0xF7,0xD9,0xA8,
0x6F,0x38,0x11,0x00,0x09,0x2C,0x5F,0x99,0xCD,0xF1,0xFD,0xEF,0xC9,0x94,0x5A,0x28,
0x07,0x00,0x13,0x3D,0x74,0xAD,0xDD,0xF9,0xFB,0xE4,0xB7,0x7F,0x46,0x19,0x02,0x04,
0x20,0x50,0x89,0xC0,0xEA,0xFD,0xF6,0xD5,0xA3,0x69,0x34,0x0E,0x00,0x0C,0x30,0x64,
0x9E,0xD1,0xF4,0xFD,0xEC,0xC5,0x8E,0x55,0x24,0x06,0x01,0x16,0x41,0x79,0xB2,0xE0,
0xFA,0xFA,0xE0,0xB2,0x79,0x41,0x16,0x01,0x06,0x24,0x55,0x8E,0xC5,0xEC,0xFD,0xF4,
0xD1,0x9E,0x64,0x30,0x0C,0x00,0x0E,0x34,0x69,0xA3,0xD5,0xF6,0xFD,0xEA,0xC0,0x89,
0x50,0x20,0x04,0x02,0x19,0x46,
0x7F,0xB7,0xE4,0xFB,0xF9,0xDD,0xAD,0x74,0x3D,0x13,0x00,0x07,0x28,0x5A,0x94,0xC9,
0xEF,0xFD,0xF1,0xCD,0x99,0x5F,0x2C,0x09,0x00,0x11,0x38,0x6F,0xA8,0xD9,0xF7,0xFC,
0xE7,0xBC,0x84,0x4B,0x1D,0x03,0x03,0x1D,0x4B,0x84,0xBC,0xE7,0xFC,0xF7,0xD9,0xA8,
0x6F,0x38,0x11,0x00,0x09,0x2C,0x5F,0x99,0xCD,0xF1,0xFD,0xEF,0xC9,0x94,0x5A,0x28,
0x07,0x00,0x13,0x3D,0x74,0xAD,0xDD,0xF9,0xFB,0xE4,0xB7,0x7F,0x46,0x19,0x02,0x04,
0x20,0x50,0x89,0xC0,0xEA,0xFD,0xF6,0xD5,0xA3,0x69,0x34,0x0E,0x00,0x0C,0x30,0x64,
0x9E,0xD1,0xF4,0xFD,0xEC,0xC5,0x8E,0x55,0x24,0x06,0x01,0x16,0x41,0x79,0xB2,0xE0,
0xFA,0xFA,0xE0,0xB2,0x79,0x41,0x16,0x01,0x06,0x24,0x55,0x8E,0xC5,0xEC,0xFD,0xF4,
0xD1,0x9E,0x64,0x30,0x0C,0x00,0x0E,0x34,0x69,0xA3,0xD5,0xF6,0xFD,0xEA,0xC0,0x89,
0x50,0x20,0x04,0x02,0x19,0x46,
0x7F,0xB7,0xE4,0xFB,0xF9,0xDD,0xAD,0x74,0x3D,0x13,0x00,0x07,0x28,0x5A,0x94,0xC9,
0xEF,0xFD,0xF1,0xCD,0x99,0x5F,0x2C,0x09,0x00,0x11,0x38,0x6F,0xA8,0xD9,0xF7,0xFC,
0xE7,0xBC,0x84,0x4B,0x1D,0x03,0x03,0x1D,0x4B,0x84,0xBC,0xE7,0xFC,0xF7,0xD9,0xA8,
0x6F,0x38,0x11,0x00,0x09,0x2C,0x5F,0x99,0xCD,0xF1,0xFD,0xEF,0xC9,0x94,0x5A,0x28,
0x07,0x00,0x13,0x3D,0x74,0xAD,0xDD,0xF9,0xFB,0xE4,0xB7,0x7F,0x46,0x19,0x02,0x04,
0x20,0x50,0x89,0xC0,0xEA,0xFD,0xF6,0xD5,0xA3,0x69,0x34,0x0E,0x00,0x0C,0x30,0x64,
0x9E,0xD1,0xF4,0xFD,0xEC,0xC5,0x8E,0x55,0x24,0x06,0x01,0x16,0x41,0x79,0xB2,0xE0,
0xFA,0xFA,0xE0,0xB2,0x79,0x41,0x16,0x01,0x06,0x24,0x55,0x8E,0xC5,0xEC,0xFD,0xF4,
0xD1,0x9E,0x64,0x30,0x0C,0x00,0x0E,0x34,0x69,0xA3,0xD5,0xF6,0xFD,0xEA,0xC0,0x89,
0x50,0x20,0x04,0x02,0x19,0x46,
0x7F,0xB7,0xE4,0xFB,0xF9,0xDD,0xAD,0x74,0x3D,0x13,0x00,0x07,0x28,0x5A,0x94,0xC9,
0xEF,0xFD,0xF1,0xCD,0x99,0x5F,0x2C,0x09,0x00,0x11,0x38,0x6F,0xA8,0xD9,0xF7,0xFC,
0xE7,0xBC,0x84,0x4B,0x1D,0x03,0x03,0x1D,0x4B,0x84,0xBC,0xE7,0xFC,0xF7,0xD9,0xA8,
0x6F,0x38,0x11,0x00,0x09,0x2C,0x5F,0x99,0xCD,0xF1,0xFD,0xEF,0xC9,0x94,0x5A,0x28,
0x07,0x00,0x13,0x3D,0x74,0xAD,0xDD,0xF9,0xFB,0xE4,0xB7,0x7F,0x46,0x19,0x02,0x04,
0x20,0x50,0x89,0xC0,0xEA,0xFD,0xF6,0xD5,0xA3,0x69,0x34,0x0E,0x00,0x0C,0x30,0x64,
0x9E,0xD1,0xF4,0xFD,0xEC,0xC5,0x8E,0x55,0x24,0x06,0x01,0x16,0x41,0x79,0xB2,0xE0,
0xFA,0xFA,0xE0,0xB2,0x79,0x41,0x16,0x01,0x06,0x24,0x55,0x8E,0xC5,0xEC,0xFD,0xF4,
0xD1,0x9E,0x64,0x30,0x0C,0x00,0x0E,0x34,0x69,0xA3,0xD5,0xF6,0xFD,0xEA,0xC0,0x89,
0x50,0x20,0x04,0x02,0x19,0x46,
0x7F,0xB7,0xE4,0xFB,0xF9,0xDD,0xAD,0x74,0x3D,0x13,0x00,0x07,0x28,0x5A,0x94,0xC9,
0xEF,0xFD,0xF1,0xCD,0x99,0x5F,0x2C,0x09,0x00,0x11,0x38,0x6F,0xA8,0xD9,0xF7,0xFC,
0xE7,0xBC,0x84,0x4B,0x1D,0x03,0x03,0x1D,0x4B,0x84,0xBC,0xE7,0xFC,0xF7,0xD9,0xA8,
0x6F,0x38,0x11,0x00,0x09,0x2C,0x5F,0x99,0xCD,0xF1,0xFD,0xEF,0xC9,0x94,0x5A,0x28,
0x07,0x00,0x13,0x3D,0x74,0xAD,0xDD,0xF9,0xFB,0xE4,0xB7,0x7F,0x46,0x19,0x02,0x04,
0x20,0x50,0x89,0xC0,0xEA,0xFD,0xF6,0xD5,0xA3,0x69,0x34,0x0E,0x00,0x0C,0x30,0x64,
0x9E,0xD1,0xF4,0xFD,0xEC,0xC5,0x8E,0x55,0x24,0x06,0x01,0x16,0x41,0x79,0xB2,0xE0,
0xFA,0xFA,0xE0,0xB2,0x79,0x41,0x16,0x01,0x06,0x24,0x55,0x8E,0xC5,0xEC,0xFD,0xF4,
0xD1,0x9E,0x64,0x30,0x0C,0x00,0x0E,0x34,0x69,0xA3,0xD5,0xF6,0xFD,0xEA,0xC0,0x89,
0x50,0x20,0x04,0x02,0x19,0x46,
0x7F,0xB7,0xE4,0xFB,0xF9,0xDD,0xAD,0x74,0x3D,0x13,0x00,0x07,0x28,0x5A,0x94,0xC9,
0xEF,0xFD,0xF1,0xCD,0x99,0x5F,0x2C,0x09,0x00,0x11,0x38,0x6F,0xA8,0xD9,0xF7,0xFC,
0xE7,0xBC,0x84,0x4B,0x1D,0x03,0x03,0x1D,0x4B,0x84,0xBC,0xE7,0xFC,0xF7,0xD9,0xA8,
0x6F,0x38,0x11,0x00,0x09,0x2C,0x5F,0x99,0xCD,0xF1,0xFD,0xEF,0xC9,0x94,0x5A,0x28,
0x07,0x00,0x13,0x3D,0x74,0xAD,0xDD,0xF9,0xFB,0xE4,0xB7,0x7F,0x46,0x19,0x02,0x04,
0x20,0x50,0x89,0xC0,0xEA,0xFD,0xF6,0xD5,0xA3,0x69,0x34,0x0E,0x00,0x0C,0x30,0x64,
0x9E,0xD1,0xF4,0xFD,0xEC,0xC5,0x8E,0x55,0x24,0x06,0x01,0x16,0x41,0x79,0xB2,0xE0,
0xFA,0xFA,0xE0,0xB2,0x79,0x41,0x16,0x01,0x06,0x24,0x55,0x8E,0xC5,0xEC,0xFD,0xF4,
0xD1,0x9E,0x64,0x30,0x0C,0x00,0x0E,0x34,0x69,0xA3,0xD5,0xF6,0xFD,0xEA,0xC0,0x89,
0x50,0x20,0x04,0x02,0x19,0x46,
0x7F,0xB7,0xE4,0xFB,0xF9,0xDD,0xAD,0x74,0x3D,0x13,0x00,0x07,0x28,0x5A,0x94,0xC9,
0xEF,0xFD,0xF1,0xCD,0x99,0x5F,0x2C,0x09,0x00,0x11,0x38,0x6F,0xA8,0xD9,0xF7,0xFC,
0xE7,0xBC,0x84,0x4B,0x1D,0x03,0x03,0x1D,0x4B,0x84,0xBC,0xE7,0xFC,0xF7,0xD9,0xA8,
0x6F,0x38,0x11,0x00,0x09,0x2C,0x5F,0x99,0xCD,0xF1,0xFD,0xEF,0xC9,0x94,0x5A,0x28,
0x07,0x00,0x13,0x3D,0x74,0xAD,0xDD,0xF9,0xFB,0xE4,0xB7,0x7F,0x46,0x19,0x02,0x04,
0x20,0x50,0x89,0xC0,0xEA,0xFD,0xF6,0xD5,0xA3,0x69,0x34,0x0E,0x00,0x0C,0x30,0x64,
0x9E,0xD1,0xF4,0xFD,0xEC,0xC5,0x8E,0x55,0x24,0x06,0x01,0x16,0x41,0x79,0xB2,0xE0,
0xFA,0xFA,0xE0,0xB2,0x79,0x41,0x16,0x01,0x06,0x24,0x55,0x8E,0xC5,0xEC,0xFD,0xF4,
0xD1,0x9E,0x64,0x30,0x0C,0x00,0x0E,0x34,0x69,0xA3,0xD5,0xF6,0xFD,0xEA,0xC0,0x89,
0x50,0x20,0x04,0x02,0x19,0x46,
0x7F,0xB7,0xE4,0xFB,0xF9,0xDD,0xAD,0x74,0x3D,0x13,0x00,0x07,0x28,0x5A,0x94,0xC9,
0xEF,0xFD,0xF1,0xCD,0x99,0x5F,0x2C,0x09,0x00,0x11,0x38,0x6F,0xA8,0xD9,0xF7,0xFC,
0xE7,0xBC,0x84,0x4B,0x1D,0x03,0x03,0x1D,0x4B,0x84,0xBC,0xE7,0xFC,0xF7,0xD9,0xA8,
0x6F,0x38,0x11,0x00,0x09,0x2C,0x5F,0x99,0xCD,0xF1,0xFD,0xEF,0xC9,0x94,0x5A,0x28,
0x07,0x00,0x13,0x3D,0x74,0xAD,0xDD,0xF9,0xFB,0xE4,0xB7,0x7F,0x46,0x19,0x02,0x04,
0x20,0x50,0x89,0xC0,0xEA,0xFD,0xF6,0xD5,0xA3,0x69,0x34,0x0E,0x00,0x0C,0x30,0x64,
0x9E,0xD1,0xF4,0xFD,0xEC,0xC5,0x8E,0x55,0x24,0x06,0x01,0x16,0x41,0x79,0xB2,0xE0,
0xFA,0xFA,0xE0,0xB2,0x79,0x41,0x16,0x01,0x06,0x24,0x55,0x8E,0xC5,0xEC,0xFD,0xF4,
0xD1,0x9E,0x64,0x30,0x0C,0x00,0x0E,0x34,0x69,0xA3,0xD5,0xF6,0xFD,0xEA,0xC0,0x89,
0x50,0x20,0x04,0x02,0x19,0x46,
0x7F,0xB7,0xE4,0xFB,0xF9,0xDD,0xAD,0x74,0x3D,0x13,0x00,0x07,0x28,0x5A,0x94,0xC9,
0xEF,0xFD,0xF1,0xCD,0x99,0x5F,0x2C,0x09,0x00,0x11,0x38,0x6F,0xA8,0xD9,0xF7,0xFC,
0xE7,0xBC,0x84,0x4B,0x1D,0x03,0x03,0x1D,0x4B,0x84,0xBC,0xE7,0xFC,0xF7,0xD9,0xA8,
0x6F,0x38,0x11,0x00,0x09,0x2C,0x5F,0x99,0xCD,0xF1,0xFD,0xEF,0xC9,0x94,0x5A,0x28,
0x07,0x00,0x13,0x3D,0x74,0xAD,0xDD,0xF9,0xFB,0xE4,0xB7,0x7F,0x46,0x19,0x02,0x04,
0x20,0x50,0x89,0xC0,0xEA,0xFD,0xF6,0xD5,0xA3,0x69,0x34,0x0E,0x00,0x0C,0x30,0x64,
0x9E,0xD1,0xF4,0xFD,0xEC,0xC5,0x8E,0x55,0x24,0x06,0x01,0x16,0x41,0x79,0xB2,0xE0,
0xFA,0xFA,0xE0,0xB2,0x79,0x41,0x16,0x01,0x06,0x24,0x55,0x8E,0xC5,0xEC,0xFD,0xF4,
0xD1,0x9E,0x64,0x30,0x0C,0x00,0x0E,0x34,0x69,0xA3,0xD5,0xF6,0xFD,0xEA,0xC0,0x89,
0x50,0x20,0x04,0x02,0x19,0x46,
0x7F,0xB7,0xE4,0xFB,0xF9,0xDD,0xAD,0x74,0x3D,0x13,0x00,0x07,0x28,0x5A,0x94,0xC9,
0xEF,0xFD,0xF1,0xCD,0x99,0x5F,0x2C,0x09,0x00,0x11,0x38,0x6F,0xA8,0xD9,0xF7,0xFC,
0xE7,0xBC,0x84,0x4B,0x1D,0x03,0x03,0x1D,0x4B,0x84,0xBC,0xE7,0xFC,0xF7,0xD9,0xA8,
0x6F,0x38,0x11,0x00,0x09,0x2C,0x5F,0x99,0xCD,0xF1,0xFD,0xEF,0xC9,0x94,0x5A,0x28,
0x07,0x00,0x13,0x3D,0x74,0xAD,0xDD,0xF9,0xFB,0xE4,0xB7,0x7F,0x46,0x19,0x02,0x04,
0x20,0x50,0x89,0xC0,0xEA,0xFD,0xF6,0xD5,0xA3,0x69,0x34,0x0E,0x00,0x0C,0x30,0x64,
0x9E,0xD1,0xF4,0xFD,0xEC,0xC5,0x8E,0x55,0x24,0x06,0x01,0x16,0x41,0x79,0xB2,0xE0,
0xFA,0xFA,0xE0,0xB2,0x79,0x41,0x16,0x01,0x06,0x24,0x55,0x8E,0xC5,0xEC,0xFD,0xF4,
0xD1,0x9E,0x64,0x30,0x0C,0x00,0x0E,0x34,0x69,0xA3,0xD5,0xF6,0xFD,0xEA,0xC0,0x89,
0x50,0x20,0x04,0x02,0x19,0x46,
0x7F,0xB7,0xE4,0xFB,0xF9,0xDD,0xAD,0x74,0x3D,0x13,0x00,0x07,0x28,0x5A,0x94,0xC9,
0xEF,0xFD,0xF1,0xCD,0x99,0x5F,0x2C,0x09,0x00,0x11,0x38,0x6F,0xA8,0xD9,0xF7,0xFC,
0xE7,0xBC,0x84,0x4B,0x1D,0x03,0x03,0x1D,0x4B,0x84,0xBC,0xE7,0xFC,0xF7,0xD9,0xA8,
0x6F,0x38,0x11,0x00,0x09,0x2C,0x5F,0x99,0xCD,0xF1,0xFD,0xEF,0xC9,0x94,0x5A,0x28,
0x07,0x00,0x13,0x3D,0x74,0xAD,0xDD,0xF9,0xFB,0xE4,0xB7,0x7F,0x46,0x19,0x02,0x04,
0x20,0x50,0x89,0xC0,0xEA,0xFD,0xF6,0xD5,0xA3,0x69,0x34,0x0E,0x00,0x0C,0x30,0x64,
0x9E,0xD1,0xF4,0xFD,0xEC,0xC5,0x8E,0x55,0x24,0x06,0x01,0x16,0x41,0x79,0xB2,0xE0,
0xFA,0xFA,0xE0,0xB2,0x79,0x41,0x16,0x01,0x06,0x24,0x55,0x8E,0xC5,0xEC,0xFD,0xF4,
0xD1,0x9E,0x64,0x30,0x0C,0x00,0x0E,0x34,0x69,0xA3,0xD5,0xF6,0xFD,0xEA,0xC0,0x89,
0x50,0x20,0x04,0x02,0x19,0x46,
0x7F,0xB7,0xE4,0xFB,0xF9,0xDD,0xAD,0x74,0x3D,0x13,0x00,0x07,0x28,0x5A,0x94,0xC9,
0xEF,0xFD,0xF1,0xCD,0x99,0x5F,0x2C,0x09,0x00,0x11,0x38,0x6F,0xA8,0xD9,0xF7,0xFC,
0xE7,0xBC,0x84,0x4B,0x1D,0x03,0x03,0x1D,0x4B,0x84,0xBC,0xE7,0xFC,0xF7,0xD9,0xA8,
0x6F,0x38,0x11,0x00,0x09,0x2C,0x5F,0x99,0xCD,0xF1,0xFD,0xEF,0xC9,0x94,0x5A,0x28,
0x07,0x00,0x13,0x3D,0x74,0xAD,0xDD,0xF9,0xFB,0xE4,0xB7,0x7F,0x46,0x19,0x02,0x04,
0x20,0x50,0x89,0xC0,0xEA,0xFD,0xF6,0xD5,0xA3,0x69,0x34,0x0E,0x00,0x0C,0x30,0x64,
0x9E,0xD1,0xF4,0xFD,0xEC,0xC5,0x8E,0x55,0x24,0x06,0x01,0x16,0x41,0x79,0xB2,0xE0,
0xFA,0xFA,0xE0,0xB2,0x79,0x41,0x16,0x01,0x06,0x24,0x55,0x8E,0xC5,0xEC,0xFD,0xF4,
0xD1,0x9E,0x64,0x30,0x0C,0x00,0x0E,0x34,0x69,0xA3,0xD5,0xF6,0xFD,0xEA,0xC0,0x89,
0x50,0x20,0x04,0x02,0x19,0x46,
0x7F,0xB7,0xE4,0xFB,0xF9,0xDD,0xAD,0x74,0x3D,0x13,0x00,0x07,0x28,0x5A,0x94,0xC9,
0xEF,0xFD,0xF1,0xCD,0x99,0x5F,0x2C,0x09,0x00,0x11,0x38,0x6F,0xA8,0xD9,0xF7,0xFC,
0xE7,0xBC,0x84,0x4B,0x1D,0x03,0x03,0x1D,0x4B,0x84,0xBC,0xE7,0xFC,0xF7,0xD9,0xA8,
0x6F,0x38,0x11,0x00,0x09,0x2C,0x5F,0x99,0xCD,0xF1,0xFD,0xEF,0xC9,0x94,0x5A,0x28,
0x07,0x00,0x13,0x3D,0x74,0xAD,0xDD,0xF9,0xFB,0xE4,0xB7,0x7F,0x46,0x19,0x02,0x04,
0x20,0x50,0x89,0xC0,0xEA,0xFD,0xF6,0xD5,0xA3,0x69,0x34,0x0E,0x00,0x0C,0x30,0x64,
0x9E,0xD1,0xF4,0xFD,0xEC,0xC5,0x8E,0x55,0x24,0x06,0x01,0x16,0x41,0x79,0xB2,0xE0,
0xFA,0xFA,0xE0,0xB2,0x79,0x41,0x16,0x01,0x06,0x24,0x55,0x8E,0xC5,0xEC,0xFD,0xF4,
0xD1,0x9E,0x64,0x30,0x0C,0x00,0x0E,0x34,0x69,0xA3,0xD5,0xF6,0xFD,0xEA,0xC0,0x89,
0x50,0x20,0x04,0x02,0x19,0x46,
0x7F,0xB7,0xE4,0xFB,0xF9,0xDD,0xAD,0x74,0x3D,0x13,0x00,0x07,0x28,0x5A,0x94,0xC9,
0xEF,0xFD,0xF1,0xCD,0x99,0x5F,0x2C,0x09,0x00,0x11,0x38,0x6F,0xA8,0xD9,0xF7,0xFC,
0xE7,0xBC,0x84,0x4B,0x1D,0x03,0x03,0x1D,0x4B,0x84,0xBC,0xE7,0xFC,0xF7,0xD9,0xA8,
0x6F,0x38,0x11,0x00,0x09,0x2C,0x5F,0x99,0xCD,0xF1,0xFD,0xEF,0xC9,0x94,0x5A,0x28,
0x07,0x00,0x13,0x3D,0x74,0xAD,0xDD,0xF9,0xFB,0xE4,0xB7,0x7F,0x46,0x19,0x02,0x04,
0x20,0x50,0x89,0xC0,0xEA,0xFD,0xF6,0xD5,0xA3,0x69,0x34,0x0E,0x00,0x0C,0x30,0x64,
0x9E,0xD1,0xF4,0xFD,0xEC,0xC5,0x8E,0x55,0x24,0x06,0x01,0x16,0x41,0x79,0xB2,0xE0,
0xFA,0xFA,0xE0,0xB2,0x79,0x41,0x16,0x01,0x06,0x24,0x55,0x8E,0xC5,0xEC,0xFD,0xF4,
0xD1,0x9E,0x64,0x30,0x0C,0x00,0x0E,0x34,0x69,0xA3,0xD5,0xF6,0xFD,0xEA,0xC0,0x89,
0x50,0x20,0x04,0x02,0x19,0x46,
0x7F,0xB7,0xE4,0xFB,0xF9,0xDD,0xAD,0x74,0x3D,0x13,0x00,0x07,0x28,0x5A,0x94,0xC9,
0xEF,0xFD,0xF1,0xCD,0x99,0x5F,0x2C,0x09,0x00,0x11,0x38,0x6F,0xA8,0xD9,0xF7,0xFC,
0xE7,0xBC,0x84,0x4B,0x1D,0x03,0x03,0x1D,0x4B,0x84,0xBC,0xE7,0xFC,0xF7,0xD9,0xA8,
0x6F,0x38,0x11,0x00,0x09,0x2C,0x5F,0x99,0xCD,0xF1,0xFD,0xEF,0xC9,0x94,0x5A,0x28,
0x07,0x00,0x13,0x3D,0x74,0xAD,0xDD,0xF9,0xFB,0xE4,0xB7,0x7F,0x46,0x19,0x02,0x04,
0x20,0x50,0x89,0xC0,0xEA,0xFD,0xF6,0xD5,0xA3,0x69,0x34,0x0E,0x00,0x0C,0x30,0x64,
0x9E,0xD1,0xF4,0xFD,0xEC,0xC5,0x8E,0x55,0x24,0x06,0x01,0x16,0x41,0x79,0xB2,0xE0,
0xFA,0xFA,0xE0,0xB2,0x79,0x41,0x16,0x01,0x06,0x24,0x55,0x8E,0xC5,0xEC,0xFD,0xF4,
0xD1,0x9E,0x64,0x30,0x0C,0x00,0x0E,0x34,0x69,0xA3,0xD5,0xF6,0xFD,0xEA,0xC0,0x89,
0x50,0x20,0x04,0x02,0x19,0x46,
0x7F,0xB7,0xE4,0xFB,0xF9,0xDD,0xAD,0x74,0x3D,0x13,0x00,0x07,0x28,0x5A,0x94,0xC9,
0xEF,0xFD,0xF1,0xCD,0x99,0x5F,0x2C,0x09,0x00,0x11,0x38,0x6F,0xA8,0xD9,0xF7,0xFC,
0xE7,0xBC,0x84,0x4B,0x1D,0x03,0x03,0x1D,0x4B,0x84,0xBC,0xE7,0xFC,0xF7,0xD9,0xA8,
0x6F,0x38,0x11,0x00,0x09,0x2C,0x5F,0x99,0xCD,0xF1,0xFD,0xEF,0xC9,0x94,0x5A,0x28,
0x07,0x00,0x13,0x3D,0x74,0xAD,0xDD,0xF9,0xFB,0xE4,0xB7,0x7F,0x46,0x19,0x02,0x04,
0x20,0x50,0x89,0xC0,0xEA,0xFD,0xF6,0xD5,0xA3,0x69,0x34,0x0E,0x00,0x0C,0x30,0x64,
0x9E,0xD1,0xF4,0xFD,0xEC,0xC5,0x8E,0x55,0x24,0x06,0x01,0x16,0x41,0x79,0xB2,0xE0,
0xFA,0xFA,0xE0,0xB2,0x79,0x41,0x16,0x01,0x06,0x24,0x55,0x8E,0xC5,0xEC,0xFD,0xF4,
0xD1,0x9E,0x64,0x30,0x0C,0x00,0x0E,0x34,0x69,0xA3,0xD5,0xF6,0xFD,0xEA,0xC0,0x89,
0x50,0x20,0x04,0x02,0x19,0x46,
0x7F,0xB7,0xE4,0xFB,0xF9,0xDD,0xAD,0x74,0x3D,0x13,0x00,0x07,0x28,0x5A,0x94,0xC9,
0xEF,0xFD,0xF1,0xCD,0x99,0x5F,0x2C,0x09,0x00,0x11,0x38,0x6F,0xA8,0xD9,0xF7,0xFC,
0xE7,0xBC,0x84,0x4B,0x1D,0x03,0x03,0x1D,0x4B,0x84,0xBC,0xE7,0xFC,0xF7,0xD9,0xA8,
0x6F,0x38,0x11,0x00,0x09,0x2C,0x5F,0x99,0xCD,0xF1,0xFD,0xEF,0xC9,0x94,0x5A,0x28,
0x07,0x00,0x13,0x3D,0x74,0xAD,0xDD,0xF9,0xFB,0xE4,0xB7,0x7F,0x46,0x19,0x02,0x04,
0x20,0x50,0x89,0xC0,0xEA,0xFD,0xF6,0xD5,0xA3,0x69,0x34,0x0E,0x00,0x0C,0x30,0x64,
0x9E,0xD1,0xF4,0xFD,0xEC,0xC5,0x8E,0x55,0x24,0x06,0x01,0x16,0x41,0x79,0xB2,0xE0,
0xFA,0xFA,0xE0,0xB2,0x79,0x41,0x16,0x01,0x06,0x24,0x55,0x8E,0xC5,0xEC,0xFD,0xF4,
0xD1,0x9E,0x64,0x30,0x0C,0x00,0x0E,0x34,0x69,0xA3,0xD5,0xF6,0xFD,0xEA,0xC0,0x89,
0x50,0x20,0x04,0x02,0x19,0x46,
0x7F,0xB7,0xE4,0xFB,0xF9,0xDD,0xAD,0x74,0x3D,0x13,0x00,0x07,0x28,0x5A,0x94,0xC9,
0xEF,0xFD,0xF1,0xCD,0x99,0x5F,0x2C,0x09,0x00,0x11,0x38,0x6F,0xA8,0xD9,0xF7,0xFC,
0xE7,0xBC,0x84,0x4B,0x1D,0x03,0x03,0x1D,0x4B,0x84,0xBC,0xE7,0xFC,0xF7,0xD9,0xA8,
0x6F,0x38,0x11,0x00,0x09,0x2C,0x5F,0x99,0xCD,0xF1,0xFD,0xEF,0xC9,0x94,0x5A,0x28,
0x07,0x00,0x13,0x3D,0x74,0xAD,0xDD,0xF9,0xFB,0xE4,0xB7,0x7F,0x46,0x19,0x02,0x04,
0x20,0x50,0x89,0xC0,0xEA,0xFD,0xF6,0xD5,0xA3,0x69,0x34,0x0E,0x00,0x0C,0x30,0x64,
0x9E,0xD1,0xF4,0xFD,0xEC,0xC5,0x8E,0x55,0x24,0x06,0x01,0x16,0x41,0x79,0xB2,0xE0,
0xFA,0xFA,0xE0,0xB2,0x79,0x41,0x16,0x01,0x06,0x24,0x55,0x8E,0xC5,0xEC,0xFD,0xF4,
0xD1,0x9E,0x64,0x30,0x0C,0x00,0x0E,0x34,0x69,0xA3,0xD5,0xF6,0xFD,0xEA,0xC0,0x89,
0x50,0x20,0x04,0x02,0x19,0x46,
0x7F,0xB7,0xE4,0xFB,0xF9,0xDD,0xAD,0x74,0x3D,0x13,0x00,0x07,0x28,0x5A,0x94,0xC9,
0xEF,0xFD,0xF1,0xCD,0x99,0x5F,0x2C,0x09,0x00,0x11,0x38,0x6F,0xA8,0xD9,0xF7,0xFC,
0xE7,0xBC,0x84,0x4B,0x1D,0x03,0x03,0x1D,0x4B,0x84,0xBC,0xE7,0xFC,0xF7,0xD9,0xA8,
0x6F,0x38,0x11,0x00,0x09,0x2C,0x5F,0x99,0xCD,0xF1,0xFD,0xEF,0xC9,0x94,0x5A,0x28,
0x07,0x00,0x13,0x3D,0x74,0xAD,0xDD,0xF9,0xFB,0xE4,0xB7,0x7F,0x46,0x19,0x02,0x04,
0x20,0x50,0x89,0xC0,0xEA,0xFD,0xF6,0xD5,0xA3,0x69,0x34,0x0E,0x00,0x0C,0x30,0x64,
0x9E,0xD1,0xF4,0xFD,0xEC,0xC5,0x8E,0x55,0x24,0x06,0x01,0x16,0x41,0x79,0xB2,0xE0,
0xFA,0xFA,0xE0,0xB2,0x79,0x41,0x16,0x01,0x06,0x24,0x55,0x8E,0xC5,0xEC,0xFD,0xF4,
0xD1,0x9E,0x64,0x30,0x0C,0x00,0x0E,0x34,0x69,0xA3,0xD5,0xF6,0xFD,0xEA,0xC0,0x89,
0x50,0x20,0x04,0x02,0x19,0x46,
0x7F,0xB7,0xE4,0xFB,0xF9,0xDD,0xAD,0x74,0x3D,0x13,0x00,0x07,0x28,0x5A,0x94,0xC9,
0xEF,0xFD,0xF1,0xCD,0x99,0x5F,0x2C,0x09,0x00,0x11,0x38,0x6F,0xA8,0xD9,0xF7,0xFC,
0xE7,0xBC,0x84,0x4B,0x1D,0x03,0x03,0x1D,0x4B,0x84,0xBC,0xE7,0xFC,0xF7,0xD9,0xA8,
0x6F,0x38,0x11,0x00,0x09,0x2C,0x5F,0x99,0xCD,0xF1,0xFD,0xEF,0xC9,0x94,0x5A,0x28,
0x07,0x00,0x13,0x3D,0x74,0xAD,0xDD,0xF9,0xFB,0xE4,0xB7,0x7F,0x46,0x19,0x02,0x04,
0x20,0x50,0x89,0xC0,0xEA,0xFD,0xF6,0xD5,0xA3,0x69,0x34,0x0E,0x00,0x0C,0x30,0x64,
0x9E,0xD1,0xF4,0xFD,0xEC,0xC5,0x8E,0x55,0x24,0x06,0x01,0x16,0x41,0x79,0xB2,0xE0,
0xFA,0xFA,0xE0,0xB2,0x79,0x41,0x16,0x01,0x06,0x24,0x55,0x8E,0xC5,0xEC,0xFD,0xF4,
0xD1,0x9E,0x64,0x30,0x0C,0x00,0x0E,0x34,0x69,0xA3,0xD5,0xF6,0xFD,0xEA,0xC0,0x89,
0x50,0x20,0x04,0x02,0x19,0x46,
0x7F,0xB7,0xE4,0xFB,0xF9,0xDD,0xAD,0x74,0x3D,0x13,0x00,0x07,0x28,0x5A,0x94,0xC9,
0xEF,0xFD,0xF1,0xCD,0x99,0x5F,0x2C,0x09,0x00,0x11,0x38,0x6F,0xA8,0xD9,0xF7,0xFC,
0xE7,0xBC,0x84,0x4B,0x1D,0x03,0x03,0x1D,0x4B,0x84,0xBC,0xE7,0xFC,0xF7,0xD9,0xA8,
0x6F,0x38,0x11,0x00,0x09,0x2C,0x5F,0x99,0xCD,0xF1,0xFD,0xEF,0xC9,0x94,0x5A,0x28,
0x07,0x00,0x13,0x3D,0x74,0xAD,0xDD,0xF9,0xFB,0xE4,0xB7,0x7F,0x46,0x19,0x02,0x04,
0x20,0x50,0x89,0xC0,0xEA,0xFD,0xF6,0xD5,0xA3,0x69,0x34,0x0E,0x00,0x0C,0x30,0x64,
0x9E,0xD1,0xF4,0xFD,0xEC,0xC5,0x8E,0x55,0x24,0x06,0x01,0x16,0x41,0x79,0xB2,0xE0,
0xFA,0xFA,0xE0,0xB2,0x79,0x41,0x16,0x01,0x06,0x24,0x55,0x8E,0xC5,0xEC,0xFD,0xF4,
0xD1,0x9E,0x64,0x30,0x0C,0x00,0x0E,0x34,0x69,0xA3,0xD5,0xF6,0xFD,0xEA,0xC0,0x89,
0x50,0x20,0x04,0x02,0x19,0x46,
0x7F,0xB7,0xE4,0xFB,0xF9,0xDD,0xAD,0x74,0x3D,0x13,0x00,0x07,0x28,0x5A,0x94,0xC9,
0xEF,0xFD,0xF1,0xCD,0x99,0x5F,0x2C,0x09,0x00,0x11,0x38,0x6F,0xA8,0xD9,0xF7,0xFC,
0xE7,0xBC,0x84,0x4B,0x1D,0x03,0x03,0x1D,0x4B,0x84,0xBC,0xE7,0xFC,0xF7,0xD9,0xA8,
0x6F,0x38,0x11,0x00,0x09,0x2C,0x5F,0x99,0xCD,0xF1,0xFD,0xEF,0xC9,0x94,0x5A,0x28,
0x07,0x00,0x13,0x3D,0x74,0xAD,0xDD,0xF9,0xFB,0xE4,0xB7,0x7F,0x46,0x19,0x02,0x04,
0x20,0x50,0x89,0xC0,0xEA,0xFD,0xF6,0xD5,0xA3,0x69,0x34,0x0E,0x00,0x0C,0x30,0x64,
0x9E,0xD1,0xF4,0xFD,0xEC,0xC5,0x8E,0x55,0x24,0x06,0x01,0x16,0x41,0x79,0xB2,0xE0,
0xFA,0xFA,0xE0,0xB2,0x79,0x41,0x16,0x01,0x06,0x24,0x55,0x8E,0xC5,0xEC,0xFD,0xF4,
0xD1,0x9E,0x64,0x30,0x0C,0x00,0x0E,0x34,0x69,0xA3,0xD5,0xF6,0xFD,0xEA,0xC0,0x89,
0x50,0x20,0x04,0x02,0x19,0x46,
0xff
};