
C:/pico/station_main-station_sound_branch/station_main/build/station_main.elf:     file format elf32-littlearm

Sections:
Idx Name          Size      VMA       LMA       File off  Algn
  0 .boot2        00000100  10000000  10000000  00001000  2**0
                  CONTENTS, ALLOC, LOAD, READONLY, CODE
  1 .text         00007088  10000100  10000100  00001100  2**3
                  CONTENTS, ALLOC, LOAD, READONLY, CODE
  2 .rodata       00058bc0  10007188  10007188  00008188  2**3
                  CONTENTS, ALLOC, LOAD, READONLY, DATA
  3 .binary_info  00000028  1005fd48  1005fd48  00060d48  2**2
                  CONTENTS, ALLOC, LOAD, READONLY, DATA
  4 .ram_vector_table 000000c0  20000000  20000000  00062000  2**2
                  ALLOC
  5 .uninitialized_data 00000000  200000c0  200000c0  000613c8  2**0
                  CONTENTS
  6 .data         00000308  200000c0  1005fd70  000610c0  2**4
                  CONTENTS, ALLOC, LOAD, READONLY, CODE
  7 .tdata        00000000  200003c8  200003c8  000613c8  2**0
                  CONTENTS, ALLOC, LOAD, DATA, THREAD_LOCAL
  8 .tbss         00000000  200003c8  200003c8  00000000  2**0
                  ALLOC, THREAD_LOCAL
  9 .bss          00000934  200003c8  10060078  000613c8  2**3
                  ALLOC
 10 .heap         0003f304  20000cfc  10060078  00061cfc  2**2
                  ALLOC, READONLY
 11 .scratch_x    00000000  20040000  20040000  000613c8  2**0
                  CONTENTS
 12 .scratch_y    00000000  20041000  20041000  000613c8  2**0
                  CONTENTS
 13 .stack1_dummy 00000800  20040000  20040000  00062000  2**2
                  ALLOC
 14 .stack_dummy  00000800  20041000  20041000  000613e0  2**5
                  CONTENTS, READONLY
 15 .ARM.attributes 00000028  00000000  00000000  00061be0  2**0
                  CONTENTS, READONLY
 16 .comment      00000044  00000000  00000000  00061c08  2**0
                  CONTENTS, READONLY
 17 .debug_info   0002f70a  00000000  00000000  00061c4c  2**0
                  CONTENTS, READONLY, DEBUGGING, OCTETS
 18 .debug_abbrev 00008053  00000000  00000000  00091356  2**0
                  CONTENTS, READONLY, DEBUGGING, OCTETS
 19 .debug_loclists 00017672  00000000  00000000  000993a9  2**0
                  CONTENTS, READONLY, DEBUGGING, OCTETS
 20 .debug_aranges 00001558  00000000  00000000  000b0a20  2**3
                  CONTENTS, READONLY, DEBUGGING, OCTETS
 21 .debug_rnglists 00004255  00000000  00000000  000b1f78  2**0
                  CONTENTS, READONLY, DEBUGGING, OCTETS
 22 .debug_line   000233cf  00000000  00000000  000b61cd  2**0
                  CONTENTS, READONLY, DEBUGGING, OCTETS
 23 .debug_str    00006715  00000000  00000000  000d959c  2**0
                  CONTENTS, READONLY, DEBUGGING, OCTETS
 24 .debug_frame  00002c38  00000000  00000000  000dfcb4  2**2
                  CONTENTS, READONLY, DEBUGGING, OCTETS
 25 .debug_line_str 0000037c  00000000  00000000  000e28ec  2**0
                  CONTENTS, READONLY, DEBUGGING, OCTETS

C:/pico/station_main-station_sound_branch/station_main/build/station_main.elf:     file format elf32-littlearm


Disassembly of section .boot2:

10000000 <__boot2_start__>:
10000000:	4b32b500 	.word	0x4b32b500
10000004:	60582021 	.word	0x60582021
10000008:	21026898 	.word	0x21026898
1000000c:	60984388 	.word	0x60984388
10000010:	611860d8 	.word	0x611860d8
10000014:	4b2e6158 	.word	0x4b2e6158
10000018:	60992100 	.word	0x60992100
1000001c:	61592102 	.word	0x61592102
10000020:	22f02101 	.word	0x22f02101
10000024:	492b5099 	.word	0x492b5099
10000028:	21016019 	.word	0x21016019
1000002c:	20356099 	.word	0x20356099
10000030:	f844f000 	.word	0xf844f000
10000034:	42902202 	.word	0x42902202
10000038:	2106d014 	.word	0x2106d014
1000003c:	f0006619 	.word	0xf0006619
10000040:	6e19f834 	.word	0x6e19f834
10000044:	66192101 	.word	0x66192101
10000048:	66182000 	.word	0x66182000
1000004c:	f000661a 	.word	0xf000661a
10000050:	6e19f82c 	.word	0x6e19f82c
10000054:	6e196e19 	.word	0x6e196e19
10000058:	f0002005 	.word	0xf0002005
1000005c:	2101f82f 	.word	0x2101f82f
10000060:	d1f94208 	.word	0xd1f94208
10000064:	60992100 	.word	0x60992100
10000068:	6019491b 	.word	0x6019491b
1000006c:	60592100 	.word	0x60592100
10000070:	481b491a 	.word	0x481b491a
10000074:	21016001 	.word	0x21016001
10000078:	21eb6099 	.word	0x21eb6099
1000007c:	21a06619 	.word	0x21a06619
10000080:	f0006619 	.word	0xf0006619
10000084:	2100f812 	.word	0x2100f812
10000088:	49166099 	.word	0x49166099
1000008c:	60014814 	.word	0x60014814
10000090:	60992101 	.word	0x60992101
10000094:	2800bc01 	.word	0x2800bc01
10000098:	4700d000 	.word	0x4700d000
1000009c:	49134812 	.word	0x49134812
100000a0:	c8036008 	.word	0xc8036008
100000a4:	8808f380 	.word	0x8808f380
100000a8:	b5034708 	.word	0xb5034708
100000ac:	20046a99 	.word	0x20046a99
100000b0:	d0fb4201 	.word	0xd0fb4201
100000b4:	42012001 	.word	0x42012001
100000b8:	bd03d1f8 	.word	0xbd03d1f8
100000bc:	6618b502 	.word	0x6618b502
100000c0:	f7ff6618 	.word	0xf7ff6618
100000c4:	6e18fff2 	.word	0x6e18fff2
100000c8:	bd026e18 	.word	0xbd026e18
100000cc:	40020000 	.word	0x40020000
100000d0:	18000000 	.word	0x18000000
100000d4:	00070000 	.word	0x00070000
100000d8:	005f0300 	.word	0x005f0300
100000dc:	00002221 	.word	0x00002221
100000e0:	180000f4 	.word	0x180000f4
100000e4:	a0002022 	.word	0xa0002022
100000e8:	10000100 	.word	0x10000100
100000ec:	e000ed08 	.word	0xe000ed08
	...
100000fc:	7a4eb274 	.word	0x7a4eb274

Disassembly of section .text:

10000100 <__VECTOR_TABLE>:
10000100:	20042000 	.word	0x20042000
10000104:	100001f7 	.word	0x100001f7
10000108:	100001c3 	.word	0x100001c3
1000010c:	100001c5 	.word	0x100001c5
10000110:	100001c1 	.word	0x100001c1
10000114:	100001c1 	.word	0x100001c1
10000118:	100001c1 	.word	0x100001c1
1000011c:	100001c1 	.word	0x100001c1
10000120:	100001c1 	.word	0x100001c1
10000124:	100001c1 	.word	0x100001c1
10000128:	100001c1 	.word	0x100001c1
1000012c:	100001c7 	.word	0x100001c7
10000130:	100001c1 	.word	0x100001c1
10000134:	100001c1 	.word	0x100001c1
10000138:	100001c9 	.word	0x100001c9
1000013c:	100001cb 	.word	0x100001cb
10000140:	100001cd 	.word	0x100001cd
10000144:	100001cd 	.word	0x100001cd
10000148:	100001cd 	.word	0x100001cd
1000014c:	100001cd 	.word	0x100001cd
10000150:	100001cd 	.word	0x100001cd
10000154:	100001cd 	.word	0x100001cd
10000158:	100001cd 	.word	0x100001cd
1000015c:	100001cd 	.word	0x100001cd
10000160:	100001cd 	.word	0x100001cd
10000164:	100001cd 	.word	0x100001cd
10000168:	100001cd 	.word	0x100001cd
1000016c:	100001cd 	.word	0x100001cd
10000170:	100001cd 	.word	0x100001cd
10000174:	100001cd 	.word	0x100001cd
10000178:	100001cd 	.word	0x100001cd
1000017c:	100001cd 	.word	0x100001cd
10000180:	100001cd 	.word	0x100001cd
10000184:	100001cd 	.word	0x100001cd
10000188:	100001cd 	.word	0x100001cd
1000018c:	100001cd 	.word	0x100001cd
10000190:	100001cd 	.word	0x100001cd
10000194:	100001cd 	.word	0x100001cd
10000198:	100001cd 	.word	0x100001cd
1000019c:	100001cd 	.word	0x100001cd
100001a0:	100001cd 	.word	0x100001cd
100001a4:	100001cd 	.word	0x100001cd
100001a8:	100001cd 	.word	0x100001cd
100001ac:	100001cd 	.word	0x100001cd
100001b0:	100001cd 	.word	0x100001cd
100001b4:	100001cd 	.word	0x100001cd
100001b8:	100001cd 	.word	0x100001cd
100001bc:	100001cd 	.word	0x100001cd

100001c0 <isr_invalid>:
100001c0:	be00      	bkpt	0x0000

100001c2 <isr_nmi>:
100001c2:	be00      	bkpt	0x0000

100001c4 <isr_hardfault>:
100001c4:	be00      	bkpt	0x0000

100001c6 <isr_svcall>:
100001c6:	be00      	bkpt	0x0000

100001c8 <isr_pendsv>:
100001c8:	be00      	bkpt	0x0000

100001ca <isr_systick>:
100001ca:	be00      	bkpt	0x0000

100001cc <__unhandled_user_irq>:
100001cc:	f3ef 8005 	mrs	r0, IPSR
100001d0:	3810      	subs	r0, #16

100001d2 <unhandled_user_irq_num_in_r0>:
100001d2:	be00      	bkpt	0x0000

100001d4 <binary_info_header>:
100001d4:	7188ebf2 	.word	0x7188ebf2
100001d8:	1005fd48 	.word	0x1005fd48
100001dc:	1005fd70 	.word	0x1005fd70
100001e0:	10000238 	.word	0x10000238
100001e4:	e71aa390 	.word	0xe71aa390

100001e8 <_entry_point>:
100001e8:	481e      	ldr	r0, [pc, #120]	@ (10000264 <data_cpy_table+0x2c>)

100001ea <_enter_vtable_in_r0>:
100001ea:	491f      	ldr	r1, [pc, #124]	@ (10000268 <data_cpy_table+0x30>)
100001ec:	6008      	str	r0, [r1, #0]
100001ee:	c806      	ldmia	r0!, {r1, r2}
100001f0:	f381 8808 	msr	MSP, r1
100001f4:	4710      	bx	r2

100001f6 <_reset_handler>:
100001f6:	481d      	ldr	r0, [pc, #116]	@ (1000026c <data_cpy_table+0x34>)
100001f8:	6800      	ldr	r0, [r0, #0]
100001fa:	2800      	cmp	r0, #0
100001fc:	d001      	beq.n	10000202 <hold_non_core0_in_bootrom+0x4>

100001fe <hold_non_core0_in_bootrom>:
100001fe:	4819      	ldr	r0, [pc, #100]	@ (10000264 <data_cpy_table+0x2c>)
10000200:	e7f3      	b.n	100001ea <_enter_vtable_in_r0>
10000202:	a40d      	add	r4, pc, #52	@ (adr r4, 10000238 <data_cpy_table>)
10000204:	cc0e      	ldmia	r4!, {r1, r2, r3}
10000206:	2900      	cmp	r1, #0
10000208:	d002      	beq.n	10000210 <hold_non_core0_in_bootrom+0x12>
1000020a:	f000 f812 	bl	10000232 <data_cpy>
1000020e:	e7f9      	b.n	10000204 <hold_non_core0_in_bootrom+0x6>
10000210:	4917      	ldr	r1, [pc, #92]	@ (10000270 <data_cpy_table+0x38>)
10000212:	4a18      	ldr	r2, [pc, #96]	@ (10000274 <data_cpy_table+0x3c>)
10000214:	2000      	movs	r0, #0
10000216:	e000      	b.n	1000021a <bss_fill_test>

10000218 <bss_fill_loop>:
10000218:	c101      	stmia	r1!, {r0}

1000021a <bss_fill_test>:
1000021a:	4291      	cmp	r1, r2
1000021c:	d1fc      	bne.n	10000218 <bss_fill_loop>

1000021e <platform_entry>:
1000021e:	4916      	ldr	r1, [pc, #88]	@ (10000278 <data_cpy_table+0x40>)
10000220:	4788      	blx	r1
10000222:	4916      	ldr	r1, [pc, #88]	@ (1000027c <data_cpy_table+0x44>)
10000224:	4788      	blx	r1
10000226:	4916      	ldr	r1, [pc, #88]	@ (10000280 <data_cpy_table+0x48>)
10000228:	4788      	blx	r1
1000022a:	be00      	bkpt	0x0000
1000022c:	e7fd      	b.n	1000022a <platform_entry+0xc>

1000022e <data_cpy_loop>:
1000022e:	c901      	ldmia	r1!, {r0}
10000230:	c201      	stmia	r2!, {r0}

10000232 <data_cpy>:
10000232:	429a      	cmp	r2, r3
10000234:	d3fb      	bcc.n	1000022e <data_cpy_loop>
10000236:	4770      	bx	lr

10000238 <data_cpy_table>:
10000238:	1005fd70 	.word	0x1005fd70
1000023c:	200000c0 	.word	0x200000c0
10000240:	200003c8 	.word	0x200003c8
10000244:	10060078 	.word	0x10060078
10000248:	20040000 	.word	0x20040000
1000024c:	20040000 	.word	0x20040000
10000250:	10060078 	.word	0x10060078
10000254:	20041000 	.word	0x20041000
10000258:	20041000 	.word	0x20041000
1000025c:	00000000 	.word	0x00000000
10000260:	4770      	bx	lr
10000262:	0000      	.short	0x0000
10000264:	00000000 	.word	0x00000000
10000268:	e000ed08 	.word	0xe000ed08
1000026c:	d0000000 	.word	0xd0000000
10000270:	200003c8 	.word	0x200003c8
10000274:	20000cfc 	.word	0x20000cfc
10000278:	10006821 	.word	0x10006821
1000027c:	10000515 	.word	0x10000515
10000280:	10006819 	.word	0x10006819

10000284 <_init>:
10000284:	b5f8      	push	{r3, r4, r5, r6, r7, lr}
10000286:	46c0      	nop			@ (mov r8, r8)

10000288 <register_tm_clones>:
10000288:	4806      	ldr	r0, [pc, #24]	@ (100002a4 <register_tm_clones+0x1c>)
1000028a:	4907      	ldr	r1, [pc, #28]	@ (100002a8 <register_tm_clones+0x20>)
1000028c:	1a09      	subs	r1, r1, r0
1000028e:	108b      	asrs	r3, r1, #2
10000290:	0fc9      	lsrs	r1, r1, #31
10000292:	18c9      	adds	r1, r1, r3
10000294:	b510      	push	{r4, lr}
10000296:	1049      	asrs	r1, r1, #1
10000298:	d003      	beq.n	100002a2 <register_tm_clones+0x1a>
1000029a:	4b04      	ldr	r3, [pc, #16]	@ (100002ac <register_tm_clones+0x24>)
1000029c:	2b00      	cmp	r3, #0
1000029e:	d000      	beq.n	100002a2 <register_tm_clones+0x1a>
100002a0:	4798      	blx	r3
100002a2:	bd10      	pop	{r4, pc}
100002a4:	200003c8 	.word	0x200003c8
100002a8:	200003c8 	.word	0x200003c8
100002ac:	00000000 	.word	0x00000000

100002b0 <frame_dummy>:
100002b0:	4b05      	ldr	r3, [pc, #20]	@ (100002c8 <frame_dummy+0x18>)
100002b2:	b510      	push	{r4, lr}
100002b4:	2b00      	cmp	r3, #0
100002b6:	d003      	beq.n	100002c0 <frame_dummy+0x10>
100002b8:	4904      	ldr	r1, [pc, #16]	@ (100002cc <frame_dummy+0x1c>)
100002ba:	4805      	ldr	r0, [pc, #20]	@ (100002d0 <frame_dummy+0x20>)
100002bc:	e000      	b.n	100002c0 <frame_dummy+0x10>
100002be:	bf00      	nop
100002c0:	f7ff ffe2 	bl	10000288 <register_tm_clones>
100002c4:	bd10      	pop	{r4, pc}
100002c6:	46c0      	nop			@ (mov r8, r8)
100002c8:	00000000 	.word	0x00000000
100002cc:	20000c98 	.word	0x20000c98
100002d0:	10007188 	.word	0x10007188

100002d4 <drawScrollText.part.0>:
100002d4:	b530      	push	{r4, r5, lr}
100002d6:	7a82      	ldrb	r2, [r0, #10]
100002d8:	0004      	movs	r4, r0
100002da:	8841      	ldrh	r1, [r0, #2]
100002dc:	b083      	sub	sp, #12
100002de:	2a00      	cmp	r2, #0
100002e0:	d117      	bne.n	10000312 <drawScrollText.part.0+0x3e>
100002e2:	8903      	ldrh	r3, [r0, #8]
100002e4:	2b01      	cmp	r3, #1
100002e6:	d012      	beq.n	1000030e <drawScrollText.part.0+0x3a>
100002e8:	2b02      	cmp	r3, #2
100002ea:	d126      	bne.n	1000033a <drawScrollText.part.0+0x66>
100002ec:	4815      	ldr	r0, [pc, #84]	@ (10000344 <drawScrollText.part.0+0x70>)
100002ee:	0023      	movs	r3, r4
100002f0:	3148      	adds	r1, #72	@ 0x48
100002f2:	330c      	adds	r3, #12
100002f4:	f001 fbe2 	bl	10001abc <drawScroll24x24Char>
100002f8:	0003      	movs	r3, r0
100002fa:	1e5a      	subs	r2, r3, #1
100002fc:	4193      	sbcs	r3, r2
100002fe:	72e3      	strb	r3, [r4, #11]
10000300:	2300      	movs	r3, #0
10000302:	72a3      	strb	r3, [r4, #10]
10000304:	2800      	cmp	r0, #0
10000306:	d000      	beq.n	1000030a <drawScrollText.part.0+0x36>
10000308:	8263      	strh	r3, [r4, #18]
1000030a:	b003      	add	sp, #12
1000030c:	bd30      	pop	{r4, r5, pc}
1000030e:	480e      	ldr	r0, [pc, #56]	@ (10000348 <drawScrollText.part.0+0x74>)
10000310:	e7ed      	b.n	100002ee <drawScrollText.part.0+0x1a>
10000312:	2500      	movs	r5, #0
10000314:	3148      	adds	r1, #72	@ 0x48
10000316:	2318      	movs	r3, #24
10000318:	22f0      	movs	r2, #240	@ 0xf0
1000031a:	2000      	movs	r0, #0
1000031c:	b289      	uxth	r1, r1
1000031e:	9500      	str	r5, [sp, #0]
10000320:	f000 fdd4 	bl	10000ecc <fillRectangleSt7789>
10000324:	8923      	ldrh	r3, [r4, #8]
10000326:	3301      	adds	r3, #1
10000328:	b29b      	uxth	r3, r3
1000032a:	8123      	strh	r3, [r4, #8]
1000032c:	2b02      	cmp	r3, #2
1000032e:	d906      	bls.n	1000033e <drawScrollText.part.0+0x6a>
10000330:	7aa2      	ldrb	r2, [r4, #10]
10000332:	4806      	ldr	r0, [pc, #24]	@ (1000034c <drawScrollText.part.0+0x78>)
10000334:	8861      	ldrh	r1, [r4, #2]
10000336:	8125      	strh	r5, [r4, #8]
10000338:	e7d9      	b.n	100002ee <drawScrollText.part.0+0x1a>
1000033a:	4804      	ldr	r0, [pc, #16]	@ (1000034c <drawScrollText.part.0+0x78>)
1000033c:	e7d7      	b.n	100002ee <drawScrollText.part.0+0x1a>
1000033e:	7aa2      	ldrb	r2, [r4, #10]
10000340:	8861      	ldrh	r1, [r4, #2]
10000342:	e7cf      	b.n	100002e4 <drawScrollText.part.0+0x10>
10000344:	1000a368 	.word	0x1000a368
10000348:	1000b1dc 	.word	0x1000b1dc
1000034c:	1000c438 	.word	0x1000c438

10000350 <timer_ctrl>:
10000350:	b530      	push	{r4, r5, lr}
10000352:	8a03      	ldrh	r3, [r0, #16]
10000354:	b083      	sub	sp, #12
10000356:	3301      	adds	r3, #1
10000358:	8203      	strh	r3, [r0, #16]
1000035a:	8a43      	ldrh	r3, [r0, #18]
1000035c:	000d      	movs	r5, r1
1000035e:	3301      	adds	r3, #1
10000360:	8243      	strh	r3, [r0, #18]
10000362:	8b43      	ldrh	r3, [r0, #26]
10000364:	0004      	movs	r4, r0
10000366:	3301      	adds	r3, #1
10000368:	8343      	strh	r3, [r0, #26]
1000036a:	8a83      	ldrh	r3, [r0, #20]
1000036c:	3301      	adds	r3, #1
1000036e:	8283      	strh	r3, [r0, #20]
10000370:	f001 fd04 	bl	10001d7c <getClock>
10000374:	4b20      	ldr	r3, [pc, #128]	@ (100003f8 <timer_ctrl+0xa8>)
10000376:	0001      	movs	r1, r0
10000378:	781b      	ldrb	r3, [r3, #0]
1000037a:	9001      	str	r0, [sp, #4]
1000037c:	2b00      	cmp	r3, #0
1000037e:	d111      	bne.n	100003a4 <timer_ctrl+0x54>
10000380:	2296      	movs	r2, #150	@ 0x96
10000382:	8b61      	ldrh	r1, [r4, #26]
10000384:	0092      	lsls	r2, r2, #2
10000386:	4291      	cmp	r1, r2
10000388:	d90a      	bls.n	100003a0 <timer_ctrl+0x50>
1000038a:	8363      	strh	r3, [r4, #26]
1000038c:	8ae3      	ldrh	r3, [r4, #22]
1000038e:	2b01      	cmp	r3, #1
10000390:	d901      	bls.n	10000396 <timer_ctrl+0x46>
10000392:	3b01      	subs	r3, #1
10000394:	82e3      	strh	r3, [r4, #22]
10000396:	8b23      	ldrh	r3, [r4, #24]
10000398:	2b03      	cmp	r3, #3
1000039a:	d901      	bls.n	100003a0 <timer_ctrl+0x50>
1000039c:	3b01      	subs	r3, #1
1000039e:	8323      	strh	r3, [r4, #24]
100003a0:	b003      	add	sp, #12
100003a2:	bd30      	pop	{r4, r5, pc}
100003a4:	8ba2      	ldrh	r2, [r4, #28]
100003a6:	0093      	lsls	r3, r2, #2
100003a8:	189b      	adds	r3, r3, r2
100003aa:	005b      	lsls	r3, r3, #1
100003ac:	5b5a      	ldrh	r2, [r3, r5]
100003ae:	18eb      	adds	r3, r5, r3
100003b0:	7898      	ldrb	r0, [r3, #2]
100003b2:	0400      	lsls	r0, r0, #16
100003b4:	4310      	orrs	r0, r2
100003b6:	f001 fd95 	bl	10001ee4 <getTimeDifference>
100003ba:	1c03      	adds	r3, r0, #0
100003bc:	2800      	cmp	r0, #0
100003be:	dd18      	ble.n	100003f2 <timer_ctrl+0xa2>
100003c0:	8ba2      	ldrh	r2, [r4, #28]
100003c2:	82e3      	strh	r3, [r4, #22]
100003c4:	3201      	adds	r2, #1
100003c6:	0093      	lsls	r3, r2, #2
100003c8:	189b      	adds	r3, r3, r2
100003ca:	005b      	lsls	r3, r3, #1
100003cc:	5b5a      	ldrh	r2, [r3, r5]
100003ce:	18ed      	adds	r5, r5, r3
100003d0:	78a8      	ldrb	r0, [r5, #2]
100003d2:	9901      	ldr	r1, [sp, #4]
100003d4:	0400      	lsls	r0, r0, #16
100003d6:	4310      	orrs	r0, r2
100003d8:	f001 fd84 	bl	10001ee4 <getTimeDifference>
100003dc:	2800      	cmp	r0, #0
100003de:	dd06      	ble.n	100003ee <timer_ctrl+0x9e>
100003e0:	b280      	uxth	r0, r0
100003e2:	8320      	strh	r0, [r4, #24]
100003e4:	2802      	cmp	r0, #2
100003e6:	d8db      	bhi.n	100003a0 <timer_ctrl+0x50>
100003e8:	2303      	movs	r3, #3
100003ea:	8323      	strh	r3, [r4, #24]
100003ec:	e7d8      	b.n	100003a0 <timer_ctrl+0x50>
100003ee:	8b20      	ldrh	r0, [r4, #24]
100003f0:	e7f8      	b.n	100003e4 <timer_ctrl+0x94>
100003f2:	2301      	movs	r3, #1
100003f4:	e7e4      	b.n	100003c0 <timer_ctrl+0x70>
100003f6:	46c0      	nop			@ (mov r8, r8)
100003f8:	20000cf7 	.word	0x20000cf7

100003fc <doAnyProcess>:
100003fc:	b5f0      	push	{r4, r5, r6, r7, lr}
100003fe:	46c6      	mov	lr, r8
10000400:	b500      	push	{lr}
10000402:	b082      	sub	sp, #8
10000404:	f001 ff02 	bl	1000220c <check_buttons>
10000408:	4c39      	ldr	r4, [pc, #228]	@ (100004f0 <doAnyProcess+0xf4>)
1000040a:	4b3a      	ldr	r3, [pc, #232]	@ (100004f4 <doAnyProcess+0xf8>)
1000040c:	6821      	ldr	r1, [r4, #0]
1000040e:	6818      	ldr	r0, [r3, #0]
10000410:	f001 fd4e 	bl	10001eb0 <isBefore>
10000414:	2800      	cmp	r0, #0
10000416:	d11c      	bne.n	10000452 <doAnyProcess+0x56>
10000418:	f001 fcb0 	bl	10001d7c <getClock>
1000041c:	210e      	movs	r1, #14
1000041e:	6020      	str	r0, [r4, #0]
10000420:	2000      	movs	r0, #0
10000422:	f000 faa5 	bl	10000970 <locateLcdPrintf>
10000426:	2100      	movs	r1, #0
10000428:	4833      	ldr	r0, [pc, #204]	@ (100004f8 <doAnyProcess+0xfc>)
1000042a:	f000 faad 	bl	10000988 <setColorLcdPrintf>
1000042e:	78a3      	ldrb	r3, [r4, #2]
10000430:	7862      	ldrb	r2, [r4, #1]
10000432:	7821      	ldrb	r1, [r4, #0]
10000434:	78e4      	ldrb	r4, [r4, #3]
10000436:	4831      	ldr	r0, [pc, #196]	@ (100004fc <doAnyProcess+0x100>)
10000438:	9400      	str	r4, [sp, #0]
1000043a:	f000 fff1 	bl	10001420 <printfSt7789>
1000043e:	22d0      	movs	r2, #208	@ 0xd0
10000440:	0612      	lsls	r2, r2, #24
10000442:	6853      	ldr	r3, [r2, #4]
10000444:	07db      	lsls	r3, r3, #31
10000446:	d500      	bpl.n	1000044a <doAnyProcess+0x4e>
10000448:	6853      	ldr	r3, [r2, #4]
1000044a:	b002      	add	sp, #8
1000044c:	bc80      	pop	{r7}
1000044e:	46b8      	mov	r8, r7
10000450:	bdf0      	pop	{r4, r5, r6, r7, pc}
10000452:	f001 fc81 	bl	10001d58 <initializeClock>
10000456:	2300      	movs	r3, #0
10000458:	4e29      	ldr	r6, [pc, #164]	@ (10000500 <doAnyProcess+0x104>)
1000045a:	4d2a      	ldr	r5, [pc, #168]	@ (10000504 <doAnyProcess+0x108>)
1000045c:	4f2a      	ldr	r7, [pc, #168]	@ (10000508 <doAnyProcess+0x10c>)
1000045e:	83b3      	strh	r3, [r6, #28]
10000460:	83ab      	strh	r3, [r5, #28]
10000462:	783b      	ldrb	r3, [r7, #0]
10000464:	2b00      	cmp	r3, #0
10000466:	d108      	bne.n	1000047a <doAnyProcess+0x7e>
10000468:	2303      	movs	r3, #3
1000046a:	82f3      	strh	r3, [r6, #22]
1000046c:	3304      	adds	r3, #4
1000046e:	8333      	strh	r3, [r6, #24]
10000470:	2303      	movs	r3, #3
10000472:	82eb      	strh	r3, [r5, #22]
10000474:	3304      	adds	r3, #4
10000476:	832b      	strh	r3, [r5, #24]
10000478:	e7ce      	b.n	10000418 <doAnyProcess+0x1c>
1000047a:	4b24      	ldr	r3, [pc, #144]	@ (1000050c <doAnyProcess+0x110>)
1000047c:	6821      	ldr	r1, [r4, #0]
1000047e:	4698      	mov	r8, r3
10000480:	4642      	mov	r2, r8
10000482:	7890      	ldrb	r0, [r2, #2]
10000484:	881b      	ldrh	r3, [r3, #0]
10000486:	0400      	lsls	r0, r0, #16
10000488:	4318      	orrs	r0, r3
1000048a:	f001 fd2b 	bl	10001ee4 <getTimeDifference>
1000048e:	8bb2      	ldrh	r2, [r6, #28]
10000490:	82f0      	strh	r0, [r6, #22]
10000492:	3201      	adds	r2, #1
10000494:	0093      	lsls	r3, r2, #2
10000496:	189b      	adds	r3, r3, r2
10000498:	4642      	mov	r2, r8
1000049a:	005b      	lsls	r3, r3, #1
1000049c:	5a9a      	ldrh	r2, [r3, r2]
1000049e:	4443      	add	r3, r8
100004a0:	7898      	ldrb	r0, [r3, #2]
100004a2:	6821      	ldr	r1, [r4, #0]
100004a4:	0400      	lsls	r0, r0, #16
100004a6:	4310      	orrs	r0, r2
100004a8:	f001 fd1c 	bl	10001ee4 <getTimeDifference>
100004ac:	783b      	ldrb	r3, [r7, #0]
100004ae:	8330      	strh	r0, [r6, #24]
100004b0:	2b00      	cmp	r3, #0
100004b2:	d0dd      	beq.n	10000470 <doAnyProcess+0x74>
100004b4:	8baa      	ldrh	r2, [r5, #28]
100004b6:	4e16      	ldr	r6, [pc, #88]	@ (10000510 <doAnyProcess+0x114>)
100004b8:	0093      	lsls	r3, r2, #2
100004ba:	189b      	adds	r3, r3, r2
100004bc:	005b      	lsls	r3, r3, #1
100004be:	5b9a      	ldrh	r2, [r3, r6]
100004c0:	18f3      	adds	r3, r6, r3
100004c2:	7898      	ldrb	r0, [r3, #2]
100004c4:	6821      	ldr	r1, [r4, #0]
100004c6:	0400      	lsls	r0, r0, #16
100004c8:	4310      	orrs	r0, r2
100004ca:	f001 fd0b 	bl	10001ee4 <getTimeDifference>
100004ce:	8baa      	ldrh	r2, [r5, #28]
100004d0:	82e8      	strh	r0, [r5, #22]
100004d2:	3201      	adds	r2, #1
100004d4:	0093      	lsls	r3, r2, #2
100004d6:	189b      	adds	r3, r3, r2
100004d8:	005b      	lsls	r3, r3, #1
100004da:	5b9a      	ldrh	r2, [r3, r6]
100004dc:	18f6      	adds	r6, r6, r3
100004de:	78b0      	ldrb	r0, [r6, #2]
100004e0:	6821      	ldr	r1, [r4, #0]
100004e2:	0400      	lsls	r0, r0, #16
100004e4:	4310      	orrs	r0, r2
100004e6:	f001 fcfd 	bl	10001ee4 <getTimeDifference>
100004ea:	8328      	strh	r0, [r5, #24]
100004ec:	e794      	b.n	10000418 <doAnyProcess+0x1c>
100004ee:	46c0      	nop			@ (mov r8, r8)
100004f0:	20000cd4 	.word	0x20000cd4
100004f4:	20000780 	.word	0x20000780
100004f8:	0000ffe0 	.word	0x0000ffe0
100004fc:	10007188 	.word	0x10007188
10000500:	20000c48 	.word	0x20000c48
10000504:	20000c68 	.word	0x20000c68
10000508:	20000cf7 	.word	0x20000cf7
1000050c:	1000ff44 	.word	0x1000ff44
10000510:	1000fb50 	.word	0x1000fb50

10000514 <main>:
10000514:	b5f0      	push	{r4, r5, r6, r7, lr}
10000516:	46de      	mov	lr, fp
10000518:	4657      	mov	r7, sl
1000051a:	464e      	mov	r6, r9
1000051c:	4645      	mov	r5, r8
1000051e:	b5e0      	push	{r5, r6, r7, lr}
10000520:	b08b      	sub	sp, #44	@ 0x2c
10000522:	f000 f9bf 	bl	100008a4 <initializeSettings>
10000526:	f001 fc29 	bl	10001d7c <getClock>
1000052a:	4b57      	ldr	r3, [pc, #348]	@ (10000688 <main+0x174>)
1000052c:	6018      	str	r0, [r3, #0]
1000052e:	f001 ff3b 	bl	100023a8 <initializeLineState>
10000532:	f003 f937 	bl	100037a4 <alarm_pool_get_default>
10000536:	ab04      	add	r3, sp, #16
10000538:	9302      	str	r3, [sp, #8]
1000053a:	2300      	movs	r3, #0
1000053c:	9301      	str	r3, [sp, #4]
1000053e:	4b53      	ldr	r3, [pc, #332]	@ (1000068c <main+0x178>)
10000540:	4a53      	ldr	r2, [pc, #332]	@ (10000690 <main+0x17c>)
10000542:	9300      	str	r3, [sp, #0]
10000544:	2300      	movs	r3, #0
10000546:	f003 fae5 	bl	10003b14 <alarm_pool_add_repeating_timer_us>
1000054a:	2800      	cmp	r0, #0
1000054c:	d100      	bne.n	10000550 <main+0x3c>
1000054e:	e7fe      	b.n	1000054e <main+0x3a>
10000550:	2530      	movs	r5, #48	@ 0x30
10000552:	24f0      	movs	r4, #240	@ 0xf0
10000554:	4f4f      	ldr	r7, [pc, #316]	@ (10000694 <main+0x180>)
10000556:	2200      	movs	r2, #0
10000558:	887b      	ldrh	r3, [r7, #2]
1000055a:	494f      	ldr	r1, [pc, #316]	@ (10000698 <main+0x184>)
1000055c:	484f      	ldr	r0, [pc, #316]	@ (1000069c <main+0x188>)
1000055e:	9501      	str	r5, [sp, #4]
10000560:	9400      	str	r4, [sp, #0]
10000562:	f001 f8f9 	bl	10001758 <drawBMP_B>
10000566:	4e4e      	ldr	r6, [pc, #312]	@ (100006a0 <main+0x18c>)
10000568:	2200      	movs	r2, #0
1000056a:	8873      	ldrh	r3, [r6, #2]
1000056c:	494d      	ldr	r1, [pc, #308]	@ (100006a4 <main+0x190>)
1000056e:	9501      	str	r5, [sp, #4]
10000570:	9400      	str	r4, [sp, #0]
10000572:	484d      	ldr	r0, [pc, #308]	@ (100006a8 <main+0x194>)
10000574:	f001 f8f0 	bl	10001758 <drawBMP_B>
10000578:	4b4c      	ldr	r3, [pc, #304]	@ (100006ac <main+0x198>)
1000057a:	3cec      	subs	r4, #236	@ 0xec
1000057c:	469a      	mov	sl, r3
1000057e:	4b4c      	ldr	r3, [pc, #304]	@ (100006b0 <main+0x19c>)
10000580:	46a3      	mov	fp, r4
10000582:	4699      	mov	r9, r3
10000584:	4b4b      	ldr	r3, [pc, #300]	@ (100006b4 <main+0x1a0>)
10000586:	4d4c      	ldr	r5, [pc, #304]	@ (100006b8 <main+0x1a4>)
10000588:	4698      	mov	r8, r3
1000058a:	f001 fc7d 	bl	10001e88 <brinktimer>
1000058e:	7028      	strb	r0, [r5, #0]
10000590:	f001 fc84 	bl	10001e9c <chk10msec>
10000594:	2800      	cmp	r0, #0
10000596:	d0f8      	beq.n	1000058a <main+0x76>
10000598:	2c04      	cmp	r4, #4
1000059a:	d84a      	bhi.n	10000632 <main+0x11e>
1000059c:	4653      	mov	r3, sl
1000059e:	00a4      	lsls	r4, r4, #2
100005a0:	591b      	ldr	r3, [r3, r4]
100005a2:	469f      	mov	pc, r3
100005a4:	7afb      	ldrb	r3, [r7, #11]
100005a6:	2b00      	cmp	r3, #0
100005a8:	d102      	bne.n	100005b0 <main+0x9c>
100005aa:	0038      	movs	r0, r7
100005ac:	f7ff fe92 	bl	100002d4 <drawScrollText.part.0>
100005b0:	f001 fc6a 	bl	10001e88 <brinktimer>
100005b4:	7028      	strb	r0, [r5, #0]
100005b6:	f001 fc71 	bl	10001e9c <chk10msec>
100005ba:	2800      	cmp	r0, #0
100005bc:	d107      	bne.n	100005ce <main+0xba>
100005be:	f001 fc63 	bl	10001e88 <brinktimer>
100005c2:	7028      	strb	r0, [r5, #0]
100005c4:	f001 fc6a 	bl	10001e9c <chk10msec>
100005c8:	2402      	movs	r4, #2
100005ca:	2800      	cmp	r0, #0
100005cc:	d0dd      	beq.n	1000058a <main+0x76>
100005ce:	4641      	mov	r1, r8
100005d0:	0030      	movs	r0, r6
100005d2:	f7ff febd 	bl	10000350 <timer_ctrl>
100005d6:	4641      	mov	r1, r8
100005d8:	0030      	movs	r0, r6
100005da:	f001 ff99 	bl	10002510 <stationStateCtrl>
100005de:	4641      	mov	r1, r8
100005e0:	0030      	movs	r0, r6
100005e2:	f002 fb8b 	bl	10002cfc <doStateWork>
100005e6:	f001 fc4f 	bl	10001e88 <brinktimer>
100005ea:	7028      	strb	r0, [r5, #0]
100005ec:	f001 fc56 	bl	10001e9c <chk10msec>
100005f0:	2800      	cmp	r0, #0
100005f2:	d107      	bne.n	10000604 <main+0xf0>
100005f4:	f001 fc48 	bl	10001e88 <brinktimer>
100005f8:	7028      	strb	r0, [r5, #0]
100005fa:	f001 fc4f 	bl	10001e9c <chk10msec>
100005fe:	2403      	movs	r4, #3
10000600:	2800      	cmp	r0, #0
10000602:	d0c2      	beq.n	1000058a <main+0x76>
10000604:	7af3      	ldrb	r3, [r6, #11]
10000606:	2b00      	cmp	r3, #0
10000608:	d102      	bne.n	10000610 <main+0xfc>
1000060a:	0030      	movs	r0, r6
1000060c:	f7ff fe62 	bl	100002d4 <drawScrollText.part.0>
10000610:	f001 fc3a 	bl	10001e88 <brinktimer>
10000614:	7028      	strb	r0, [r5, #0]
10000616:	f001 fc41 	bl	10001e9c <chk10msec>
1000061a:	2800      	cmp	r0, #0
1000061c:	d107      	bne.n	1000062e <main+0x11a>
1000061e:	f001 fc33 	bl	10001e88 <brinktimer>
10000622:	7028      	strb	r0, [r5, #0]
10000624:	f001 fc3a 	bl	10001e9c <chk10msec>
10000628:	465c      	mov	r4, fp
1000062a:	2800      	cmp	r0, #0
1000062c:	d0ad      	beq.n	1000058a <main+0x76>
1000062e:	f7ff fee5 	bl	100003fc <doAnyProcess>
10000632:	f001 fc29 	bl	10001e88 <brinktimer>
10000636:	7028      	strb	r0, [r5, #0]
10000638:	f001 fc30 	bl	10001e9c <chk10msec>
1000063c:	2800      	cmp	r0, #0
1000063e:	d107      	bne.n	10000650 <main+0x13c>
10000640:	f001 fc22 	bl	10001e88 <brinktimer>
10000644:	7028      	strb	r0, [r5, #0]
10000646:	f001 fc29 	bl	10001e9c <chk10msec>
1000064a:	2400      	movs	r4, #0
1000064c:	2800      	cmp	r0, #0
1000064e:	d09c      	beq.n	1000058a <main+0x76>
10000650:	4649      	mov	r1, r9
10000652:	0038      	movs	r0, r7
10000654:	f7ff fe7c 	bl	10000350 <timer_ctrl>
10000658:	4649      	mov	r1, r9
1000065a:	0038      	movs	r0, r7
1000065c:	f001 ff58 	bl	10002510 <stationStateCtrl>
10000660:	4649      	mov	r1, r9
10000662:	0038      	movs	r0, r7
10000664:	f002 fb4a 	bl	10002cfc <doStateWork>
10000668:	f001 fc0e 	bl	10001e88 <brinktimer>
1000066c:	7028      	strb	r0, [r5, #0]
1000066e:	f001 fc15 	bl	10001e9c <chk10msec>
10000672:	2800      	cmp	r0, #0
10000674:	d196      	bne.n	100005a4 <main+0x90>
10000676:	f001 fc07 	bl	10001e88 <brinktimer>
1000067a:	7028      	strb	r0, [r5, #0]
1000067c:	f001 fc0e 	bl	10001e9c <chk10msec>
10000680:	2800      	cmp	r0, #0
10000682:	d18f      	bne.n	100005a4 <main+0x90>
10000684:	2401      	movs	r4, #1
10000686:	e780      	b.n	1000058a <main+0x76>
10000688:	20000cd4 	.word	0x20000cd4
1000068c:	10001da9 	.word	0x10001da9
10000690:	00002710 	.word	0x00002710
10000694:	20000c48 	.word	0x20000c48
10000698:	10008c9c 	.word	0x10008c9c
1000069c:	1000a33c 	.word	0x1000a33c
100006a0:	20000c68 	.word	0x20000c68
100006a4:	1000761c 	.word	0x1000761c
100006a8:	1000a31c 	.word	0x1000a31c
100006ac:	10007304 	.word	0x10007304
100006b0:	1000ff44 	.word	0x1000ff44
100006b4:	1000fb50 	.word	0x1000fb50
100006b8:	200002b8 	.word	0x200002b8

100006bc <gpio_initialize>:
100006bc:	b5f8      	push	{r3, r4, r5, r6, r7, lr}
100006be:	200c      	movs	r0, #12
100006c0:	f002 fc26 	bl	10002f10 <gpio_init>
100006c4:	2008      	movs	r0, #8
100006c6:	f002 fc23 	bl	10002f10 <gpio_init>
100006ca:	4b28      	ldr	r3, [pc, #160]	@ (1000076c <gpio_initialize+0xb0>)
100006cc:	24d0      	movs	r4, #208	@ 0xd0
100006ce:	781d      	ldrb	r5, [r3, #0]
100006d0:	0624      	lsls	r4, r4, #24
100006d2:	0028      	movs	r0, r5
100006d4:	f002 fc1c 	bl	10002f10 <gpio_init>
100006d8:	2000      	movs	r0, #0
100006da:	f002 fc19 	bl	10002f10 <gpio_init>
100006de:	2001      	movs	r0, #1
100006e0:	f002 fc16 	bl	10002f10 <gpio_init>
100006e4:	200a      	movs	r0, #10
100006e6:	f002 fc13 	bl	10002f10 <gpio_init>
100006ea:	200b      	movs	r0, #11
100006ec:	f002 fc10 	bl	10002f10 <gpio_init>
100006f0:	2017      	movs	r0, #23
100006f2:	f002 fc0d 	bl	10002f10 <gpio_init>
100006f6:	2010      	movs	r0, #16
100006f8:	f002 fc0a 	bl	10002f10 <gpio_init>
100006fc:	2006      	movs	r0, #6
100006fe:	f002 fc07 	bl	10002f10 <gpio_init>
10000702:	2380      	movs	r3, #128	@ 0x80
10000704:	015b      	lsls	r3, r3, #5
10000706:	6263      	str	r3, [r4, #36]	@ 0x24
10000708:	2380      	movs	r3, #128	@ 0x80
1000070a:	005b      	lsls	r3, r3, #1
1000070c:	6263      	str	r3, [r4, #36]	@ 0x24
1000070e:	3bff      	subs	r3, #255	@ 0xff
10000710:	001a      	movs	r2, r3
10000712:	40aa      	lsls	r2, r5
10000714:	6262      	str	r2, [r4, #36]	@ 0x24
10000716:	62a3      	str	r3, [r4, #40]	@ 0x28
10000718:	3301      	adds	r3, #1
1000071a:	62a3      	str	r3, [r4, #40]	@ 0x28
1000071c:	2380      	movs	r3, #128	@ 0x80
1000071e:	00db      	lsls	r3, r3, #3
10000720:	62a3      	str	r3, [r4, #40]	@ 0x28
10000722:	2580      	movs	r5, #128	@ 0x80
10000724:	2380      	movs	r3, #128	@ 0x80
10000726:	2780      	movs	r7, #128	@ 0x80
10000728:	2640      	movs	r6, #64	@ 0x40
1000072a:	011b      	lsls	r3, r3, #4
1000072c:	042d      	lsls	r5, r5, #16
1000072e:	027f      	lsls	r7, r7, #9
10000730:	62a3      	str	r3, [r4, #40]	@ 0x28
10000732:	2200      	movs	r2, #0
10000734:	6265      	str	r5, [r4, #36]	@ 0x24
10000736:	2101      	movs	r1, #1
10000738:	6267      	str	r7, [r4, #36]	@ 0x24
1000073a:	2000      	movs	r0, #0
1000073c:	6266      	str	r6, [r4, #36]	@ 0x24
1000073e:	f002 fbd3 	bl	10002ee8 <gpio_set_pulls>
10000742:	2200      	movs	r2, #0
10000744:	2101      	movs	r1, #1
10000746:	2001      	movs	r0, #1
10000748:	f002 fbce 	bl	10002ee8 <gpio_set_pulls>
1000074c:	2200      	movs	r2, #0
1000074e:	2101      	movs	r1, #1
10000750:	200a      	movs	r0, #10
10000752:	f002 fbc9 	bl	10002ee8 <gpio_set_pulls>
10000756:	2200      	movs	r2, #0
10000758:	2101      	movs	r1, #1
1000075a:	200b      	movs	r0, #11
1000075c:	f002 fbc4 	bl	10002ee8 <gpio_set_pulls>
10000760:	61a7      	str	r7, [r4, #24]
10000762:	6166      	str	r6, [r4, #20]
10000764:	f006 f98e 	bl	10006a84 <stdio_init_all>
10000768:	6165      	str	r5, [r4, #20]
1000076a:	bdf8      	pop	{r3, r4, r5, r6, r7, pc}
1000076c:	10007318 	.word	0x10007318

10000770 <showTitle>:
10000770:	b570      	push	{r4, r5, r6, lr}
10000772:	25fc      	movs	r5, #252	@ 0xfc
10000774:	2000      	movs	r0, #0
10000776:	f000 fbe5 	bl	10000f44 <fillScreenSt7789>
1000077a:	00ed      	lsls	r5, r5, #3
1000077c:	2100      	movs	r1, #0
1000077e:	2000      	movs	r0, #0
10000780:	f000 f8f6 	bl	10000970 <locateLcdPrintf>
10000784:	0028      	movs	r0, r5
10000786:	2100      	movs	r1, #0
10000788:	f000 f8fe 	bl	10000988 <setColorLcdPrintf>
1000078c:	4c21      	ldr	r4, [pc, #132]	@ (10000814 <showTitle+0xa4>)
1000078e:	0020      	movs	r0, r4
10000790:	f000 fe46 	bl	10001420 <printfSt7789>
10000794:	2101      	movs	r1, #1
10000796:	2000      	movs	r0, #0
10000798:	f000 f8ea 	bl	10000970 <locateLcdPrintf>
1000079c:	491e      	ldr	r1, [pc, #120]	@ (10000818 <showTitle+0xa8>)
1000079e:	481f      	ldr	r0, [pc, #124]	@ (1000081c <showTitle+0xac>)
100007a0:	f000 f8f2 	bl	10000988 <setColorLcdPrintf>
100007a4:	481e      	ldr	r0, [pc, #120]	@ (10000820 <showTitle+0xb0>)
100007a6:	f000 fe3b 	bl	10001420 <printfSt7789>
100007aa:	2102      	movs	r1, #2
100007ac:	2000      	movs	r0, #0
100007ae:	f000 f8df 	bl	10000970 <locateLcdPrintf>
100007b2:	481c      	ldr	r0, [pc, #112]	@ (10000824 <showTitle+0xb4>)
100007b4:	f000 fe34 	bl	10001420 <printfSt7789>
100007b8:	2103      	movs	r1, #3
100007ba:	2000      	movs	r0, #0
100007bc:	f000 f8d8 	bl	10000970 <locateLcdPrintf>
100007c0:	0028      	movs	r0, r5
100007c2:	2100      	movs	r1, #0
100007c4:	f000 f8e0 	bl	10000988 <setColorLcdPrintf>
100007c8:	0020      	movs	r0, r4
100007ca:	f000 fe29 	bl	10001420 <printfSt7789>
100007ce:	2105      	movs	r1, #5
100007d0:	2000      	movs	r0, #0
100007d2:	f000 f8cd 	bl	10000970 <locateLcdPrintf>
100007d6:	2100      	movs	r1, #0
100007d8:	4813      	ldr	r0, [pc, #76]	@ (10000828 <showTitle+0xb8>)
100007da:	f000 f8d5 	bl	10000988 <setColorLcdPrintf>
100007de:	4c13      	ldr	r4, [pc, #76]	@ (1000082c <showTitle+0xbc>)
100007e0:	4813      	ldr	r0, [pc, #76]	@ (10000830 <showTitle+0xc0>)
100007e2:	f000 fe1d 	bl	10001420 <printfSt7789>
100007e6:	210a      	movs	r1, #10
100007e8:	2000      	movs	r0, #0
100007ea:	f000 f8c1 	bl	10000970 <locateLcdPrintf>
100007ee:	2100      	movs	r1, #0
100007f0:	0020      	movs	r0, r4
100007f2:	f000 f8c9 	bl	10000988 <setColorLcdPrintf>
100007f6:	480f      	ldr	r0, [pc, #60]	@ (10000834 <showTitle+0xc4>)
100007f8:	f000 fe12 	bl	10001420 <printfSt7789>
100007fc:	210e      	movs	r1, #14
100007fe:	2000      	movs	r0, #0
10000800:	f000 f8b6 	bl	10000970 <locateLcdPrintf>
10000804:	2100      	movs	r1, #0
10000806:	0020      	movs	r0, r4
10000808:	f000 f8be 	bl	10000988 <setColorLcdPrintf>
1000080c:	480a      	ldr	r0, [pc, #40]	@ (10000838 <showTitle+0xc8>)
1000080e:	f000 fe07 	bl	10001420 <printfSt7789>
10000812:	bd70      	pop	{r4, r5, r6, pc}
10000814:	100071a0 	.word	0x100071a0
10000818:	00008410 	.word	0x00008410
1000081c:	0000ffe0 	.word	0x0000ffe0
10000820:	100071b0 	.word	0x100071b0
10000824:	100071c0 	.word	0x100071c0
10000828:	000007ff 	.word	0x000007ff
1000082c:	0000ffff 	.word	0x0000ffff
10000830:	100071d0 	.word	0x100071d0
10000834:	100071dc 	.word	0x100071dc
10000838:	100071ec 	.word	0x100071ec

1000083c <setAtosMode>:
1000083c:	23d0      	movs	r3, #208	@ 0xd0
1000083e:	2101      	movs	r1, #1
10000840:	061b      	lsls	r3, r3, #24
10000842:	6858      	ldr	r0, [r3, #4]
10000844:	2200      	movs	r2, #0
10000846:	b510      	push	{r4, lr}
10000848:	4201      	tst	r1, r0
1000084a:	d002      	beq.n	10000852 <setAtosMode+0x16>
1000084c:	6858      	ldr	r0, [r3, #4]
1000084e:	0780      	lsls	r0, r0, #30
10000850:	d418      	bmi.n	10000884 <setAtosMode+0x48>
10000852:	4c10      	ldr	r4, [pc, #64]	@ (10000894 <setAtosMode+0x58>)
10000854:	2106      	movs	r1, #6
10000856:	2000      	movs	r0, #0
10000858:	7022      	strb	r2, [r4, #0]
1000085a:	f000 f889 	bl	10000970 <locateLcdPrintf>
1000085e:	7823      	ldrb	r3, [r4, #0]
10000860:	2100      	movs	r1, #0
10000862:	2b00      	cmp	r3, #0
10000864:	d006      	beq.n	10000874 <setAtosMode+0x38>
10000866:	480c      	ldr	r0, [pc, #48]	@ (10000898 <setAtosMode+0x5c>)
10000868:	f000 f88e 	bl	10000988 <setColorLcdPrintf>
1000086c:	480b      	ldr	r0, [pc, #44]	@ (1000089c <setAtosMode+0x60>)
1000086e:	f000 fdd7 	bl	10001420 <printfSt7789>
10000872:	bd10      	pop	{r4, pc}
10000874:	20f8      	movs	r0, #248	@ 0xf8
10000876:	0200      	lsls	r0, r0, #8
10000878:	f000 f886 	bl	10000988 <setColorLcdPrintf>
1000087c:	4808      	ldr	r0, [pc, #32]	@ (100008a0 <setAtosMode+0x64>)
1000087e:	f000 fdcf 	bl	10001420 <printfSt7789>
10000882:	e7f6      	b.n	10000872 <setAtosMode+0x36>
10000884:	6858      	ldr	r0, [r3, #4]
10000886:	0540      	lsls	r0, r0, #21
10000888:	d5e3      	bpl.n	10000852 <setAtosMode+0x16>
1000088a:	685a      	ldr	r2, [r3, #4]
1000088c:	0ad2      	lsrs	r2, r2, #11
1000088e:	400a      	ands	r2, r1
10000890:	e7df      	b.n	10000852 <setAtosMode+0x16>
10000892:	46c0      	nop			@ (mov r8, r8)
10000894:	20000cf7 	.word	0x20000cf7
10000898:	0000f81f 	.word	0x0000f81f
1000089c:	100071fc 	.word	0x100071fc
100008a0:	1000720c 	.word	0x1000720c

100008a4 <initializeSettings>:
100008a4:	b510      	push	{r4, lr}
100008a6:	4c2b      	ldr	r4, [pc, #172]	@ (10000954 <initializeSettings+0xb0>)
100008a8:	492b      	ldr	r1, [pc, #172]	@ (10000958 <initializeSettings+0xb4>)
100008aa:	0020      	movs	r0, r4
100008ac:	f006 fac8 	bl	10006e40 <spi_init>
100008b0:	2101      	movs	r1, #1
100008b2:	2002      	movs	r0, #2
100008b4:	f002 fafe 	bl	10002eb4 <gpio_set_function>
100008b8:	2101      	movs	r1, #1
100008ba:	2003      	movs	r0, #3
100008bc:	f002 fafa 	bl	10002eb4 <gpio_set_function>
100008c0:	2005      	movs	r0, #5
100008c2:	2101      	movs	r1, #1
100008c4:	f002 faf6 	bl	10002eb4 <gpio_set_function>
100008c8:	2202      	movs	r2, #2
100008ca:	4924      	ldr	r1, [pc, #144]	@ (1000095c <initializeSettings+0xb8>)
100008cc:	6863      	ldr	r3, [r4, #4]
100008ce:	600a      	str	r2, [r1, #0]
100008d0:	6821      	ldr	r1, [r4, #0]
100008d2:	4013      	ands	r3, r2
100008d4:	32c5      	adds	r2, #197	@ 0xc5
100008d6:	4051      	eors	r1, r2
100008d8:	3208      	adds	r2, #8
100008da:	400a      	ands	r2, r1
100008dc:	4920      	ldr	r1, [pc, #128]	@ (10000960 <initializeSettings+0xbc>)
100008de:	600a      	str	r2, [r1, #0]
100008e0:	4a20      	ldr	r2, [pc, #128]	@ (10000964 <initializeSettings+0xc0>)
100008e2:	6013      	str	r3, [r2, #0]
100008e4:	f7ff feea 	bl	100006bc <gpio_initialize>
100008e8:	f000 f858 	bl	1000099c <initializeSt7789>
100008ec:	2002      	movs	r0, #2
100008ee:	f000 fb6d 	bl	10000fcc <setRotationSt7789>
100008f2:	f001 fa31 	bl	10001d58 <initializeClock>
100008f6:	f7ff ff3b 	bl	10000770 <showTitle>
100008fa:	f7ff ff9f 	bl	1000083c <setAtosMode>
100008fe:	4c1a      	ldr	r4, [pc, #104]	@ (10000968 <initializeSettings+0xc4>)
10000900:	2201      	movs	r2, #1
10000902:	2101      	movs	r1, #1
10000904:	0020      	movs	r0, r4
10000906:	f002 fd15 	bl	10003334 <sem_init>
1000090a:	0020      	movs	r0, r4
1000090c:	f006 fbdc 	bl	100070c8 <__sem_release_veneer>
10000910:	4816      	ldr	r0, [pc, #88]	@ (1000096c <initializeSettings+0xc8>)
10000912:	f006 fb7d 	bl	10007010 <multicore_launch_core1>
10000916:	20c8      	movs	r0, #200	@ 0xc8
10000918:	f003 f846 	bl	100039a8 <sleep_ms>
1000091c:	f001 fc30 	bl	10002180 <playJingleSound>
10000920:	20fa      	movs	r0, #250	@ 0xfa
10000922:	00c0      	lsls	r0, r0, #3
10000924:	f003 f840 	bl	100039a8 <sleep_ms>
10000928:	2000      	movs	r0, #0
1000092a:	f001 fc3d 	bl	100021a8 <isSoundStop>
1000092e:	2800      	cmp	r0, #0
10000930:	d0fa      	beq.n	10000928 <initializeSettings+0x84>
10000932:	2000      	movs	r0, #0
10000934:	f000 fb06 	bl	10000f44 <fillScreenSt7789>
10000938:	2000      	movs	r0, #0
1000093a:	f001 fcf3 	bl	10002324 <clear_button_released_flag>
1000093e:	2001      	movs	r0, #1
10000940:	f001 fcf0 	bl	10002324 <clear_button_released_flag>
10000944:	2002      	movs	r0, #2
10000946:	f001 fced 	bl	10002324 <clear_button_released_flag>
1000094a:	2003      	movs	r0, #3
1000094c:	f001 fcea 	bl	10002324 <clear_button_released_flag>
10000950:	bd10      	pop	{r4, pc}
10000952:	46c0      	nop			@ (mov r8, r8)
10000954:	4003c000 	.word	0x4003c000
10000958:	01312d00 	.word	0x01312d00
1000095c:	4003f004 	.word	0x4003f004
10000960:	4003d000 	.word	0x4003d000
10000964:	4003e004 	.word	0x4003e004
10000968:	20000cc0 	.word	0x20000cc0
1000096c:	10002019 	.word	0x10002019

10000970 <locateLcdPrintf>:
10000970:	4b03      	ldr	r3, [pc, #12]	@ (10000980 <locateLcdPrintf+0x10>)
10000972:	0100      	lsls	r0, r0, #4
10000974:	6018      	str	r0, [r3, #0]
10000976:	4b03      	ldr	r3, [pc, #12]	@ (10000984 <locateLcdPrintf+0x14>)
10000978:	0109      	lsls	r1, r1, #4
1000097a:	6019      	str	r1, [r3, #0]
1000097c:	4770      	bx	lr
1000097e:	46c0      	nop			@ (mov r8, r8)
10000980:	2000078c 	.word	0x2000078c
10000984:	20000790 	.word	0x20000790

10000988 <setColorLcdPrintf>:
10000988:	4b02      	ldr	r3, [pc, #8]	@ (10000994 <setColorLcdPrintf+0xc>)
1000098a:	6018      	str	r0, [r3, #0]
1000098c:	4b02      	ldr	r3, [pc, #8]	@ (10000998 <setColorLcdPrintf+0x10>)
1000098e:	6019      	str	r1, [r3, #0]
10000990:	4770      	bx	lr
10000992:	46c0      	nop			@ (mov r8, r8)
10000994:	200002bc 	.word	0x200002bc
10000998:	20000788 	.word	0x20000788

1000099c <initializeSt7789>:
1000099c:	b5f0      	push	{r4, r5, r6, r7, lr}
1000099e:	46de      	mov	lr, fp
100009a0:	4657      	mov	r7, sl
100009a2:	464e      	mov	r6, r9
100009a4:	4645      	mov	r5, r8
100009a6:	2480      	movs	r4, #128	@ 0x80
100009a8:	b5e0      	push	{r5, r6, r7, lr}
100009aa:	25d0      	movs	r5, #208	@ 0xd0
100009ac:	0164      	lsls	r4, r4, #5
100009ae:	062d      	lsls	r5, r5, #24
100009b0:	b083      	sub	sp, #12
100009b2:	616c      	str	r4, [r5, #20]
100009b4:	2032      	movs	r0, #50	@ 0x32
100009b6:	f002 fff7 	bl	100039a8 <sleep_ms>
100009ba:	61ac      	str	r4, [r5, #24]
100009bc:	2032      	movs	r0, #50	@ 0x32
100009be:	f002 fff3 	bl	100039a8 <sleep_ms>
100009c2:	616c      	str	r4, [r5, #20]
100009c4:	2032      	movs	r0, #50	@ 0x32
100009c6:	f002 ffef 	bl	100039a8 <sleep_ms>
100009ca:	466b      	mov	r3, sp
100009cc:	2780      	movs	r7, #128	@ 0x80
100009ce:	1ddc      	adds	r4, r3, #7
100009d0:	2311      	movs	r3, #17
100009d2:	4ef6      	ldr	r6, [pc, #984]	@ (10000dac <initializeSt7789+0x410>)
100009d4:	007f      	lsls	r7, r7, #1
100009d6:	7023      	strb	r3, [r4, #0]
100009d8:	0021      	movs	r1, r4
100009da:	2201      	movs	r2, #1
100009dc:	0030      	movs	r0, r6
100009de:	61af      	str	r7, [r5, #24]
100009e0:	469b      	mov	fp, r3
100009e2:	f006 fb99 	bl	10007118 <__spi_write_blocking_veneer>
100009e6:	2078      	movs	r0, #120	@ 0x78
100009e8:	f002 ffde 	bl	100039a8 <sleep_ms>
100009ec:	2336      	movs	r3, #54	@ 0x36
100009ee:	0021      	movs	r1, r4
100009f0:	7023      	strb	r3, [r4, #0]
100009f2:	2201      	movs	r2, #1
100009f4:	0030      	movs	r0, r6
100009f6:	61af      	str	r7, [r5, #24]
100009f8:	f006 fb8e 	bl	10007118 <__spi_write_blocking_veneer>
100009fc:	2300      	movs	r3, #0
100009fe:	0021      	movs	r1, r4
10000a00:	7023      	strb	r3, [r4, #0]
10000a02:	2201      	movs	r2, #1
10000a04:	0030      	movs	r0, r6
10000a06:	616f      	str	r7, [r5, #20]
10000a08:	4698      	mov	r8, r3
10000a0a:	f006 fb85 	bl	10007118 <__spi_write_blocking_veneer>
10000a0e:	233a      	movs	r3, #58	@ 0x3a
10000a10:	0021      	movs	r1, r4
10000a12:	7023      	strb	r3, [r4, #0]
10000a14:	2201      	movs	r2, #1
10000a16:	0030      	movs	r0, r6
10000a18:	61af      	str	r7, [r5, #24]
10000a1a:	f006 fb7d 	bl	10007118 <__spi_write_blocking_veneer>
10000a1e:	2305      	movs	r3, #5
10000a20:	0021      	movs	r1, r4
10000a22:	7023      	strb	r3, [r4, #0]
10000a24:	2201      	movs	r2, #1
10000a26:	0030      	movs	r0, r6
10000a28:	616f      	str	r7, [r5, #20]
10000a2a:	f006 fb75 	bl	10007118 <__spi_write_blocking_veneer>
10000a2e:	23b2      	movs	r3, #178	@ 0xb2
10000a30:	0021      	movs	r1, r4
10000a32:	7023      	strb	r3, [r4, #0]
10000a34:	2201      	movs	r2, #1
10000a36:	0030      	movs	r0, r6
10000a38:	61af      	str	r7, [r5, #24]
10000a3a:	f006 fb6d 	bl	10007118 <__spi_write_blocking_veneer>
10000a3e:	230c      	movs	r3, #12
10000a40:	4699      	mov	r9, r3
10000a42:	7023      	strb	r3, [r4, #0]
10000a44:	0021      	movs	r1, r4
10000a46:	2201      	movs	r2, #1
10000a48:	0030      	movs	r0, r6
10000a4a:	616f      	str	r7, [r5, #20]
10000a4c:	f006 fb64 	bl	10007118 <__spi_write_blocking_veneer>
10000a50:	464b      	mov	r3, r9
10000a52:	0021      	movs	r1, r4
10000a54:	7023      	strb	r3, [r4, #0]
10000a56:	2201      	movs	r2, #1
10000a58:	0030      	movs	r0, r6
10000a5a:	616f      	str	r7, [r5, #20]
10000a5c:	f006 fb5c 	bl	10007118 <__spi_write_blocking_veneer>
10000a60:	4643      	mov	r3, r8
10000a62:	0021      	movs	r1, r4
10000a64:	7023      	strb	r3, [r4, #0]
10000a66:	2201      	movs	r2, #1
10000a68:	0030      	movs	r0, r6
10000a6a:	616f      	str	r7, [r5, #20]
10000a6c:	f006 fb54 	bl	10007118 <__spi_write_blocking_veneer>
10000a70:	2333      	movs	r3, #51	@ 0x33
10000a72:	4698      	mov	r8, r3
10000a74:	7023      	strb	r3, [r4, #0]
10000a76:	0021      	movs	r1, r4
10000a78:	2201      	movs	r2, #1
10000a7a:	0030      	movs	r0, r6
10000a7c:	616f      	str	r7, [r5, #20]
10000a7e:	f006 fb4b 	bl	10007118 <__spi_write_blocking_veneer>
10000a82:	4643      	mov	r3, r8
10000a84:	0021      	movs	r1, r4
10000a86:	7023      	strb	r3, [r4, #0]
10000a88:	2201      	movs	r2, #1
10000a8a:	0030      	movs	r0, r6
10000a8c:	616f      	str	r7, [r5, #20]
10000a8e:	f006 fb43 	bl	10007118 <__spi_write_blocking_veneer>
10000a92:	23b7      	movs	r3, #183	@ 0xb7
10000a94:	0021      	movs	r1, r4
10000a96:	7023      	strb	r3, [r4, #0]
10000a98:	2201      	movs	r2, #1
10000a9a:	0030      	movs	r0, r6
10000a9c:	61af      	str	r7, [r5, #24]
10000a9e:	f006 fb3b 	bl	10007118 <__spi_write_blocking_veneer>
10000aa2:	2335      	movs	r3, #53	@ 0x35
10000aa4:	0021      	movs	r1, r4
10000aa6:	7023      	strb	r3, [r4, #0]
10000aa8:	2201      	movs	r2, #1
10000aaa:	0030      	movs	r0, r6
10000aac:	616f      	str	r7, [r5, #20]
10000aae:	f006 fb33 	bl	10007118 <__spi_write_blocking_veneer>
10000ab2:	23bb      	movs	r3, #187	@ 0xbb
10000ab4:	0021      	movs	r1, r4
10000ab6:	7023      	strb	r3, [r4, #0]
10000ab8:	2201      	movs	r2, #1
10000aba:	0030      	movs	r0, r6
10000abc:	61af      	str	r7, [r5, #24]
10000abe:	f006 fb2b 	bl	10007118 <__spi_write_blocking_veneer>
10000ac2:	2319      	movs	r3, #25
10000ac4:	0021      	movs	r1, r4
10000ac6:	7023      	strb	r3, [r4, #0]
10000ac8:	2201      	movs	r2, #1
10000aca:	0030      	movs	r0, r6
10000acc:	616f      	str	r7, [r5, #20]
10000ace:	f006 fb23 	bl	10007118 <__spi_write_blocking_veneer>
10000ad2:	23c0      	movs	r3, #192	@ 0xc0
10000ad4:	0021      	movs	r1, r4
10000ad6:	7023      	strb	r3, [r4, #0]
10000ad8:	2201      	movs	r2, #1
10000ada:	0030      	movs	r0, r6
10000adc:	61af      	str	r7, [r5, #24]
10000ade:	f006 fb1b 	bl	10007118 <__spi_write_blocking_veneer>
10000ae2:	232c      	movs	r3, #44	@ 0x2c
10000ae4:	0021      	movs	r1, r4
10000ae6:	7023      	strb	r3, [r4, #0]
10000ae8:	2201      	movs	r2, #1
10000aea:	0030      	movs	r0, r6
10000aec:	616f      	str	r7, [r5, #20]
10000aee:	f006 fb13 	bl	10007118 <__spi_write_blocking_veneer>
10000af2:	23c2      	movs	r3, #194	@ 0xc2
10000af4:	0021      	movs	r1, r4
10000af6:	7023      	strb	r3, [r4, #0]
10000af8:	2201      	movs	r2, #1
10000afa:	0030      	movs	r0, r6
10000afc:	61af      	str	r7, [r5, #24]
10000afe:	f006 fb0b 	bl	10007118 <__spi_write_blocking_veneer>
10000b02:	2301      	movs	r3, #1
10000b04:	0021      	movs	r1, r4
10000b06:	7023      	strb	r3, [r4, #0]
10000b08:	2201      	movs	r2, #1
10000b0a:	0030      	movs	r0, r6
10000b0c:	616f      	str	r7, [r5, #20]
10000b0e:	f006 fb03 	bl	10007118 <__spi_write_blocking_veneer>
10000b12:	23c3      	movs	r3, #195	@ 0xc3
10000b14:	0021      	movs	r1, r4
10000b16:	7023      	strb	r3, [r4, #0]
10000b18:	2201      	movs	r2, #1
10000b1a:	0030      	movs	r0, r6
10000b1c:	61af      	str	r7, [r5, #24]
10000b1e:	f006 fafb 	bl	10007118 <__spi_write_blocking_veneer>
10000b22:	2312      	movs	r3, #18
10000b24:	0021      	movs	r1, r4
10000b26:	7023      	strb	r3, [r4, #0]
10000b28:	2201      	movs	r2, #1
10000b2a:	0030      	movs	r0, r6
10000b2c:	616f      	str	r7, [r5, #20]
10000b2e:	f006 faf3 	bl	10007118 <__spi_write_blocking_veneer>
10000b32:	23c4      	movs	r3, #196	@ 0xc4
10000b34:	0021      	movs	r1, r4
10000b36:	7023      	strb	r3, [r4, #0]
10000b38:	2201      	movs	r2, #1
10000b3a:	0030      	movs	r0, r6
10000b3c:	61af      	str	r7, [r5, #24]
10000b3e:	f006 faeb 	bl	10007118 <__spi_write_blocking_veneer>
10000b42:	2220      	movs	r2, #32
10000b44:	0021      	movs	r1, r4
10000b46:	7022      	strb	r2, [r4, #0]
10000b48:	0030      	movs	r0, r6
10000b4a:	616f      	str	r7, [r5, #20]
10000b4c:	3a1f      	subs	r2, #31
10000b4e:	f006 fae3 	bl	10007118 <__spi_write_blocking_veneer>
10000b52:	23c6      	movs	r3, #198	@ 0xc6
10000b54:	0021      	movs	r1, r4
10000b56:	7023      	strb	r3, [r4, #0]
10000b58:	2201      	movs	r2, #1
10000b5a:	0030      	movs	r0, r6
10000b5c:	61af      	str	r7, [r5, #24]
10000b5e:	f006 fadb 	bl	10007118 <__spi_write_blocking_veneer>
10000b62:	230f      	movs	r3, #15
10000b64:	0021      	movs	r1, r4
10000b66:	7023      	strb	r3, [r4, #0]
10000b68:	2201      	movs	r2, #1
10000b6a:	0030      	movs	r0, r6
10000b6c:	616f      	str	r7, [r5, #20]
10000b6e:	f006 fad3 	bl	10007118 <__spi_write_blocking_veneer>
10000b72:	21d0      	movs	r1, #208	@ 0xd0
10000b74:	2201      	movs	r2, #1
10000b76:	468a      	mov	sl, r1
10000b78:	7021      	strb	r1, [r4, #0]
10000b7a:	0030      	movs	r0, r6
10000b7c:	0021      	movs	r1, r4
10000b7e:	61af      	str	r7, [r5, #24]
10000b80:	f006 faca 	bl	10007118 <__spi_write_blocking_veneer>
10000b84:	23a4      	movs	r3, #164	@ 0xa4
10000b86:	0021      	movs	r1, r4
10000b88:	7023      	strb	r3, [r4, #0]
10000b8a:	2201      	movs	r2, #1
10000b8c:	0030      	movs	r0, r6
10000b8e:	616f      	str	r7, [r5, #20]
10000b90:	f006 fac2 	bl	10007118 <__spi_write_blocking_veneer>
10000b94:	23a1      	movs	r3, #161	@ 0xa1
10000b96:	0021      	movs	r1, r4
10000b98:	7023      	strb	r3, [r4, #0]
10000b9a:	2201      	movs	r2, #1
10000b9c:	0030      	movs	r0, r6
10000b9e:	616f      	str	r7, [r5, #20]
10000ba0:	f006 faba 	bl	10007118 <__spi_write_blocking_veneer>
10000ba4:	23e0      	movs	r3, #224	@ 0xe0
10000ba6:	0021      	movs	r1, r4
10000ba8:	7023      	strb	r3, [r4, #0]
10000baa:	2201      	movs	r2, #1
10000bac:	0030      	movs	r0, r6
10000bae:	61af      	str	r7, [r5, #24]
10000bb0:	f006 fab2 	bl	10007118 <__spi_write_blocking_veneer>
10000bb4:	4651      	mov	r1, sl
10000bb6:	2201      	movs	r2, #1
10000bb8:	7021      	strb	r1, [r4, #0]
10000bba:	0030      	movs	r0, r6
10000bbc:	0021      	movs	r1, r4
10000bbe:	616f      	str	r7, [r5, #20]
10000bc0:	f006 faaa 	bl	10007118 <__spi_write_blocking_veneer>
10000bc4:	2104      	movs	r1, #4
10000bc6:	2201      	movs	r2, #1
10000bc8:	7021      	strb	r1, [r4, #0]
10000bca:	0030      	movs	r0, r6
10000bcc:	0021      	movs	r1, r4
10000bce:	616f      	str	r7, [r5, #20]
10000bd0:	f006 faa2 	bl	10007118 <__spi_write_blocking_veneer>
10000bd4:	200d      	movs	r0, #13
10000bd6:	0021      	movs	r1, r4
10000bd8:	7020      	strb	r0, [r4, #0]
10000bda:	4680      	mov	r8, r0
10000bdc:	2201      	movs	r2, #1
10000bde:	0030      	movs	r0, r6
10000be0:	616f      	str	r7, [r5, #20]
10000be2:	f006 fa99 	bl	10007118 <__spi_write_blocking_veneer>
10000be6:	4658      	mov	r0, fp
10000be8:	0021      	movs	r1, r4
10000bea:	7020      	strb	r0, [r4, #0]
10000bec:	2201      	movs	r2, #1
10000bee:	0030      	movs	r0, r6
10000bf0:	616f      	str	r7, [r5, #20]
10000bf2:	f006 fa91 	bl	10007118 <__spi_write_blocking_veneer>
10000bf6:	2013      	movs	r0, #19
10000bf8:	0021      	movs	r1, r4
10000bfa:	7020      	strb	r0, [r4, #0]
10000bfc:	2201      	movs	r2, #1
10000bfe:	0030      	movs	r0, r6
10000c00:	616f      	str	r7, [r5, #20]
10000c02:	f006 fa89 	bl	10007118 <__spi_write_blocking_veneer>
10000c06:	232b      	movs	r3, #43	@ 0x2b
10000c08:	0021      	movs	r1, r4
10000c0a:	7023      	strb	r3, [r4, #0]
10000c0c:	2201      	movs	r2, #1
10000c0e:	0030      	movs	r0, r6
10000c10:	616f      	str	r7, [r5, #20]
10000c12:	f006 fa81 	bl	10007118 <__spi_write_blocking_veneer>
10000c16:	233f      	movs	r3, #63	@ 0x3f
10000c18:	0021      	movs	r1, r4
10000c1a:	7023      	strb	r3, [r4, #0]
10000c1c:	2201      	movs	r2, #1
10000c1e:	0030      	movs	r0, r6
10000c20:	616f      	str	r7, [r5, #20]
10000c22:	f006 fa79 	bl	10007118 <__spi_write_blocking_veneer>
10000c26:	2354      	movs	r3, #84	@ 0x54
10000c28:	0021      	movs	r1, r4
10000c2a:	7023      	strb	r3, [r4, #0]
10000c2c:	2201      	movs	r2, #1
10000c2e:	0030      	movs	r0, r6
10000c30:	616f      	str	r7, [r5, #20]
10000c32:	f006 fa71 	bl	10007118 <__spi_write_blocking_veneer>
10000c36:	234c      	movs	r3, #76	@ 0x4c
10000c38:	0021      	movs	r1, r4
10000c3a:	7023      	strb	r3, [r4, #0]
10000c3c:	2201      	movs	r2, #1
10000c3e:	0030      	movs	r0, r6
10000c40:	616f      	str	r7, [r5, #20]
10000c42:	f006 fa69 	bl	10007118 <__spi_write_blocking_veneer>
10000c46:	2318      	movs	r3, #24
10000c48:	0021      	movs	r1, r4
10000c4a:	7023      	strb	r3, [r4, #0]
10000c4c:	2201      	movs	r2, #1
10000c4e:	0030      	movs	r0, r6
10000c50:	616f      	str	r7, [r5, #20]
10000c52:	f006 fa61 	bl	10007118 <__spi_write_blocking_veneer>
10000c56:	4642      	mov	r2, r8
10000c58:	0021      	movs	r1, r4
10000c5a:	7022      	strb	r2, [r4, #0]
10000c5c:	0030      	movs	r0, r6
10000c5e:	616f      	str	r7, [r5, #20]
10000c60:	3a0c      	subs	r2, #12
10000c62:	f006 fa59 	bl	10007118 <__spi_write_blocking_veneer>
10000c66:	230b      	movs	r3, #11
10000c68:	0021      	movs	r1, r4
10000c6a:	7023      	strb	r3, [r4, #0]
10000c6c:	2201      	movs	r2, #1
10000c6e:	0030      	movs	r0, r6
10000c70:	616f      	str	r7, [r5, #20]
10000c72:	f006 fa51 	bl	10007118 <__spi_write_blocking_veneer>
10000c76:	221f      	movs	r2, #31
10000c78:	0021      	movs	r1, r4
10000c7a:	4690      	mov	r8, r2
10000c7c:	7022      	strb	r2, [r4, #0]
10000c7e:	0030      	movs	r0, r6
10000c80:	616f      	str	r7, [r5, #20]
10000c82:	3a1e      	subs	r2, #30
10000c84:	f006 fa48 	bl	10007118 <__spi_write_blocking_veneer>
10000c88:	2223      	movs	r2, #35	@ 0x23
10000c8a:	0021      	movs	r1, r4
10000c8c:	7022      	strb	r2, [r4, #0]
10000c8e:	0030      	movs	r0, r6
10000c90:	616f      	str	r7, [r5, #20]
10000c92:	3a22      	subs	r2, #34	@ 0x22
10000c94:	f006 fa40 	bl	10007118 <__spi_write_blocking_veneer>
10000c98:	23e1      	movs	r3, #225	@ 0xe1
10000c9a:	0021      	movs	r1, r4
10000c9c:	7023      	strb	r3, [r4, #0]
10000c9e:	2201      	movs	r2, #1
10000ca0:	0030      	movs	r0, r6
10000ca2:	61af      	str	r7, [r5, #24]
10000ca4:	f006 fa38 	bl	10007118 <__spi_write_blocking_veneer>
10000ca8:	4651      	mov	r1, sl
10000caa:	2201      	movs	r2, #1
10000cac:	7021      	strb	r1, [r4, #0]
10000cae:	0030      	movs	r0, r6
10000cb0:	0021      	movs	r1, r4
10000cb2:	616f      	str	r7, [r5, #20]
10000cb4:	f006 fa30 	bl	10007118 <__spi_write_blocking_veneer>
10000cb8:	2104      	movs	r1, #4
10000cba:	2201      	movs	r2, #1
10000cbc:	7021      	strb	r1, [r4, #0]
10000cbe:	0030      	movs	r0, r6
10000cc0:	0021      	movs	r1, r4
10000cc2:	616f      	str	r7, [r5, #20]
10000cc4:	f006 fa28 	bl	10007118 <__spi_write_blocking_veneer>
10000cc8:	4649      	mov	r1, r9
10000cca:	2201      	movs	r2, #1
10000ccc:	7021      	strb	r1, [r4, #0]
10000cce:	0030      	movs	r0, r6
10000cd0:	0021      	movs	r1, r4
10000cd2:	616f      	str	r7, [r5, #20]
10000cd4:	f006 fa20 	bl	10007118 <__spi_write_blocking_veneer>
10000cd8:	4659      	mov	r1, fp
10000cda:	2201      	movs	r2, #1
10000cdc:	7021      	strb	r1, [r4, #0]
10000cde:	0030      	movs	r0, r6
10000ce0:	0021      	movs	r1, r4
10000ce2:	616f      	str	r7, [r5, #20]
10000ce4:	f006 fa18 	bl	10007118 <__spi_write_blocking_veneer>
10000ce8:	2013      	movs	r0, #19
10000cea:	0021      	movs	r1, r4
10000cec:	7020      	strb	r0, [r4, #0]
10000cee:	2201      	movs	r2, #1
10000cf0:	0030      	movs	r0, r6
10000cf2:	616f      	str	r7, [r5, #20]
10000cf4:	f006 fa10 	bl	10007118 <__spi_write_blocking_veneer>
10000cf8:	232c      	movs	r3, #44	@ 0x2c
10000cfa:	0021      	movs	r1, r4
10000cfc:	7023      	strb	r3, [r4, #0]
10000cfe:	2201      	movs	r2, #1
10000d00:	0030      	movs	r0, r6
10000d02:	616f      	str	r7, [r5, #20]
10000d04:	f006 fa08 	bl	10007118 <__spi_write_blocking_veneer>
10000d08:	233f      	movs	r3, #63	@ 0x3f
10000d0a:	0021      	movs	r1, r4
10000d0c:	7023      	strb	r3, [r4, #0]
10000d0e:	2201      	movs	r2, #1
10000d10:	0030      	movs	r0, r6
10000d12:	616f      	str	r7, [r5, #20]
10000d14:	f006 fa00 	bl	10007118 <__spi_write_blocking_veneer>
10000d18:	2344      	movs	r3, #68	@ 0x44
10000d1a:	0021      	movs	r1, r4
10000d1c:	7023      	strb	r3, [r4, #0]
10000d1e:	2201      	movs	r2, #1
10000d20:	0030      	movs	r0, r6
10000d22:	616f      	str	r7, [r5, #20]
10000d24:	f006 f9f8 	bl	10007118 <__spi_write_blocking_veneer>
10000d28:	2351      	movs	r3, #81	@ 0x51
10000d2a:	0021      	movs	r1, r4
10000d2c:	7023      	strb	r3, [r4, #0]
10000d2e:	2201      	movs	r2, #1
10000d30:	0030      	movs	r0, r6
10000d32:	616f      	str	r7, [r5, #20]
10000d34:	f006 f9f0 	bl	10007118 <__spi_write_blocking_veneer>
10000d38:	232f      	movs	r3, #47	@ 0x2f
10000d3a:	0021      	movs	r1, r4
10000d3c:	7023      	strb	r3, [r4, #0]
10000d3e:	2201      	movs	r2, #1
10000d40:	0030      	movs	r0, r6
10000d42:	616f      	str	r7, [r5, #20]
10000d44:	f006 f9e8 	bl	10007118 <__spi_write_blocking_veneer>
10000d48:	4643      	mov	r3, r8
10000d4a:	0021      	movs	r1, r4
10000d4c:	7023      	strb	r3, [r4, #0]
10000d4e:	2201      	movs	r2, #1
10000d50:	0030      	movs	r0, r6
10000d52:	616f      	str	r7, [r5, #20]
10000d54:	f006 f9e0 	bl	10007118 <__spi_write_blocking_veneer>
10000d58:	4643      	mov	r3, r8
10000d5a:	0021      	movs	r1, r4
10000d5c:	7023      	strb	r3, [r4, #0]
10000d5e:	2201      	movs	r2, #1
10000d60:	0030      	movs	r0, r6
10000d62:	616f      	str	r7, [r5, #20]
10000d64:	f006 f9d8 	bl	10007118 <__spi_write_blocking_veneer>
10000d68:	2220      	movs	r2, #32
10000d6a:	0021      	movs	r1, r4
10000d6c:	7022      	strb	r2, [r4, #0]
10000d6e:	0030      	movs	r0, r6
10000d70:	616f      	str	r7, [r5, #20]
10000d72:	3a1f      	subs	r2, #31
10000d74:	f006 f9d0 	bl	10007118 <__spi_write_blocking_veneer>
10000d78:	2223      	movs	r2, #35	@ 0x23
10000d7a:	0021      	movs	r1, r4
10000d7c:	7022      	strb	r2, [r4, #0]
10000d7e:	0030      	movs	r0, r6
10000d80:	616f      	str	r7, [r5, #20]
10000d82:	3a22      	subs	r2, #34	@ 0x22
10000d84:	f006 f9c8 	bl	10007118 <__spi_write_blocking_veneer>
10000d88:	2321      	movs	r3, #33	@ 0x21
10000d8a:	0021      	movs	r1, r4
10000d8c:	7023      	strb	r3, [r4, #0]
10000d8e:	2201      	movs	r2, #1
10000d90:	0030      	movs	r0, r6
10000d92:	61af      	str	r7, [r5, #24]
10000d94:	f006 f9c0 	bl	10007118 <__spi_write_blocking_veneer>
10000d98:	2329      	movs	r3, #41	@ 0x29
10000d9a:	2201      	movs	r2, #1
10000d9c:	7023      	strb	r3, [r4, #0]
10000d9e:	0021      	movs	r1, r4
10000da0:	0030      	movs	r0, r6
10000da2:	61af      	str	r7, [r5, #24]
10000da4:	f006 f9b8 	bl	10007118 <__spi_write_blocking_veneer>
10000da8:	b003      	add	sp, #12
10000daa:	e001      	b.n	10000db0 <initializeSt7789+0x414>
10000dac:	4003c000 	.word	0x4003c000
10000db0:	bcf0      	pop	{r4, r5, r6, r7}
10000db2:	46bb      	mov	fp, r7
10000db4:	46b2      	mov	sl, r6
10000db6:	46a9      	mov	r9, r5
10000db8:	46a0      	mov	r8, r4
10000dba:	bdf0      	pop	{r4, r5, r6, r7, pc}

10000dbc <setAddressWindowSt7789>:
10000dbc:	b5f0      	push	{r4, r5, r6, r7, lr}
10000dbe:	46de      	mov	lr, fp
10000dc0:	4657      	mov	r7, sl
10000dc2:	464e      	mov	r6, r9
10000dc4:	4645      	mov	r5, r8
10000dc6:	4c3e      	ldr	r4, [pc, #248]	@ (10000ec0 <setAddressWindowSt7789+0x104>)
10000dc8:	b5e0      	push	{r5, r6, r7, lr}
10000dca:	8824      	ldrh	r4, [r4, #0]
10000dcc:	b083      	sub	sp, #12
10000dce:	1820      	adds	r0, r4, r0
10000dd0:	b280      	uxth	r0, r0
10000dd2:	4683      	mov	fp, r0
10000dd4:	483b      	ldr	r0, [pc, #236]	@ (10000ec4 <setAddressWindowSt7789+0x108>)
10000dd6:	18a4      	adds	r4, r4, r2
10000dd8:	8800      	ldrh	r0, [r0, #0]
10000dda:	26d0      	movs	r6, #208	@ 0xd0
10000ddc:	1841      	adds	r1, r0, r1
10000dde:	18c0      	adds	r0, r0, r3
10000de0:	b283      	uxth	r3, r0
10000de2:	4698      	mov	r8, r3
10000de4:	466b      	mov	r3, sp
10000de6:	2780      	movs	r7, #128	@ 0x80
10000de8:	b2a2      	uxth	r2, r4
10000dea:	1ddc      	adds	r4, r3, #7
10000dec:	232a      	movs	r3, #42	@ 0x2a
10000dee:	4d36      	ldr	r5, [pc, #216]	@ (10000ec8 <setAddressWindowSt7789+0x10c>)
10000df0:	0636      	lsls	r6, r6, #24
10000df2:	007f      	lsls	r7, r7, #1
10000df4:	b289      	uxth	r1, r1
10000df6:	468a      	mov	sl, r1
10000df8:	4691      	mov	r9, r2
10000dfa:	7023      	strb	r3, [r4, #0]
10000dfc:	0021      	movs	r1, r4
10000dfe:	2201      	movs	r2, #1
10000e00:	0028      	movs	r0, r5
10000e02:	61b7      	str	r7, [r6, #24]
10000e04:	f006 f988 	bl	10007118 <__spi_write_blocking_veneer>
10000e08:	465b      	mov	r3, fp
10000e0a:	0a1b      	lsrs	r3, r3, #8
10000e0c:	7023      	strb	r3, [r4, #0]
10000e0e:	0021      	movs	r1, r4
10000e10:	2201      	movs	r2, #1
10000e12:	0028      	movs	r0, r5
10000e14:	6177      	str	r7, [r6, #20]
10000e16:	f006 f97f 	bl	10007118 <__spi_write_blocking_veneer>
10000e1a:	465b      	mov	r3, fp
10000e1c:	0021      	movs	r1, r4
10000e1e:	7023      	strb	r3, [r4, #0]
10000e20:	2201      	movs	r2, #1
10000e22:	0028      	movs	r0, r5
10000e24:	6177      	str	r7, [r6, #20]
10000e26:	f006 f977 	bl	10007118 <__spi_write_blocking_veneer>
10000e2a:	464b      	mov	r3, r9
10000e2c:	0a1b      	lsrs	r3, r3, #8
10000e2e:	7023      	strb	r3, [r4, #0]
10000e30:	0021      	movs	r1, r4
10000e32:	2201      	movs	r2, #1
10000e34:	0028      	movs	r0, r5
10000e36:	6177      	str	r7, [r6, #20]
10000e38:	f006 f96e 	bl	10007118 <__spi_write_blocking_veneer>
10000e3c:	464b      	mov	r3, r9
10000e3e:	0021      	movs	r1, r4
10000e40:	7023      	strb	r3, [r4, #0]
10000e42:	2201      	movs	r2, #1
10000e44:	0028      	movs	r0, r5
10000e46:	6177      	str	r7, [r6, #20]
10000e48:	f006 f966 	bl	10007118 <__spi_write_blocking_veneer>
10000e4c:	232b      	movs	r3, #43	@ 0x2b
10000e4e:	0021      	movs	r1, r4
10000e50:	7023      	strb	r3, [r4, #0]
10000e52:	2201      	movs	r2, #1
10000e54:	0028      	movs	r0, r5
10000e56:	61b7      	str	r7, [r6, #24]
10000e58:	f006 f95e 	bl	10007118 <__spi_write_blocking_veneer>
10000e5c:	4653      	mov	r3, sl
10000e5e:	0a1b      	lsrs	r3, r3, #8
10000e60:	7023      	strb	r3, [r4, #0]
10000e62:	0021      	movs	r1, r4
10000e64:	2201      	movs	r2, #1
10000e66:	0028      	movs	r0, r5
10000e68:	6177      	str	r7, [r6, #20]
10000e6a:	f006 f955 	bl	10007118 <__spi_write_blocking_veneer>
10000e6e:	4653      	mov	r3, sl
10000e70:	0021      	movs	r1, r4
10000e72:	7023      	strb	r3, [r4, #0]
10000e74:	2201      	movs	r2, #1
10000e76:	0028      	movs	r0, r5
10000e78:	6177      	str	r7, [r6, #20]
10000e7a:	f006 f94d 	bl	10007118 <__spi_write_blocking_veneer>
10000e7e:	4643      	mov	r3, r8
10000e80:	0a1b      	lsrs	r3, r3, #8
10000e82:	7023      	strb	r3, [r4, #0]
10000e84:	0021      	movs	r1, r4
10000e86:	2201      	movs	r2, #1
10000e88:	0028      	movs	r0, r5
10000e8a:	6177      	str	r7, [r6, #20]
10000e8c:	f006 f944 	bl	10007118 <__spi_write_blocking_veneer>
10000e90:	4643      	mov	r3, r8
10000e92:	0021      	movs	r1, r4
10000e94:	7023      	strb	r3, [r4, #0]
10000e96:	2201      	movs	r2, #1
10000e98:	0028      	movs	r0, r5
10000e9a:	6177      	str	r7, [r6, #20]
10000e9c:	f006 f93c 	bl	10007118 <__spi_write_blocking_veneer>
10000ea0:	232c      	movs	r3, #44	@ 0x2c
10000ea2:	2201      	movs	r2, #1
10000ea4:	7023      	strb	r3, [r4, #0]
10000ea6:	0021      	movs	r1, r4
10000ea8:	0028      	movs	r0, r5
10000eaa:	61b7      	str	r7, [r6, #24]
10000eac:	f006 f934 	bl	10007118 <__spi_write_blocking_veneer>
10000eb0:	b003      	add	sp, #12
10000eb2:	bcf0      	pop	{r4, r5, r6, r7}
10000eb4:	46bb      	mov	fp, r7
10000eb6:	46b2      	mov	sl, r6
10000eb8:	46a9      	mov	r9, r5
10000eba:	46a0      	mov	r8, r4
10000ebc:	bdf0      	pop	{r4, r5, r6, r7, pc}
10000ebe:	46c0      	nop			@ (mov r8, r8)
10000ec0:	20000cea 	.word	0x20000cea
10000ec4:	20000cec 	.word	0x20000cec
10000ec8:	4003c000 	.word	0x4003c000

10000ecc <fillRectangleSt7789>:
10000ecc:	b5f0      	push	{r4, r5, r6, r7, lr}
10000ece:	46d6      	mov	lr, sl
10000ed0:	464f      	mov	r7, r9
10000ed2:	4646      	mov	r6, r8
10000ed4:	001c      	movs	r4, r3
10000ed6:	b5c0      	push	{r6, r7, lr}
10000ed8:	0016      	movs	r6, r2
10000eda:	b082      	sub	sp, #8
10000edc:	ab0a      	add	r3, sp, #40	@ 0x28
10000ede:	881f      	ldrh	r7, [r3, #0]
10000ee0:	1e55      	subs	r5, r2, #1
10000ee2:	1e63      	subs	r3, r4, #1
10000ee4:	18cb      	adds	r3, r1, r3
10000ee6:	1945      	adds	r5, r0, r5
10000ee8:	4374      	muls	r4, r6
10000eea:	b29b      	uxth	r3, r3
10000eec:	b2aa      	uxth	r2, r5
10000eee:	f7ff ff65 	bl	10000dbc <setAddressWindowSt7789>
10000ef2:	0a3b      	lsrs	r3, r7, #8
10000ef4:	469a      	mov	sl, r3
10000ef6:	b2fb      	uxtb	r3, r7
10000ef8:	4699      	mov	r9, r3
10000efa:	46a0      	mov	r8, r4
10000efc:	2c00      	cmp	r4, #0
10000efe:	d019      	beq.n	10000f34 <fillRectangleSt7789+0x68>
10000f00:	466b      	mov	r3, sp
10000f02:	27d0      	movs	r7, #208	@ 0xd0
10000f04:	2680      	movs	r6, #128	@ 0x80
10000f06:	2500      	movs	r5, #0
10000f08:	1ddc      	adds	r4, r3, #7
10000f0a:	063f      	lsls	r7, r7, #24
10000f0c:	0076      	lsls	r6, r6, #1
10000f0e:	4653      	mov	r3, sl
10000f10:	2201      	movs	r2, #1
10000f12:	7023      	strb	r3, [r4, #0]
10000f14:	0021      	movs	r1, r4
10000f16:	480a      	ldr	r0, [pc, #40]	@ (10000f40 <fillRectangleSt7789+0x74>)
10000f18:	617e      	str	r6, [r7, #20]
10000f1a:	f006 f8fd 	bl	10007118 <__spi_write_blocking_veneer>
10000f1e:	464b      	mov	r3, r9
10000f20:	2201      	movs	r2, #1
10000f22:	7023      	strb	r3, [r4, #0]
10000f24:	0021      	movs	r1, r4
10000f26:	4806      	ldr	r0, [pc, #24]	@ (10000f40 <fillRectangleSt7789+0x74>)
10000f28:	617e      	str	r6, [r7, #20]
10000f2a:	3501      	adds	r5, #1
10000f2c:	f006 f8f4 	bl	10007118 <__spi_write_blocking_veneer>
10000f30:	4545      	cmp	r5, r8
10000f32:	d1ec      	bne.n	10000f0e <fillRectangleSt7789+0x42>
10000f34:	b002      	add	sp, #8
10000f36:	bce0      	pop	{r5, r6, r7}
10000f38:	46ba      	mov	sl, r7
10000f3a:	46b1      	mov	r9, r6
10000f3c:	46a8      	mov	r8, r5
10000f3e:	bdf0      	pop	{r4, r5, r6, r7, pc}
10000f40:	4003c000 	.word	0x4003c000

10000f44 <fillScreenSt7789>:
10000f44:	b5f0      	push	{r4, r5, r6, r7, lr}
10000f46:	46ce      	mov	lr, r9
10000f48:	4647      	mov	r7, r8
10000f4a:	0004      	movs	r4, r0
10000f4c:	b580      	push	{r7, lr}
10000f4e:	23ef      	movs	r3, #239	@ 0xef
10000f50:	b083      	sub	sp, #12
10000f52:	22ef      	movs	r2, #239	@ 0xef
10000f54:	2100      	movs	r1, #0
10000f56:	2000      	movs	r0, #0
10000f58:	f7ff ff30 	bl	10000dbc <setAddressWindowSt7789>
10000f5c:	0a23      	lsrs	r3, r4, #8
10000f5e:	4699      	mov	r9, r3
10000f60:	b2e3      	uxtb	r3, r4
10000f62:	4698      	mov	r8, r3
10000f64:	25e1      	movs	r5, #225	@ 0xe1
10000f66:	466b      	mov	r3, sp
10000f68:	27d0      	movs	r7, #208	@ 0xd0
10000f6a:	2680      	movs	r6, #128	@ 0x80
10000f6c:	022d      	lsls	r5, r5, #8
10000f6e:	1ddc      	adds	r4, r3, #7
10000f70:	063f      	lsls	r7, r7, #24
10000f72:	0076      	lsls	r6, r6, #1
10000f74:	464b      	mov	r3, r9
10000f76:	2201      	movs	r2, #1
10000f78:	7023      	strb	r3, [r4, #0]
10000f7a:	0021      	movs	r1, r4
10000f7c:	4809      	ldr	r0, [pc, #36]	@ (10000fa4 <fillScreenSt7789+0x60>)
10000f7e:	617e      	str	r6, [r7, #20]
10000f80:	f006 f8ca 	bl	10007118 <__spi_write_blocking_veneer>
10000f84:	4643      	mov	r3, r8
10000f86:	2201      	movs	r2, #1
10000f88:	7023      	strb	r3, [r4, #0]
10000f8a:	0021      	movs	r1, r4
10000f8c:	4805      	ldr	r0, [pc, #20]	@ (10000fa4 <fillScreenSt7789+0x60>)
10000f8e:	617e      	str	r6, [r7, #20]
10000f90:	3d01      	subs	r5, #1
10000f92:	f006 f8c1 	bl	10007118 <__spi_write_blocking_veneer>
10000f96:	2d00      	cmp	r5, #0
10000f98:	d1ec      	bne.n	10000f74 <fillScreenSt7789+0x30>
10000f9a:	b003      	add	sp, #12
10000f9c:	bcc0      	pop	{r6, r7}
10000f9e:	46b9      	mov	r9, r7
10000fa0:	46b0      	mov	r8, r6
10000fa2:	bdf0      	pop	{r4, r5, r6, r7, pc}
10000fa4:	4003c000 	.word	0x4003c000

10000fa8 <send1PixelColor>:
10000fa8:	23d0      	movs	r3, #208	@ 0xd0
10000faa:	2280      	movs	r2, #128	@ 0x80
10000fac:	b500      	push	{lr}
10000fae:	b083      	sub	sp, #12
10000fb0:	a901      	add	r1, sp, #4
10000fb2:	061b      	lsls	r3, r3, #24
10000fb4:	ba40      	rev16	r0, r0
10000fb6:	0052      	lsls	r2, r2, #1
10000fb8:	8008      	strh	r0, [r1, #0]
10000fba:	615a      	str	r2, [r3, #20]
10000fbc:	4802      	ldr	r0, [pc, #8]	@ (10000fc8 <send1PixelColor+0x20>)
10000fbe:	3afe      	subs	r2, #254	@ 0xfe
10000fc0:	f006 f8aa 	bl	10007118 <__spi_write_blocking_veneer>
10000fc4:	b003      	add	sp, #12
10000fc6:	bd00      	pop	{pc}
10000fc8:	4003c000 	.word	0x4003c000

10000fcc <setRotationSt7789>:
10000fcc:	b570      	push	{r4, r5, r6, lr}
10000fce:	b082      	sub	sp, #8
10000fd0:	2336      	movs	r3, #54	@ 0x36
10000fd2:	466a      	mov	r2, sp
10000fd4:	25d0      	movs	r5, #208	@ 0xd0
10000fd6:	2680      	movs	r6, #128	@ 0x80
10000fd8:	71d3      	strb	r3, [r2, #7]
10000fda:	466b      	mov	r3, sp
10000fdc:	062d      	lsls	r5, r5, #24
10000fde:	0076      	lsls	r6, r6, #1
10000fe0:	0004      	movs	r4, r0
10000fe2:	2201      	movs	r2, #1
10000fe4:	4821      	ldr	r0, [pc, #132]	@ (1000106c <setRotationSt7789+0xa0>)
10000fe6:	61ae      	str	r6, [r5, #24]
10000fe8:	1dd9      	adds	r1, r3, #7
10000fea:	f006 f895 	bl	10007118 <__spi_write_blocking_veneer>
10000fee:	2c02      	cmp	r4, #2
10000ff0:	d025      	beq.n	1000103e <setRotationSt7789+0x72>
10000ff2:	d813      	bhi.n	1000101c <setRotationSt7789+0x50>
10000ff4:	2360      	movs	r3, #96	@ 0x60
10000ff6:	2c00      	cmp	r4, #0
10000ff8:	d02e      	beq.n	10001058 <setRotationSt7789+0x8c>
10000ffa:	466a      	mov	r2, sp
10000ffc:	71d3      	strb	r3, [r2, #7]
10000ffe:	466b      	mov	r3, sp
10001000:	2201      	movs	r2, #1
10001002:	481a      	ldr	r0, [pc, #104]	@ (1000106c <setRotationSt7789+0xa0>)
10001004:	616e      	str	r6, [r5, #20]
10001006:	1dd9      	adds	r1, r3, #7
10001008:	f006 f886 	bl	10007118 <__spi_write_blocking_veneer>
1000100c:	2100      	movs	r1, #0
1000100e:	2200      	movs	r2, #0
10001010:	4b17      	ldr	r3, [pc, #92]	@ (10001070 <setRotationSt7789+0xa4>)
10001012:	8019      	strh	r1, [r3, #0]
10001014:	4b17      	ldr	r3, [pc, #92]	@ (10001074 <setRotationSt7789+0xa8>)
10001016:	801a      	strh	r2, [r3, #0]
10001018:	b002      	add	sp, #8
1000101a:	bd70      	pop	{r4, r5, r6, pc}
1000101c:	2c03      	cmp	r4, #3
1000101e:	d10c      	bne.n	1000103a <setRotationSt7789+0x6e>
10001020:	23a0      	movs	r3, #160	@ 0xa0
10001022:	466a      	mov	r2, sp
10001024:	71d3      	strb	r3, [r2, #7]
10001026:	466b      	mov	r3, sp
10001028:	2201      	movs	r2, #1
1000102a:	1dd9      	adds	r1, r3, #7
1000102c:	480f      	ldr	r0, [pc, #60]	@ (1000106c <setRotationSt7789+0xa0>)
1000102e:	616e      	str	r6, [r5, #20]
10001030:	f006 f872 	bl	10007118 <__spi_write_blocking_veneer>
10001034:	2150      	movs	r1, #80	@ 0x50
10001036:	2200      	movs	r2, #0
10001038:	e7ea      	b.n	10001010 <setRotationSt7789+0x44>
1000103a:	2300      	movs	r3, #0
1000103c:	e7dd      	b.n	10000ffa <setRotationSt7789+0x2e>
1000103e:	23c0      	movs	r3, #192	@ 0xc0
10001040:	466a      	mov	r2, sp
10001042:	71d3      	strb	r3, [r2, #7]
10001044:	466b      	mov	r3, sp
10001046:	2201      	movs	r2, #1
10001048:	1dd9      	adds	r1, r3, #7
1000104a:	4808      	ldr	r0, [pc, #32]	@ (1000106c <setRotationSt7789+0xa0>)
1000104c:	616e      	str	r6, [r5, #20]
1000104e:	f006 f863 	bl	10007118 <__spi_write_blocking_veneer>
10001052:	2100      	movs	r1, #0
10001054:	2250      	movs	r2, #80	@ 0x50
10001056:	e7db      	b.n	10001010 <setRotationSt7789+0x44>
10001058:	466b      	mov	r3, sp
1000105a:	2201      	movs	r2, #1
1000105c:	71dc      	strb	r4, [r3, #7]
1000105e:	1dd9      	adds	r1, r3, #7
10001060:	616e      	str	r6, [r5, #20]
10001062:	4802      	ldr	r0, [pc, #8]	@ (1000106c <setRotationSt7789+0xa0>)
10001064:	f006 f858 	bl	10007118 <__spi_write_blocking_veneer>
10001068:	e7d0      	b.n	1000100c <setRotationSt7789+0x40>
1000106a:	46c0      	nop			@ (mov r8, r8)
1000106c:	4003c000 	.word	0x4003c000
10001070:	20000cea 	.word	0x20000cea
10001074:	20000cec 	.word	0x20000cec

10001078 <draw8x8Charx2>:
10001078:	b5f0      	push	{r4, r5, r6, r7, lr}
1000107a:	4645      	mov	r5, r8
1000107c:	46de      	mov	lr, fp
1000107e:	4657      	mov	r7, sl
10001080:	464e      	mov	r6, r9
10001082:	b5e0      	push	{r5, r6, r7, lr}
10001084:	b097      	sub	sp, #92	@ 0x5c
10001086:	001d      	movs	r5, r3
10001088:	ab20      	add	r3, sp, #128	@ 0x80
1000108a:	881c      	ldrh	r4, [r3, #0]
1000108c:	2a0a      	cmp	r2, #10
1000108e:	d100      	bne.n	10001092 <draw8x8Charx2+0x1a>
10001090:	e1a7      	b.n	100013e2 <draw8x8Charx2+0x36a>
10001092:	3a20      	subs	r2, #32
10001094:	b2d3      	uxtb	r3, r2
10001096:	00d7      	lsls	r7, r2, #3
10001098:	2b5e      	cmp	r3, #94	@ 0x5e
1000109a:	d900      	bls.n	1000109e <draw8x8Charx2+0x26>
1000109c:	e1a8      	b.n	100013f0 <draw8x8Charx2+0x378>
1000109e:	000b      	movs	r3, r1
100010a0:	0002      	movs	r2, r0
100010a2:	330f      	adds	r3, #15
100010a4:	320f      	adds	r2, #15
100010a6:	b29b      	uxth	r3, r3
100010a8:	b292      	uxth	r2, r2
100010aa:	f7ff fe87 	bl	10000dbc <setAddressWindowSt7789>
100010ae:	0a23      	lsrs	r3, r4, #8
100010b0:	4ad7      	ldr	r2, [pc, #860]	@ (10001410 <draw8x8Charx2+0x398>)
100010b2:	9301      	str	r3, [sp, #4]
100010b4:	0a2b      	lsrs	r3, r5, #8
100010b6:	18ba      	adds	r2, r7, r2
100010b8:	4698      	mov	r8, r3
100010ba:	4bd6      	ldr	r3, [pc, #856]	@ (10001414 <draw8x8Charx2+0x39c>)
100010bc:	920e      	str	r2, [sp, #56]	@ 0x38
100010be:	3208      	adds	r2, #8
100010c0:	469a      	mov	sl, r3
100010c2:	9213      	str	r2, [sp, #76]	@ 0x4c
100010c4:	b2ea      	uxtb	r2, r5
100010c6:	4694      	mov	ip, r2
100010c8:	881b      	ldrh	r3, [r3, #0]
100010ca:	46c1      	mov	r9, r8
100010cc:	001e      	movs	r6, r3
100010ce:	9314      	str	r3, [sp, #80]	@ 0x50
100010d0:	4653      	mov	r3, sl
100010d2:	46e3      	mov	fp, ip
100010d4:	b2e2      	uxtb	r2, r4
100010d6:	4fd0      	ldr	r7, [pc, #832]	@ (10001418 <draw8x8Charx2+0x3a0>)
100010d8:	9202      	str	r2, [sp, #8]
100010da:	9315      	str	r3, [sp, #84]	@ 0x54
100010dc:	2500      	movs	r5, #0
100010de:	9b0e      	ldr	r3, [sp, #56]	@ 0x38
100010e0:	1c70      	adds	r0, r6, #1
100010e2:	575d      	ldrsb	r5, [r3, r5]
100010e4:	465b      	mov	r3, fp
100010e6:	930b      	str	r3, [sp, #44]	@ 0x2c
100010e8:	464b      	mov	r3, r9
100010ea:	1cb1      	adds	r1, r6, #2
100010ec:	1cf2      	adds	r2, r6, #3
100010ee:	1d34      	adds	r4, r6, #4
100010f0:	9500      	str	r5, [sp, #0]
100010f2:	b280      	uxth	r0, r0
100010f4:	b289      	uxth	r1, r1
100010f6:	b292      	uxth	r2, r2
100010f8:	b2a4      	uxth	r4, r4
100010fa:	9305      	str	r3, [sp, #20]
100010fc:	2d00      	cmp	r5, #0
100010fe:	db03      	blt.n	10001108 <draw8x8Charx2+0x90>
10001100:	9b02      	ldr	r3, [sp, #8]
10001102:	930b      	str	r3, [sp, #44]	@ 0x2c
10001104:	9b01      	ldr	r3, [sp, #4]
10001106:	9305      	str	r3, [sp, #20]
10001108:	9d05      	ldr	r5, [sp, #20]
1000110a:	9b0b      	ldr	r3, [sp, #44]	@ 0x2c
1000110c:	55bd      	strb	r5, [r7, r6]
1000110e:	543b      	strb	r3, [r7, r0]
10001110:	547d      	strb	r5, [r7, r1]
10001112:	54bb      	strb	r3, [r7, r2]
10001114:	465b      	mov	r3, fp
10001116:	930c      	str	r3, [sp, #48]	@ 0x30
10001118:	464b      	mov	r3, r9
1000111a:	0035      	movs	r5, r6
1000111c:	930d      	str	r3, [sp, #52]	@ 0x34
1000111e:	9b00      	ldr	r3, [sp, #0]
10001120:	1d70      	adds	r0, r6, #5
10001122:	1db1      	adds	r1, r6, #6
10001124:	1df2      	adds	r2, r6, #7
10001126:	3508      	adds	r5, #8
10001128:	b280      	uxth	r0, r0
1000112a:	b289      	uxth	r1, r1
1000112c:	b292      	uxth	r2, r2
1000112e:	b2ad      	uxth	r5, r5
10001130:	065b      	lsls	r3, r3, #25
10001132:	d403      	bmi.n	1000113c <draw8x8Charx2+0xc4>
10001134:	9b02      	ldr	r3, [sp, #8]
10001136:	930c      	str	r3, [sp, #48]	@ 0x30
10001138:	9b01      	ldr	r3, [sp, #4]
1000113a:	930d      	str	r3, [sp, #52]	@ 0x34
1000113c:	9b0d      	ldr	r3, [sp, #52]	@ 0x34
1000113e:	553b      	strb	r3, [r7, r4]
10001140:	9c0c      	ldr	r4, [sp, #48]	@ 0x30
10001142:	543c      	strb	r4, [r7, r0]
10001144:	547b      	strb	r3, [r7, r1]
10001146:	465b      	mov	r3, fp
10001148:	9306      	str	r3, [sp, #24]
1000114a:	464b      	mov	r3, r9
1000114c:	54bc      	strb	r4, [r7, r2]
1000114e:	0030      	movs	r0, r6
10001150:	0031      	movs	r1, r6
10001152:	0032      	movs	r2, r6
10001154:	0034      	movs	r4, r6
10001156:	9307      	str	r3, [sp, #28]
10001158:	9b00      	ldr	r3, [sp, #0]
1000115a:	3009      	adds	r0, #9
1000115c:	310a      	adds	r1, #10
1000115e:	320b      	adds	r2, #11
10001160:	340c      	adds	r4, #12
10001162:	b280      	uxth	r0, r0
10001164:	b289      	uxth	r1, r1
10001166:	b292      	uxth	r2, r2
10001168:	b2a4      	uxth	r4, r4
1000116a:	069b      	lsls	r3, r3, #26
1000116c:	d403      	bmi.n	10001176 <draw8x8Charx2+0xfe>
1000116e:	9b02      	ldr	r3, [sp, #8]
10001170:	9306      	str	r3, [sp, #24]
10001172:	9b01      	ldr	r3, [sp, #4]
10001174:	9307      	str	r3, [sp, #28]
10001176:	9b07      	ldr	r3, [sp, #28]
10001178:	557b      	strb	r3, [r7, r5]
1000117a:	9d06      	ldr	r5, [sp, #24]
1000117c:	543d      	strb	r5, [r7, r0]
1000117e:	547b      	strb	r3, [r7, r1]
10001180:	465b      	mov	r3, fp
10001182:	9308      	str	r3, [sp, #32]
10001184:	464b      	mov	r3, r9
10001186:	54bd      	strb	r5, [r7, r2]
10001188:	0030      	movs	r0, r6
1000118a:	0031      	movs	r1, r6
1000118c:	0032      	movs	r2, r6
1000118e:	0035      	movs	r5, r6
10001190:	9309      	str	r3, [sp, #36]	@ 0x24
10001192:	9b00      	ldr	r3, [sp, #0]
10001194:	300d      	adds	r0, #13
10001196:	310e      	adds	r1, #14
10001198:	320f      	adds	r2, #15
1000119a:	3510      	adds	r5, #16
1000119c:	b280      	uxth	r0, r0
1000119e:	b289      	uxth	r1, r1
100011a0:	b292      	uxth	r2, r2
100011a2:	b2ad      	uxth	r5, r5
100011a4:	06db      	lsls	r3, r3, #27
100011a6:	d403      	bmi.n	100011b0 <draw8x8Charx2+0x138>
100011a8:	9b02      	ldr	r3, [sp, #8]
100011aa:	9308      	str	r3, [sp, #32]
100011ac:	9b01      	ldr	r3, [sp, #4]
100011ae:	9309      	str	r3, [sp, #36]	@ 0x24
100011b0:	9b09      	ldr	r3, [sp, #36]	@ 0x24
100011b2:	46da      	mov	sl, fp
100011b4:	553b      	strb	r3, [r7, r4]
100011b6:	9c08      	ldr	r4, [sp, #32]
100011b8:	543c      	strb	r4, [r7, r0]
100011ba:	547b      	strb	r3, [r7, r1]
100011bc:	464b      	mov	r3, r9
100011be:	54bc      	strb	r4, [r7, r2]
100011c0:	0030      	movs	r0, r6
100011c2:	0031      	movs	r1, r6
100011c4:	0032      	movs	r2, r6
100011c6:	0034      	movs	r4, r6
100011c8:	930a      	str	r3, [sp, #40]	@ 0x28
100011ca:	9b00      	ldr	r3, [sp, #0]
100011cc:	3011      	adds	r0, #17
100011ce:	3112      	adds	r1, #18
100011d0:	3213      	adds	r2, #19
100011d2:	3414      	adds	r4, #20
100011d4:	b280      	uxth	r0, r0
100011d6:	b289      	uxth	r1, r1
100011d8:	b292      	uxth	r2, r2
100011da:	b2a4      	uxth	r4, r4
100011dc:	071b      	lsls	r3, r3, #28
100011de:	d403      	bmi.n	100011e8 <draw8x8Charx2+0x170>
100011e0:	9b02      	ldr	r3, [sp, #8]
100011e2:	469a      	mov	sl, r3
100011e4:	9b01      	ldr	r3, [sp, #4]
100011e6:	930a      	str	r3, [sp, #40]	@ 0x28
100011e8:	9b0a      	ldr	r3, [sp, #40]	@ 0x28
100011ea:	46d8      	mov	r8, fp
100011ec:	557b      	strb	r3, [r7, r5]
100011ee:	4655      	mov	r5, sl
100011f0:	543d      	strb	r5, [r7, r0]
100011f2:	547b      	strb	r3, [r7, r1]
100011f4:	54bd      	strb	r5, [r7, r2]
100011f6:	0035      	movs	r5, r6
100011f8:	0030      	movs	r0, r6
100011fa:	0031      	movs	r1, r6
100011fc:	0032      	movs	r2, r6
100011fe:	3518      	adds	r5, #24
10001200:	b2ab      	uxth	r3, r5
10001202:	9303      	str	r3, [sp, #12]
10001204:	9b00      	ldr	r3, [sp, #0]
10001206:	3015      	adds	r0, #21
10001208:	3116      	adds	r1, #22
1000120a:	3217      	adds	r2, #23
1000120c:	464d      	mov	r5, r9
1000120e:	b280      	uxth	r0, r0
10001210:	b289      	uxth	r1, r1
10001212:	b292      	uxth	r2, r2
10001214:	075b      	lsls	r3, r3, #29
10001216:	d402      	bmi.n	1000121e <draw8x8Charx2+0x1a6>
10001218:	9b02      	ldr	r3, [sp, #8]
1000121a:	9d01      	ldr	r5, [sp, #4]
1000121c:	4698      	mov	r8, r3
1000121e:	4643      	mov	r3, r8
10001220:	553d      	strb	r5, [r7, r4]
10001222:	543b      	strb	r3, [r7, r0]
10001224:	547d      	strb	r5, [r7, r1]
10001226:	54bb      	strb	r3, [r7, r2]
10001228:	0032      	movs	r2, r6
1000122a:	0030      	movs	r0, r6
1000122c:	0031      	movs	r1, r6
1000122e:	3219      	adds	r2, #25
10001230:	b293      	uxth	r3, r2
10001232:	301c      	adds	r0, #28
10001234:	469c      	mov	ip, r3
10001236:	b283      	uxth	r3, r0
10001238:	9312      	str	r3, [sp, #72]	@ 0x48
1000123a:	9b00      	ldr	r3, [sp, #0]
1000123c:	311a      	adds	r1, #26
1000123e:	3202      	adds	r2, #2
10001240:	4658      	mov	r0, fp
10001242:	464c      	mov	r4, r9
10001244:	b289      	uxth	r1, r1
10001246:	b292      	uxth	r2, r2
10001248:	079b      	lsls	r3, r3, #30
1000124a:	d401      	bmi.n	10001250 <draw8x8Charx2+0x1d8>
1000124c:	9802      	ldr	r0, [sp, #8]
1000124e:	9c01      	ldr	r4, [sp, #4]
10001250:	9b03      	ldr	r3, [sp, #12]
10001252:	54fc      	strb	r4, [r7, r3]
10001254:	4663      	mov	r3, ip
10001256:	54f8      	strb	r0, [r7, r3]
10001258:	547c      	strb	r4, [r7, r1]
1000125a:	54b8      	strb	r0, [r7, r2]
1000125c:	0032      	movs	r2, r6
1000125e:	321d      	adds	r2, #29
10001260:	b293      	uxth	r3, r2
10001262:	3201      	adds	r2, #1
10001264:	9311      	str	r3, [sp, #68]	@ 0x44
10001266:	b293      	uxth	r3, r2
10001268:	3201      	adds	r2, #1
1000126a:	9310      	str	r3, [sp, #64]	@ 0x40
1000126c:	b293      	uxth	r3, r2
1000126e:	3201      	adds	r2, #1
10001270:	930f      	str	r3, [sp, #60]	@ 0x3c
10001272:	b293      	uxth	r3, r2
10001274:	469c      	mov	ip, r3
10001276:	465b      	mov	r3, fp
10001278:	9304      	str	r3, [sp, #16]
1000127a:	464b      	mov	r3, r9
1000127c:	9303      	str	r3, [sp, #12]
1000127e:	9b00      	ldr	r3, [sp, #0]
10001280:	07db      	lsls	r3, r3, #31
10001282:	d403      	bmi.n	1000128c <draw8x8Charx2+0x214>
10001284:	9b02      	ldr	r3, [sp, #8]
10001286:	9304      	str	r3, [sp, #16]
10001288:	9b01      	ldr	r3, [sp, #4]
1000128a:	9303      	str	r3, [sp, #12]
1000128c:	9903      	ldr	r1, [sp, #12]
1000128e:	9b12      	ldr	r3, [sp, #72]	@ 0x48
10001290:	9a04      	ldr	r2, [sp, #16]
10001292:	54f9      	strb	r1, [r7, r3]
10001294:	9b11      	ldr	r3, [sp, #68]	@ 0x44
10001296:	54fa      	strb	r2, [r7, r3]
10001298:	9b10      	ldr	r3, [sp, #64]	@ 0x40
1000129a:	54f9      	strb	r1, [r7, r3]
1000129c:	4661      	mov	r1, ip
1000129e:	9b0f      	ldr	r3, [sp, #60]	@ 0x3c
100012a0:	54fa      	strb	r2, [r7, r3]
100012a2:	9b05      	ldr	r3, [sp, #20]
100012a4:	9a05      	ldr	r2, [sp, #20]
100012a6:	547b      	strb	r3, [r7, r1]
100012a8:	0033      	movs	r3, r6
100012aa:	990b      	ldr	r1, [sp, #44]	@ 0x2c
100012ac:	3321      	adds	r3, #33	@ 0x21
100012ae:	b29b      	uxth	r3, r3
100012b0:	54f9      	strb	r1, [r7, r3]
100012b2:	0033      	movs	r3, r6
100012b4:	3322      	adds	r3, #34	@ 0x22
100012b6:	b29b      	uxth	r3, r3
100012b8:	54fa      	strb	r2, [r7, r3]
100012ba:	0033      	movs	r3, r6
100012bc:	3323      	adds	r3, #35	@ 0x23
100012be:	b29b      	uxth	r3, r3
100012c0:	54f9      	strb	r1, [r7, r3]
100012c2:	0033      	movs	r3, r6
100012c4:	9a0d      	ldr	r2, [sp, #52]	@ 0x34
100012c6:	3324      	adds	r3, #36	@ 0x24
100012c8:	b29b      	uxth	r3, r3
100012ca:	54fa      	strb	r2, [r7, r3]
100012cc:	0033      	movs	r3, r6
100012ce:	990c      	ldr	r1, [sp, #48]	@ 0x30
100012d0:	3325      	adds	r3, #37	@ 0x25
100012d2:	b29b      	uxth	r3, r3
100012d4:	54f9      	strb	r1, [r7, r3]
100012d6:	0033      	movs	r3, r6
100012d8:	3326      	adds	r3, #38	@ 0x26
100012da:	b29b      	uxth	r3, r3
100012dc:	54fa      	strb	r2, [r7, r3]
100012de:	0033      	movs	r3, r6
100012e0:	3327      	adds	r3, #39	@ 0x27
100012e2:	b29b      	uxth	r3, r3
100012e4:	54f9      	strb	r1, [r7, r3]
100012e6:	0033      	movs	r3, r6
100012e8:	9a07      	ldr	r2, [sp, #28]
100012ea:	3328      	adds	r3, #40	@ 0x28
100012ec:	b29b      	uxth	r3, r3
100012ee:	54fa      	strb	r2, [r7, r3]
100012f0:	0033      	movs	r3, r6
100012f2:	9906      	ldr	r1, [sp, #24]
100012f4:	3329      	adds	r3, #41	@ 0x29
100012f6:	b29b      	uxth	r3, r3
100012f8:	54f9      	strb	r1, [r7, r3]
100012fa:	0033      	movs	r3, r6
100012fc:	332a      	adds	r3, #42	@ 0x2a
100012fe:	b29b      	uxth	r3, r3
10001300:	54fa      	strb	r2, [r7, r3]
10001302:	0033      	movs	r3, r6
10001304:	332b      	adds	r3, #43	@ 0x2b
10001306:	b29b      	uxth	r3, r3
10001308:	54f9      	strb	r1, [r7, r3]
1000130a:	0033      	movs	r3, r6
1000130c:	9a09      	ldr	r2, [sp, #36]	@ 0x24
1000130e:	332c      	adds	r3, #44	@ 0x2c
10001310:	b29b      	uxth	r3, r3
10001312:	54fa      	strb	r2, [r7, r3]
10001314:	0033      	movs	r3, r6
10001316:	9908      	ldr	r1, [sp, #32]
10001318:	332d      	adds	r3, #45	@ 0x2d
1000131a:	b29b      	uxth	r3, r3
1000131c:	54f9      	strb	r1, [r7, r3]
1000131e:	0033      	movs	r3, r6
10001320:	332e      	adds	r3, #46	@ 0x2e
10001322:	b29b      	uxth	r3, r3
10001324:	54fa      	strb	r2, [r7, r3]
10001326:	0033      	movs	r3, r6
10001328:	332f      	adds	r3, #47	@ 0x2f
1000132a:	b29b      	uxth	r3, r3
1000132c:	54f9      	strb	r1, [r7, r3]
1000132e:	0033      	movs	r3, r6
10001330:	9a0a      	ldr	r2, [sp, #40]	@ 0x28
10001332:	3330      	adds	r3, #48	@ 0x30
10001334:	b29b      	uxth	r3, r3
10001336:	54fa      	strb	r2, [r7, r3]
10001338:	0033      	movs	r3, r6
1000133a:	4651      	mov	r1, sl
1000133c:	3331      	adds	r3, #49	@ 0x31
1000133e:	b29b      	uxth	r3, r3
10001340:	54f9      	strb	r1, [r7, r3]
10001342:	0033      	movs	r3, r6
10001344:	3332      	adds	r3, #50	@ 0x32
10001346:	b29b      	uxth	r3, r3
10001348:	54fa      	strb	r2, [r7, r3]
1000134a:	0033      	movs	r3, r6
1000134c:	3333      	adds	r3, #51	@ 0x33
1000134e:	b29b      	uxth	r3, r3
10001350:	54f9      	strb	r1, [r7, r3]
10001352:	0033      	movs	r3, r6
10001354:	3334      	adds	r3, #52	@ 0x34
10001356:	b29b      	uxth	r3, r3
10001358:	54fd      	strb	r5, [r7, r3]
1000135a:	0033      	movs	r3, r6
1000135c:	4642      	mov	r2, r8
1000135e:	3335      	adds	r3, #53	@ 0x35
10001360:	b29b      	uxth	r3, r3
10001362:	54fa      	strb	r2, [r7, r3]
10001364:	0033      	movs	r3, r6
10001366:	3336      	adds	r3, #54	@ 0x36
10001368:	b29b      	uxth	r3, r3
1000136a:	54fd      	strb	r5, [r7, r3]
1000136c:	0033      	movs	r3, r6
1000136e:	3337      	adds	r3, #55	@ 0x37
10001370:	b29b      	uxth	r3, r3
10001372:	54fa      	strb	r2, [r7, r3]
10001374:	0033      	movs	r3, r6
10001376:	3338      	adds	r3, #56	@ 0x38
10001378:	b29b      	uxth	r3, r3
1000137a:	54fc      	strb	r4, [r7, r3]
1000137c:	0033      	movs	r3, r6
1000137e:	3339      	adds	r3, #57	@ 0x39
10001380:	b29b      	uxth	r3, r3
10001382:	54f8      	strb	r0, [r7, r3]
10001384:	0033      	movs	r3, r6
10001386:	333a      	adds	r3, #58	@ 0x3a
10001388:	b29b      	uxth	r3, r3
1000138a:	54fc      	strb	r4, [r7, r3]
1000138c:	0033      	movs	r3, r6
1000138e:	333b      	adds	r3, #59	@ 0x3b
10001390:	b29b      	uxth	r3, r3
10001392:	54f8      	strb	r0, [r7, r3]
10001394:	0035      	movs	r5, r6
10001396:	0034      	movs	r4, r6
10001398:	0030      	movs	r0, r6
1000139a:	0033      	movs	r3, r6
1000139c:	9a04      	ldr	r2, [sp, #16]
1000139e:	9903      	ldr	r1, [sp, #12]
100013a0:	353c      	adds	r5, #60	@ 0x3c
100013a2:	343d      	adds	r4, #61	@ 0x3d
100013a4:	303e      	adds	r0, #62	@ 0x3e
100013a6:	333f      	adds	r3, #63	@ 0x3f
100013a8:	b29b      	uxth	r3, r3
100013aa:	b2ad      	uxth	r5, r5
100013ac:	b2a4      	uxth	r4, r4
100013ae:	b280      	uxth	r0, r0
100013b0:	5579      	strb	r1, [r7, r5]
100013b2:	553a      	strb	r2, [r7, r4]
100013b4:	5439      	strb	r1, [r7, r0]
100013b6:	54fa      	strb	r2, [r7, r3]
100013b8:	9b0e      	ldr	r3, [sp, #56]	@ 0x38
100013ba:	9a13      	ldr	r2, [sp, #76]	@ 0x4c
100013bc:	3640      	adds	r6, #64	@ 0x40
100013be:	3301      	adds	r3, #1
100013c0:	b2b6      	uxth	r6, r6
100013c2:	930e      	str	r3, [sp, #56]	@ 0x38
100013c4:	4293      	cmp	r3, r2
100013c6:	d000      	beq.n	100013ca <draw8x8Charx2+0x352>
100013c8:	e688      	b.n	100010dc <draw8x8Charx2+0x64>
100013ca:	9a15      	ldr	r2, [sp, #84]	@ 0x54
100013cc:	9b14      	ldr	r3, [sp, #80]	@ 0x50
100013ce:	4692      	mov	sl, r2
100013d0:	2280      	movs	r2, #128	@ 0x80
100013d2:	0092      	lsls	r2, r2, #2
100013d4:	4694      	mov	ip, r2
100013d6:	4463      	add	r3, ip
100013d8:	b29a      	uxth	r2, r3
100013da:	4653      	mov	r3, sl
100013dc:	801a      	strh	r2, [r3, #0]
100013de:	2a00      	cmp	r2, #0
100013e0:	d109      	bne.n	100013f6 <draw8x8Charx2+0x37e>
100013e2:	b017      	add	sp, #92	@ 0x5c
100013e4:	bcf0      	pop	{r4, r5, r6, r7}
100013e6:	46bb      	mov	fp, r7
100013e8:	46b2      	mov	sl, r6
100013ea:	46a9      	mov	r9, r5
100013ec:	46a0      	mov	r8, r4
100013ee:	bdf0      	pop	{r4, r5, r6, r7, pc}
100013f0:	2780      	movs	r7, #128	@ 0x80
100013f2:	007f      	lsls	r7, r7, #1
100013f4:	e653      	b.n	1000109e <draw8x8Charx2+0x26>
100013f6:	23d0      	movs	r3, #208	@ 0xd0
100013f8:	2180      	movs	r1, #128	@ 0x80
100013fa:	061b      	lsls	r3, r3, #24
100013fc:	0049      	lsls	r1, r1, #1
100013fe:	6159      	str	r1, [r3, #20]
10001400:	4806      	ldr	r0, [pc, #24]	@ (1000141c <draw8x8Charx2+0x3a4>)
10001402:	0039      	movs	r1, r7
10001404:	f005 fe88 	bl	10007118 <__spi_write_blocking_veneer>
10001408:	2300      	movs	r3, #0
1000140a:	4652      	mov	r2, sl
1000140c:	8013      	strh	r3, [r2, #0]
1000140e:	e7e8      	b.n	100013e2 <draw8x8Charx2+0x36a>
10001410:	1000731c 	.word	0x1000731c
10001414:	20000ce8 	.word	0x20000ce8
10001418:	20000794 	.word	0x20000794
1000141c:	4003c000 	.word	0x4003c000

10001420 <printfSt7789>:
10001420:	b40f      	push	{r0, r1, r2, r3}
10001422:	b5f0      	push	{r4, r5, r6, r7, lr}
10001424:	46d6      	mov	lr, sl
10001426:	464f      	mov	r7, r9
10001428:	4646      	mov	r6, r8
1000142a:	b5c0      	push	{r6, r7, lr}
1000142c:	b0a4      	sub	sp, #144	@ 0x90
1000142e:	ab2c      	add	r3, sp, #176	@ 0xb0
10001430:	cb04      	ldmia	r3!, {r2}
10001432:	2180      	movs	r1, #128	@ 0x80
10001434:	a804      	add	r0, sp, #16
10001436:	9303      	str	r3, [sp, #12]
10001438:	f005 f9b6 	bl	100067a8 <__wrap_vsnprintf>
1000143c:	4b15      	ldr	r3, [pc, #84]	@ (10001494 <printfSt7789+0x74>)
1000143e:	a804      	add	r0, sp, #16
10001440:	881c      	ldrh	r4, [r3, #0]
10001442:	4b15      	ldr	r3, [pc, #84]	@ (10001498 <printfSt7789+0x78>)
10001444:	881f      	ldrh	r7, [r3, #0]
10001446:	4b15      	ldr	r3, [pc, #84]	@ (1000149c <printfSt7789+0x7c>)
10001448:	881b      	ldrh	r3, [r3, #0]
1000144a:	4698      	mov	r8, r3
1000144c:	4b14      	ldr	r3, [pc, #80]	@ (100014a0 <printfSt7789+0x80>)
1000144e:	881b      	ldrh	r3, [r3, #0]
10001450:	4699      	mov	r9, r3
10001452:	f005 fe09 	bl	10007068 <strlen>
10001456:	b283      	uxth	r3, r0
10001458:	469a      	mov	sl, r3
1000145a:	2800      	cmp	r0, #0
1000145c:	d010      	beq.n	10001480 <printfSt7789+0x60>
1000145e:	2500      	movs	r5, #0
10001460:	ae04      	add	r6, sp, #16
10001462:	464b      	mov	r3, r9
10001464:	3501      	adds	r5, #1
10001466:	7832      	ldrb	r2, [r6, #0]
10001468:	0020      	movs	r0, r4
1000146a:	9300      	str	r3, [sp, #0]
1000146c:	0039      	movs	r1, r7
1000146e:	4643      	mov	r3, r8
10001470:	3410      	adds	r4, #16
10001472:	b2ad      	uxth	r5, r5
10001474:	f7ff fe00 	bl	10001078 <draw8x8Charx2>
10001478:	b2a4      	uxth	r4, r4
1000147a:	3601      	adds	r6, #1
1000147c:	45aa      	cmp	sl, r5
1000147e:	d1f0      	bne.n	10001462 <printfSt7789+0x42>
10001480:	b024      	add	sp, #144	@ 0x90
10001482:	bce0      	pop	{r5, r6, r7}
10001484:	46ba      	mov	sl, r7
10001486:	46b1      	mov	r9, r6
10001488:	46a8      	mov	r8, r5
1000148a:	bcf0      	pop	{r4, r5, r6, r7}
1000148c:	bc08      	pop	{r3}
1000148e:	b004      	add	sp, #16
10001490:	4718      	bx	r3
10001492:	46c0      	nop			@ (mov r8, r8)
10001494:	2000078c 	.word	0x2000078c
10001498:	20000790 	.word	0x20000790
1000149c:	200002bc 	.word	0x200002bc
100014a0:	20000788 	.word	0x20000788

100014a4 <draw24x24Char>:
100014a4:	b5f0      	push	{r4, r5, r6, r7, lr}
100014a6:	4657      	mov	r7, sl
100014a8:	4645      	mov	r5, r8
100014aa:	46de      	mov	lr, fp
100014ac:	464e      	mov	r6, r9
100014ae:	b5e0      	push	{r5, r6, r7, lr}
100014b0:	2784      	movs	r7, #132	@ 0x84
100014b2:	0005      	movs	r5, r0
100014b4:	001c      	movs	r4, r3
100014b6:	b087      	sub	sp, #28
100014b8:	007f      	lsls	r7, r7, #1
100014ba:	42b9      	cmp	r1, r7
100014bc:	d263      	bcs.n	10001586 <draw24x24Char+0xe2>
100014be:	2ad8      	cmp	r2, #216	@ 0xd8
100014c0:	d861      	bhi.n	10001586 <draw24x24Char+0xe2>
100014c2:	2917      	cmp	r1, #23
100014c4:	d800      	bhi.n	100014c8 <draw24x24Char+0x24>
100014c6:	e078      	b.n	100015ba <draw24x24Char+0x116>
100014c8:	0008      	movs	r0, r1
100014ca:	3818      	subs	r0, #24
100014cc:	b280      	uxth	r0, r0
100014ce:	29f0      	cmp	r1, #240	@ 0xf0
100014d0:	d800      	bhi.n	100014d4 <draw24x24Char+0x30>
100014d2:	e07d      	b.n	100015d0 <draw24x24Char+0x12c>
100014d4:	1a7f      	subs	r7, r7, r1
100014d6:	b2bb      	uxth	r3, r7
100014d8:	469a      	mov	sl, r3
100014da:	2300      	movs	r3, #0
100014dc:	26ef      	movs	r6, #239	@ 0xef
100014de:	4698      	mov	r8, r3
100014e0:	0013      	movs	r3, r2
100014e2:	3317      	adds	r3, #23
100014e4:	b291      	uxth	r1, r2
100014e6:	b29b      	uxth	r3, r3
100014e8:	0032      	movs	r2, r6
100014ea:	f7ff fc67 	bl	10000dbc <setAddressWindowSt7789>
100014ee:	4b3b      	ldr	r3, [pc, #236]	@ (100015dc <draw24x24Char+0x138>)
100014f0:	9910      	ldr	r1, [sp, #64]	@ 0x40
100014f2:	881a      	ldrh	r2, [r3, #0]
100014f4:	9304      	str	r3, [sp, #16]
100014f6:	2360      	movs	r3, #96	@ 0x60
100014f8:	4699      	mov	r9, r3
100014fa:	4653      	mov	r3, sl
100014fc:	005b      	lsls	r3, r3, #1
100014fe:	b29b      	uxth	r3, r3
10001500:	469c      	mov	ip, r3
10001502:	b289      	uxth	r1, r1
10001504:	0a09      	lsrs	r1, r1, #8
10001506:	b2a7      	uxth	r7, r4
10001508:	468b      	mov	fp, r1
1000150a:	0a39      	lsrs	r1, r7, #8
1000150c:	4667      	mov	r7, ip
1000150e:	2000      	movs	r0, #0
10001510:	9703      	str	r7, [sp, #12]
10001512:	002f      	movs	r7, r5
10001514:	2680      	movs	r6, #128	@ 0x80
10001516:	44a9      	add	r9, r5
10001518:	468c      	mov	ip, r1
1000151a:	0005      	movs	r5, r0
1000151c:	0038      	movs	r0, r7
1000151e:	4b30      	ldr	r3, [pc, #192]	@ (100015e0 <draw24x24Char+0x13c>)
10001520:	9205      	str	r2, [sp, #20]
10001522:	0436      	lsls	r6, r6, #16
10001524:	4647      	mov	r7, r8
10001526:	6801      	ldr	r1, [r0, #0]
10001528:	40b9      	lsls	r1, r7
1000152a:	4657      	mov	r7, sl
1000152c:	2f00      	cmp	r7, #0
1000152e:	d015      	beq.n	1000155c <draw24x24Char+0xb8>
10001530:	9d03      	ldr	r5, [sp, #12]
10001532:	9001      	str	r0, [sp, #4]
10001534:	1957      	adds	r7, r2, r5
10001536:	b2bf      	uxth	r7, r7
10001538:	9400      	str	r4, [sp, #0]
1000153a:	4231      	tst	r1, r6
1000153c:	d02a      	beq.n	10001594 <draw24x24Char+0xf0>
1000153e:	4665      	mov	r5, ip
10001540:	9800      	ldr	r0, [sp, #0]
10001542:	549d      	strb	r5, [r3, r2]
10001544:	1c55      	adds	r5, r2, #1
10001546:	3202      	adds	r2, #2
10001548:	b2ad      	uxth	r5, r5
1000154a:	b292      	uxth	r2, r2
1000154c:	5558      	strb	r0, [r3, r5]
1000154e:	0049      	lsls	r1, r1, #1
10001550:	42ba      	cmp	r2, r7
10001552:	d1f2      	bne.n	1000153a <draw24x24Char+0x96>
10001554:	0004      	movs	r4, r0
10001556:	9801      	ldr	r0, [sp, #4]
10001558:	003a      	movs	r2, r7
1000155a:	2501      	movs	r5, #1
1000155c:	3004      	adds	r0, #4
1000155e:	4548      	cmp	r0, r9
10001560:	d1e0      	bne.n	10001524 <draw24x24Char+0x80>
10001562:	2d00      	cmp	r5, #0
10001564:	d032      	beq.n	100015cc <draw24x24Char+0x128>
10001566:	9b04      	ldr	r3, [sp, #16]
10001568:	801a      	strh	r2, [r3, #0]
1000156a:	2a00      	cmp	r2, #0
1000156c:	d00b      	beq.n	10001586 <draw24x24Char+0xe2>
1000156e:	23d0      	movs	r3, #208	@ 0xd0
10001570:	2180      	movs	r1, #128	@ 0x80
10001572:	061b      	lsls	r3, r3, #24
10001574:	0049      	lsls	r1, r1, #1
10001576:	6159      	str	r1, [r3, #20]
10001578:	481a      	ldr	r0, [pc, #104]	@ (100015e4 <draw24x24Char+0x140>)
1000157a:	4919      	ldr	r1, [pc, #100]	@ (100015e0 <draw24x24Char+0x13c>)
1000157c:	f005 fdcc 	bl	10007118 <__spi_write_blocking_veneer>
10001580:	2300      	movs	r3, #0
10001582:	9a04      	ldr	r2, [sp, #16]
10001584:	8013      	strh	r3, [r2, #0]
10001586:	b007      	add	sp, #28
10001588:	bcf0      	pop	{r4, r5, r6, r7}
1000158a:	46bb      	mov	fp, r7
1000158c:	46b2      	mov	sl, r6
1000158e:	46a9      	mov	r9, r5
10001590:	46a0      	mov	r8, r4
10001592:	bdf0      	pop	{r4, r5, r6, r7, pc}
10001594:	465d      	mov	r5, fp
10001596:	9810      	ldr	r0, [sp, #64]	@ 0x40
10001598:	549d      	strb	r5, [r3, r2]
1000159a:	9002      	str	r0, [sp, #8]
1000159c:	a802      	add	r0, sp, #8
1000159e:	7804      	ldrb	r4, [r0, #0]
100015a0:	1c55      	adds	r5, r2, #1
100015a2:	3202      	adds	r2, #2
100015a4:	b2ad      	uxth	r5, r5
100015a6:	7004      	strb	r4, [r0, #0]
100015a8:	b292      	uxth	r2, r2
100015aa:	b2e0      	uxtb	r0, r4
100015ac:	5558      	strb	r0, [r3, r5]
100015ae:	0049      	lsls	r1, r1, #1
100015b0:	4297      	cmp	r7, r2
100015b2:	d1c2      	bne.n	1000153a <draw24x24Char+0x96>
100015b4:	9801      	ldr	r0, [sp, #4]
100015b6:	9c00      	ldr	r4, [sp, #0]
100015b8:	e7ce      	b.n	10001558 <draw24x24Char+0xb4>
100015ba:	b28b      	uxth	r3, r1
100015bc:	469a      	mov	sl, r3
100015be:	2318      	movs	r3, #24
100015c0:	1a5b      	subs	r3, r3, r1
100015c2:	4698      	mov	r8, r3
100015c4:	2000      	movs	r0, #0
100015c6:	3901      	subs	r1, #1
100015c8:	b28e      	uxth	r6, r1
100015ca:	e789      	b.n	100014e0 <draw24x24Char+0x3c>
100015cc:	9a05      	ldr	r2, [sp, #20]
100015ce:	e7cc      	b.n	1000156a <draw24x24Char+0xc6>
100015d0:	2300      	movs	r3, #0
100015d2:	4698      	mov	r8, r3
100015d4:	3318      	adds	r3, #24
100015d6:	469a      	mov	sl, r3
100015d8:	e7f5      	b.n	100015c6 <draw24x24Char+0x122>
100015da:	46c0      	nop			@ (mov r8, r8)
100015dc:	20000ce8 	.word	0x20000ce8
100015e0:	20000794 	.word	0x20000794
100015e4:	4003c000 	.word	0x4003c000

100015e8 <draw16x24Char>:
100015e8:	b5f0      	push	{r4, r5, r6, r7, lr}
100015ea:	46de      	mov	lr, fp
100015ec:	4657      	mov	r7, sl
100015ee:	464e      	mov	r6, r9
100015f0:	4645      	mov	r5, r8
100015f2:	b5e0      	push	{r5, r6, r7, lr}
100015f4:	4682      	mov	sl, r0
100015f6:	469b      	mov	fp, r3
100015f8:	b085      	sub	sp, #20
100015fa:	29ff      	cmp	r1, #255	@ 0xff
100015fc:	d842      	bhi.n	10001684 <draw16x24Char+0x9c>
100015fe:	2ad8      	cmp	r2, #216	@ 0xd8
10001600:	d840      	bhi.n	10001684 <draw16x24Char+0x9c>
10001602:	290f      	cmp	r1, #15
10001604:	d945      	bls.n	10001692 <draw16x24Char+0xaa>
10001606:	0008      	movs	r0, r1
10001608:	3810      	subs	r0, #16
1000160a:	b280      	uxth	r0, r0
1000160c:	29f0      	cmp	r1, #240	@ 0xf0
1000160e:	d953      	bls.n	100016b8 <draw16x24Char+0xd0>
10001610:	2380      	movs	r3, #128	@ 0x80
10001612:	005b      	lsls	r3, r3, #1
10001614:	1a5b      	subs	r3, r3, r1
10001616:	b29b      	uxth	r3, r3
10001618:	4698      	mov	r8, r3
1000161a:	0013      	movs	r3, r2
1000161c:	3317      	adds	r3, #23
1000161e:	b29b      	uxth	r3, r3
10001620:	b291      	uxth	r1, r2
10001622:	22ef      	movs	r2, #239	@ 0xef
10001624:	f7ff fbca 	bl	10000dbc <setAddressWindowSt7789>
10001628:	2300      	movs	r3, #0
1000162a:	9300      	str	r3, [sp, #0]
1000162c:	2330      	movs	r3, #48	@ 0x30
1000162e:	4453      	add	r3, sl
10001630:	9301      	str	r3, [sp, #4]
10001632:	9b0e      	ldr	r3, [sp, #56]	@ 0x38
10001634:	ae03      	add	r6, sp, #12
10001636:	ba5b      	rev16	r3, r3
10001638:	4699      	mov	r9, r3
1000163a:	4653      	mov	r3, sl
1000163c:	881c      	ldrh	r4, [r3, #0]
1000163e:	9b00      	ldr	r3, [sp, #0]
10001640:	27d0      	movs	r7, #208	@ 0xd0
10001642:	409c      	lsls	r4, r3
10001644:	2500      	movs	r5, #0
10001646:	b2a4      	uxth	r4, r4
10001648:	063f      	lsls	r7, r7, #24
1000164a:	e00f      	b.n	1000166c <draw16x24Char+0x84>
1000164c:	464b      	mov	r3, r9
1000164e:	8033      	strh	r3, [r6, #0]
10001650:	2380      	movs	r3, #128	@ 0x80
10001652:	3501      	adds	r5, #1
10001654:	005b      	lsls	r3, r3, #1
10001656:	2202      	movs	r2, #2
10001658:	0031      	movs	r1, r6
1000165a:	481a      	ldr	r0, [pc, #104]	@ (100016c4 <draw16x24Char+0xdc>)
1000165c:	617b      	str	r3, [r7, #20]
1000165e:	0064      	lsls	r4, r4, #1
10001660:	b2ad      	uxth	r5, r5
10001662:	f005 fd59 	bl	10007118 <__spi_write_blocking_veneer>
10001666:	b2a4      	uxth	r4, r4
10001668:	45a8      	cmp	r8, r5
1000166a:	d005      	beq.n	10001678 <draw16x24Char+0x90>
1000166c:	b223      	sxth	r3, r4
1000166e:	2b00      	cmp	r3, #0
10001670:	daec      	bge.n	1000164c <draw16x24Char+0x64>
10001672:	465b      	mov	r3, fp
10001674:	ba5b      	rev16	r3, r3
10001676:	e7ea      	b.n	1000164e <draw16x24Char+0x66>
10001678:	2302      	movs	r3, #2
1000167a:	469c      	mov	ip, r3
1000167c:	9b01      	ldr	r3, [sp, #4]
1000167e:	44e2      	add	sl, ip
10001680:	459a      	cmp	sl, r3
10001682:	d1da      	bne.n	1000163a <draw16x24Char+0x52>
10001684:	b005      	add	sp, #20
10001686:	bcf0      	pop	{r4, r5, r6, r7}
10001688:	46bb      	mov	fp, r7
1000168a:	46b2      	mov	sl, r6
1000168c:	46a9      	mov	r9, r5
1000168e:	46a0      	mov	r8, r4
10001690:	bdf0      	pop	{r4, r5, r6, r7, pc}
10001692:	b28b      	uxth	r3, r1
10001694:	4698      	mov	r8, r3
10001696:	2310      	movs	r3, #16
10001698:	2000      	movs	r0, #0
1000169a:	1a5b      	subs	r3, r3, r1
1000169c:	9300      	str	r3, [sp, #0]
1000169e:	0013      	movs	r3, r2
100016a0:	3901      	subs	r1, #1
100016a2:	b28c      	uxth	r4, r1
100016a4:	3317      	adds	r3, #23
100016a6:	b29b      	uxth	r3, r3
100016a8:	b291      	uxth	r1, r2
100016aa:	0022      	movs	r2, r4
100016ac:	f7ff fb86 	bl	10000dbc <setAddressWindowSt7789>
100016b0:	4643      	mov	r3, r8
100016b2:	2b00      	cmp	r3, #0
100016b4:	d1ba      	bne.n	1000162c <draw16x24Char+0x44>
100016b6:	e7e5      	b.n	10001684 <draw16x24Char+0x9c>
100016b8:	2300      	movs	r3, #0
100016ba:	9300      	str	r3, [sp, #0]
100016bc:	3310      	adds	r3, #16
100016be:	4698      	mov	r8, r3
100016c0:	e7ed      	b.n	1000169e <draw16x24Char+0xb6>
100016c2:	46c0      	nop			@ (mov r8, r8)
100016c4:	4003c000 	.word	0x4003c000

100016c8 <drawBMP_A>:
100016c8:	b5f0      	push	{r4, r5, r6, r7, lr}
100016ca:	46ce      	mov	lr, r9
100016cc:	4647      	mov	r7, r8
100016ce:	b580      	push	{r7, lr}
100016d0:	b083      	sub	sp, #12
100016d2:	000c      	movs	r4, r1
100016d4:	0019      	movs	r1, r3
100016d6:	ab0a      	add	r3, sp, #40	@ 0x28
100016d8:	881b      	ldrh	r3, [r3, #0]
100016da:	0006      	movs	r6, r0
100016dc:	4698      	mov	r8, r3
100016de:	0010      	movs	r0, r2
100016e0:	4642      	mov	r2, r8
100016e2:	ab0b      	add	r3, sp, #44	@ 0x2c
100016e4:	881d      	ldrh	r5, [r3, #0]
100016e6:	1882      	adds	r2, r0, r2
100016e8:	194b      	adds	r3, r1, r5
100016ea:	3b01      	subs	r3, #1
100016ec:	3a01      	subs	r2, #1
100016ee:	b29b      	uxth	r3, r3
100016f0:	b292      	uxth	r2, r2
100016f2:	f7ff fb63 	bl	10000dbc <setAddressWindowSt7789>
100016f6:	4643      	mov	r3, r8
100016f8:	435d      	muls	r5, r3
100016fa:	106d      	asrs	r5, r5, #1
100016fc:	d025      	beq.n	1000174a <drawBMP_A+0x82>
100016fe:	23d0      	movs	r3, #208	@ 0xd0
10001700:	46a9      	mov	r9, r5
10001702:	2780      	movs	r7, #128	@ 0x80
10001704:	061b      	lsls	r3, r3, #24
10001706:	4698      	mov	r8, r3
10001708:	44a1      	add	r9, r4
1000170a:	ad01      	add	r5, sp, #4
1000170c:	007f      	lsls	r7, r7, #1
1000170e:	7823      	ldrb	r3, [r4, #0]
10001710:	2202      	movs	r2, #2
10001712:	091b      	lsrs	r3, r3, #4
10001714:	005b      	lsls	r3, r3, #1
10001716:	5b9b      	ldrh	r3, [r3, r6]
10001718:	0029      	movs	r1, r5
1000171a:	ba5b      	rev16	r3, r3
1000171c:	802b      	strh	r3, [r5, #0]
1000171e:	4643      	mov	r3, r8
10001720:	480c      	ldr	r0, [pc, #48]	@ (10001754 <drawBMP_A+0x8c>)
10001722:	615f      	str	r7, [r3, #20]
10001724:	f005 fcf8 	bl	10007118 <__spi_write_blocking_veneer>
10001728:	230f      	movs	r3, #15
1000172a:	7822      	ldrb	r2, [r4, #0]
1000172c:	0029      	movs	r1, r5
1000172e:	4013      	ands	r3, r2
10001730:	005b      	lsls	r3, r3, #1
10001732:	5b9b      	ldrh	r3, [r3, r6]
10001734:	2202      	movs	r2, #2
10001736:	ba5b      	rev16	r3, r3
10001738:	802b      	strh	r3, [r5, #0]
1000173a:	4643      	mov	r3, r8
1000173c:	4805      	ldr	r0, [pc, #20]	@ (10001754 <drawBMP_A+0x8c>)
1000173e:	615f      	str	r7, [r3, #20]
10001740:	3401      	adds	r4, #1
10001742:	f005 fce9 	bl	10007118 <__spi_write_blocking_veneer>
10001746:	45a1      	cmp	r9, r4
10001748:	d1e1      	bne.n	1000170e <drawBMP_A+0x46>
1000174a:	b003      	add	sp, #12
1000174c:	bcc0      	pop	{r6, r7}
1000174e:	46b9      	mov	r9, r7
10001750:	46b0      	mov	r8, r6
10001752:	bdf0      	pop	{r4, r5, r6, r7, pc}
10001754:	4003c000 	.word	0x4003c000

10001758 <drawBMP_B>:
10001758:	b5f0      	push	{r4, r5, r6, r7, lr}
1000175a:	46de      	mov	lr, fp
1000175c:	4657      	mov	r7, sl
1000175e:	464e      	mov	r6, r9
10001760:	4645      	mov	r5, r8
10001762:	b5e0      	push	{r5, r6, r7, lr}
10001764:	b089      	sub	sp, #36	@ 0x24
10001766:	9105      	str	r1, [sp, #20]
10001768:	a912      	add	r1, sp, #72	@ 0x48
1000176a:	880c      	ldrh	r4, [r1, #0]
1000176c:	a913      	add	r1, sp, #76	@ 0x4c
1000176e:	0007      	movs	r7, r0
10001770:	8808      	ldrh	r0, [r1, #0]
10001772:	1911      	adds	r1, r2, r4
10001774:	181b      	adds	r3, r3, r0
10001776:	9301      	str	r3, [sp, #4]
10001778:	3b01      	subs	r3, #1
1000177a:	469b      	mov	fp, r3
1000177c:	3901      	subs	r1, #1
1000177e:	2800      	cmp	r0, #0
10001780:	d04a      	beq.n	10001818 <drawBMP_B+0xc0>
10001782:	0863      	lsrs	r3, r4, #1
10001784:	469a      	mov	sl, r3
10001786:	b28b      	uxth	r3, r1
10001788:	9302      	str	r3, [sp, #8]
1000178a:	2300      	movs	r3, #0
1000178c:	9300      	str	r3, [sp, #0]
1000178e:	23d0      	movs	r3, #208	@ 0xd0
10001790:	061b      	lsls	r3, r3, #24
10001792:	4699      	mov	r9, r3
10001794:	2380      	movs	r3, #128	@ 0x80
10001796:	005b      	lsls	r3, r3, #1
10001798:	4698      	mov	r8, r3
1000179a:	ad07      	add	r5, sp, #28
1000179c:	9203      	str	r2, [sp, #12]
1000179e:	9004      	str	r0, [sp, #16]
100017a0:	465b      	mov	r3, fp
100017a2:	b299      	uxth	r1, r3
100017a4:	000b      	movs	r3, r1
100017a6:	9a02      	ldr	r2, [sp, #8]
100017a8:	9803      	ldr	r0, [sp, #12]
100017aa:	f7ff fb07 	bl	10000dbc <setAddressWindowSt7789>
100017ae:	4653      	mov	r3, sl
100017b0:	2b00      	cmp	r3, #0
100017b2:	d027      	beq.n	10001804 <drawBMP_B+0xac>
100017b4:	9b00      	ldr	r3, [sp, #0]
100017b6:	2400      	movs	r4, #0
100017b8:	469c      	mov	ip, r3
100017ba:	9e05      	ldr	r6, [sp, #20]
100017bc:	4466      	add	r6, ip
100017be:	5d33      	ldrb	r3, [r6, r4]
100017c0:	4642      	mov	r2, r8
100017c2:	091b      	lsrs	r3, r3, #4
100017c4:	005b      	lsls	r3, r3, #1
100017c6:	5bdb      	ldrh	r3, [r3, r7]
100017c8:	0029      	movs	r1, r5
100017ca:	ba5b      	rev16	r3, r3
100017cc:	802b      	strh	r3, [r5, #0]
100017ce:	464b      	mov	r3, r9
100017d0:	4815      	ldr	r0, [pc, #84]	@ (10001828 <drawBMP_B+0xd0>)
100017d2:	615a      	str	r2, [r3, #20]
100017d4:	2202      	movs	r2, #2
100017d6:	f005 fc9f 	bl	10007118 <__spi_write_blocking_veneer>
100017da:	230f      	movs	r3, #15
100017dc:	5d32      	ldrb	r2, [r6, r4]
100017de:	0029      	movs	r1, r5
100017e0:	4013      	ands	r3, r2
100017e2:	005b      	lsls	r3, r3, #1
100017e4:	5bdb      	ldrh	r3, [r3, r7]
100017e6:	4642      	mov	r2, r8
100017e8:	ba5b      	rev16	r3, r3
100017ea:	802b      	strh	r3, [r5, #0]
100017ec:	464b      	mov	r3, r9
100017ee:	480e      	ldr	r0, [pc, #56]	@ (10001828 <drawBMP_B+0xd0>)
100017f0:	615a      	str	r2, [r3, #20]
100017f2:	3401      	adds	r4, #1
100017f4:	2202      	movs	r2, #2
100017f6:	f005 fc8f 	bl	10007118 <__spi_write_blocking_veneer>
100017fa:	45a2      	cmp	sl, r4
100017fc:	d8df      	bhi.n	100017be <drawBMP_B+0x66>
100017fe:	9b00      	ldr	r3, [sp, #0]
10001800:	4453      	add	r3, sl
10001802:	9300      	str	r3, [sp, #0]
10001804:	465b      	mov	r3, fp
10001806:	4659      	mov	r1, fp
10001808:	1e5a      	subs	r2, r3, #1
1000180a:	9b01      	ldr	r3, [sp, #4]
1000180c:	1a5b      	subs	r3, r3, r1
1000180e:	9904      	ldr	r1, [sp, #16]
10001810:	4299      	cmp	r1, r3
10001812:	d901      	bls.n	10001818 <drawBMP_B+0xc0>
10001814:	4693      	mov	fp, r2
10001816:	e7c3      	b.n	100017a0 <drawBMP_B+0x48>
10001818:	b009      	add	sp, #36	@ 0x24
1000181a:	bcf0      	pop	{r4, r5, r6, r7}
1000181c:	46bb      	mov	fp, r7
1000181e:	46b2      	mov	sl, r6
10001820:	46a9      	mov	r9, r5
10001822:	46a0      	mov	r8, r4
10001824:	bdf0      	pop	{r4, r5, r6, r7, pc}
10001826:	46c0      	nop			@ (mov r8, r8)
10001828:	4003c000 	.word	0x4003c000

1000182c <drawTrainType>:
1000182c:	b5f0      	push	{r4, r5, r6, r7, lr}
1000182e:	0043      	lsls	r3, r0, #1
10001830:	1818      	adds	r0, r3, r0
10001832:	0040      	lsls	r0, r0, #1
10001834:	0015      	movs	r5, r2
10001836:	b083      	sub	sp, #12
10001838:	b280      	uxth	r0, r0
1000183a:	2900      	cmp	r1, #0
1000183c:	d101      	bne.n	10001842 <drawTrainType+0x16>
1000183e:	3003      	adds	r0, #3
10001840:	b280      	uxth	r0, r0
10001842:	2600      	movs	r6, #0
10001844:	23ff      	movs	r3, #255	@ 0xff
10001846:	0044      	lsls	r4, r0, #1
10001848:	4f0f      	ldr	r7, [pc, #60]	@ (10001888 <drawTrainType+0x5c>)
1000184a:	1824      	adds	r4, r4, r0
1000184c:	0164      	lsls	r4, r4, #5
1000184e:	19e0      	adds	r0, r4, r7
10001850:	002a      	movs	r2, r5
10001852:	2118      	movs	r1, #24
10001854:	9600      	str	r6, [sp, #0]
10001856:	021b      	lsls	r3, r3, #8
10001858:	f7ff fe24 	bl	100014a4 <draw24x24Char>
1000185c:	0020      	movs	r0, r4
1000185e:	23ff      	movs	r3, #255	@ 0xff
10001860:	3060      	adds	r0, #96	@ 0x60
10001862:	002a      	movs	r2, r5
10001864:	19c0      	adds	r0, r0, r7
10001866:	2130      	movs	r1, #48	@ 0x30
10001868:	9600      	str	r6, [sp, #0]
1000186a:	021b      	lsls	r3, r3, #8
1000186c:	f7ff fe1a 	bl	100014a4 <draw24x24Char>
10001870:	23ff      	movs	r3, #255	@ 0xff
10001872:	34c0      	adds	r4, #192	@ 0xc0
10001874:	002a      	movs	r2, r5
10001876:	2148      	movs	r1, #72	@ 0x48
10001878:	19e0      	adds	r0, r4, r7
1000187a:	9600      	str	r6, [sp, #0]
1000187c:	021b      	lsls	r3, r3, #8
1000187e:	f7ff fe11 	bl	100014a4 <draw24x24Char>
10001882:	b003      	add	sp, #12
10001884:	bdf0      	pop	{r4, r5, r6, r7, pc}
10001886:	46c0      	nop			@ (mov r8, r8)
10001888:	1000dc90 	.word	0x1000dc90

1000188c <drawDestination>:
1000188c:	2301      	movs	r3, #1
1000188e:	b5f0      	push	{r4, r5, r6, r7, lr}
10001890:	4059      	eors	r1, r3
10001892:	0015      	movs	r5, r2
10001894:	2300      	movs	r3, #0
10001896:	b083      	sub	sp, #12
10001898:	0089      	lsls	r1, r1, #2
1000189a:	2807      	cmp	r0, #7
1000189c:	d800      	bhi.n	100018a0 <drawDestination+0x14>
1000189e:	00c3      	lsls	r3, r0, #3
100018a0:	2600      	movs	r6, #0
100018a2:	18c9      	adds	r1, r1, r3
100018a4:	23ff      	movs	r3, #255	@ 0xff
100018a6:	004c      	lsls	r4, r1, #1
100018a8:	4f14      	ldr	r7, [pc, #80]	@ (100018fc <drawDestination+0x70>)
100018aa:	1864      	adds	r4, r4, r1
100018ac:	0164      	lsls	r4, r4, #5
100018ae:	19e0      	adds	r0, r4, r7
100018b0:	002a      	movs	r2, r5
100018b2:	21a8      	movs	r1, #168	@ 0xa8
100018b4:	9600      	str	r6, [sp, #0]
100018b6:	021b      	lsls	r3, r3, #8
100018b8:	f7ff fdf4 	bl	100014a4 <draw24x24Char>
100018bc:	0020      	movs	r0, r4
100018be:	23ff      	movs	r3, #255	@ 0xff
100018c0:	3060      	adds	r0, #96	@ 0x60
100018c2:	002a      	movs	r2, r5
100018c4:	19c0      	adds	r0, r0, r7
100018c6:	21c0      	movs	r1, #192	@ 0xc0
100018c8:	9600      	str	r6, [sp, #0]
100018ca:	021b      	lsls	r3, r3, #8
100018cc:	f7ff fdea 	bl	100014a4 <draw24x24Char>
100018d0:	0020      	movs	r0, r4
100018d2:	23ff      	movs	r3, #255	@ 0xff
100018d4:	30c0      	adds	r0, #192	@ 0xc0
100018d6:	002a      	movs	r2, r5
100018d8:	19c0      	adds	r0, r0, r7
100018da:	21d8      	movs	r1, #216	@ 0xd8
100018dc:	9600      	str	r6, [sp, #0]
100018de:	021b      	lsls	r3, r3, #8
100018e0:	f7ff fde0 	bl	100014a4 <draw24x24Char>
100018e4:	23ff      	movs	r3, #255	@ 0xff
100018e6:	3421      	adds	r4, #33	@ 0x21
100018e8:	34ff      	adds	r4, #255	@ 0xff
100018ea:	002a      	movs	r2, r5
100018ec:	21f0      	movs	r1, #240	@ 0xf0
100018ee:	19e0      	adds	r0, r4, r7
100018f0:	9600      	str	r6, [sp, #0]
100018f2:	021b      	lsls	r3, r3, #8
100018f4:	f7ff fdd6 	bl	100014a4 <draw24x24Char>
100018f8:	b003      	add	sp, #12
100018fa:	bdf0      	pop	{r4, r5, r6, r7, pc}
100018fc:	1000e350 	.word	0x1000e350

10001900 <drawTime>:
10001900:	b5f0      	push	{r4, r5, r6, r7, lr}
10001902:	4646      	mov	r6, r8
10001904:	464f      	mov	r7, r9
10001906:	46d6      	mov	lr, sl
10001908:	b5c0      	push	{r6, r7, lr}
1000190a:	0a0c      	lsrs	r4, r1, #8
1000190c:	b084      	sub	sp, #16
1000190e:	0006      	movs	r6, r0
10001910:	4698      	mov	r8, r3
10001912:	9d0c      	ldr	r5, [sp, #48]	@ 0x30
10001914:	b2cf      	uxtb	r7, r1
10001916:	b2e4      	uxtb	r4, r4
10001918:	2800      	cmp	r0, #0
1000191a:	d030      	beq.n	1000197e <drawTime+0x7e>
1000191c:	2a00      	cmp	r2, #0
1000191e:	d100      	bne.n	10001922 <drawTime+0x22>
10001920:	e0b8      	b.n	10001a94 <drawTime+0x194>
10001922:	b293      	uxth	r3, r2
10001924:	2b09      	cmp	r3, #9
10001926:	d900      	bls.n	1000192a <drawTime+0x2a>
10001928:	e0aa      	b.n	10001a80 <drawTime+0x180>
1000192a:	005c      	lsls	r4, r3, #1
1000192c:	18e4      	adds	r4, r4, r3
1000192e:	4b5e      	ldr	r3, [pc, #376]	@ (10001aa8 <drawTime+0x1a8>)
10001930:	0124      	lsls	r4, r4, #4
10001932:	18e4      	adds	r4, r4, r3
10001934:	4643      	mov	r3, r8
10001936:	2b00      	cmp	r3, #0
10001938:	d100      	bne.n	1000193c <drawTime+0x3c>
1000193a:	e07e      	b.n	10001a3a <drawTime+0x13a>
1000193c:	2700      	movs	r7, #0
1000193e:	4e5b      	ldr	r6, [pc, #364]	@ (10001aac <drawTime+0x1ac>)
10001940:	002a      	movs	r2, r5
10001942:	0030      	movs	r0, r6
10001944:	2160      	movs	r1, #96	@ 0x60
10001946:	4b5a      	ldr	r3, [pc, #360]	@ (10001ab0 <drawTime+0x1b0>)
10001948:	9700      	str	r7, [sp, #0]
1000194a:	f7ff fdab 	bl	100014a4 <draw24x24Char>
1000194e:	0030      	movs	r0, r6
10001950:	002a      	movs	r2, r5
10001952:	2178      	movs	r1, #120	@ 0x78
10001954:	4b56      	ldr	r3, [pc, #344]	@ (10001ab0 <drawTime+0x1b0>)
10001956:	3060      	adds	r0, #96	@ 0x60
10001958:	9700      	str	r7, [sp, #0]
1000195a:	f7ff fda3 	bl	100014a4 <draw24x24Char>
1000195e:	0030      	movs	r0, r6
10001960:	002a      	movs	r2, r5
10001962:	2190      	movs	r1, #144	@ 0x90
10001964:	4b52      	ldr	r3, [pc, #328]	@ (10001ab0 <drawTime+0x1b0>)
10001966:	30c0      	adds	r0, #192	@ 0xc0
10001968:	9700      	str	r7, [sp, #0]
1000196a:	f7ff fd9b 	bl	100014a4 <draw24x24Char>
1000196e:	002a      	movs	r2, r5
10001970:	216b      	movs	r1, #107	@ 0x6b
10001972:	0020      	movs	r0, r4
10001974:	4b4e      	ldr	r3, [pc, #312]	@ (10001ab0 <drawTime+0x1b0>)
10001976:	9700      	str	r7, [sp, #0]
10001978:	f7ff fe36 	bl	100015e8 <draw16x24Char>
1000197c:	e04e      	b.n	10001a1c <drawTime+0x11c>
1000197e:	210a      	movs	r1, #10
10001980:	0038      	movs	r0, r7
10001982:	f002 fcfb 	bl	1000437c <__wrap___aeabi_uidiv>
10001986:	0020      	movs	r0, r4
10001988:	b2cb      	uxtb	r3, r1
1000198a:	210a      	movs	r1, #10
1000198c:	469a      	mov	sl, r3
1000198e:	f002 fcf5 	bl	1000437c <__wrap___aeabi_uidiv>
10001992:	210a      	movs	r1, #10
10001994:	b2c3      	uxtb	r3, r0
10001996:	0020      	movs	r0, r4
10001998:	4699      	mov	r9, r3
1000199a:	f002 fcef 	bl	1000437c <__wrap___aeabi_uidiv>
1000199e:	b2cb      	uxtb	r3, r1
100019a0:	4698      	mov	r8, r3
100019a2:	2f09      	cmp	r7, #9
100019a4:	d940      	bls.n	10001a28 <drawTime+0x128>
100019a6:	210a      	movs	r1, #10
100019a8:	0038      	movs	r0, r7
100019aa:	f002 fce7 	bl	1000437c <__wrap___aeabi_uidiv>
100019ae:	b2c3      	uxtb	r3, r0
100019b0:	0058      	lsls	r0, r3, #1
100019b2:	18c0      	adds	r0, r0, r3
100019b4:	4c3f      	ldr	r4, [pc, #252]	@ (10001ab4 <drawTime+0x1b4>)
100019b6:	0100      	lsls	r0, r0, #4
100019b8:	002a      	movs	r2, r5
100019ba:	2158      	movs	r1, #88	@ 0x58
100019bc:	4b3c      	ldr	r3, [pc, #240]	@ (10001ab0 <drawTime+0x1b0>)
100019be:	1820      	adds	r0, r4, r0
100019c0:	9600      	str	r6, [sp, #0]
100019c2:	f7ff fe11 	bl	100015e8 <draw16x24Char>
100019c6:	4653      	mov	r3, sl
100019c8:	2600      	movs	r6, #0
100019ca:	0058      	lsls	r0, r3, #1
100019cc:	4450      	add	r0, sl
100019ce:	0100      	lsls	r0, r0, #4
100019d0:	002a      	movs	r2, r5
100019d2:	2168      	movs	r1, #104	@ 0x68
100019d4:	4b36      	ldr	r3, [pc, #216]	@ (10001ab0 <drawTime+0x1b0>)
100019d6:	1820      	adds	r0, r4, r0
100019d8:	9600      	str	r6, [sp, #0]
100019da:	f7ff fe05 	bl	100015e8 <draw16x24Char>
100019de:	0020      	movs	r0, r4
100019e0:	30e1      	adds	r0, #225	@ 0xe1
100019e2:	002a      	movs	r2, r5
100019e4:	2178      	movs	r1, #120	@ 0x78
100019e6:	4b32      	ldr	r3, [pc, #200]	@ (10001ab0 <drawTime+0x1b0>)
100019e8:	30ff      	adds	r0, #255	@ 0xff
100019ea:	9600      	str	r6, [sp, #0]
100019ec:	f7ff fdfc 	bl	100015e8 <draw16x24Char>
100019f0:	464b      	mov	r3, r9
100019f2:	0058      	lsls	r0, r3, #1
100019f4:	4448      	add	r0, r9
100019f6:	0100      	lsls	r0, r0, #4
100019f8:	002a      	movs	r2, r5
100019fa:	2180      	movs	r1, #128	@ 0x80
100019fc:	4b2c      	ldr	r3, [pc, #176]	@ (10001ab0 <drawTime+0x1b0>)
100019fe:	1820      	adds	r0, r4, r0
10001a00:	9600      	str	r6, [sp, #0]
10001a02:	f7ff fdf1 	bl	100015e8 <draw16x24Char>
10001a06:	4643      	mov	r3, r8
10001a08:	005b      	lsls	r3, r3, #1
10001a0a:	4443      	add	r3, r8
10001a0c:	011b      	lsls	r3, r3, #4
10001a0e:	18e0      	adds	r0, r4, r3
10001a10:	002a      	movs	r2, r5
10001a12:	2190      	movs	r1, #144	@ 0x90
10001a14:	4b26      	ldr	r3, [pc, #152]	@ (10001ab0 <drawTime+0x1b0>)
10001a16:	9600      	str	r6, [sp, #0]
10001a18:	f7ff fde6 	bl	100015e8 <draw16x24Char>
10001a1c:	b004      	add	sp, #16
10001a1e:	bce0      	pop	{r5, r6, r7}
10001a20:	46ba      	mov	sl, r7
10001a22:	46b1      	mov	r9, r6
10001a24:	46a8      	mov	r8, r5
10001a26:	bdf0      	pop	{r4, r5, r6, r7, pc}
10001a28:	2318      	movs	r3, #24
10001a2a:	2210      	movs	r2, #16
10001a2c:	2048      	movs	r0, #72	@ 0x48
10001a2e:	b2a9      	uxth	r1, r5
10001a30:	9600      	str	r6, [sp, #0]
10001a32:	f7ff fa4b 	bl	10000ecc <fillRectangleSt7789>
10001a36:	4c1f      	ldr	r4, [pc, #124]	@ (10001ab4 <drawTime+0x1b4>)
10001a38:	e7c5      	b.n	100019c6 <drawTime+0xc6>
10001a3a:	4e1f      	ldr	r6, [pc, #124]	@ (10001ab8 <drawTime+0x1b8>)
10001a3c:	002a      	movs	r2, r5
10001a3e:	0030      	movs	r0, r6
10001a40:	9300      	str	r3, [sp, #0]
10001a42:	2160      	movs	r1, #96	@ 0x60
10001a44:	4b1a      	ldr	r3, [pc, #104]	@ (10001ab0 <drawTime+0x1b0>)
10001a46:	f7ff fd2d 	bl	100014a4 <draw24x24Char>
10001a4a:	4643      	mov	r3, r8
10001a4c:	0030      	movs	r0, r6
10001a4e:	002a      	movs	r2, r5
10001a50:	9300      	str	r3, [sp, #0]
10001a52:	2178      	movs	r1, #120	@ 0x78
10001a54:	4b16      	ldr	r3, [pc, #88]	@ (10001ab0 <drawTime+0x1b0>)
10001a56:	3060      	adds	r0, #96	@ 0x60
10001a58:	f7ff fd24 	bl	100014a4 <draw24x24Char>
10001a5c:	4643      	mov	r3, r8
10001a5e:	0030      	movs	r0, r6
10001a60:	002a      	movs	r2, r5
10001a62:	9300      	str	r3, [sp, #0]
10001a64:	2190      	movs	r1, #144	@ 0x90
10001a66:	4b12      	ldr	r3, [pc, #72]	@ (10001ab0 <drawTime+0x1b0>)
10001a68:	30c0      	adds	r0, #192	@ 0xc0
10001a6a:	f7ff fd1b 	bl	100014a4 <draw24x24Char>
10001a6e:	4643      	mov	r3, r8
10001a70:	002a      	movs	r2, r5
10001a72:	9300      	str	r3, [sp, #0]
10001a74:	2158      	movs	r1, #88	@ 0x58
10001a76:	0020      	movs	r0, r4
10001a78:	4b0d      	ldr	r3, [pc, #52]	@ (10001ab0 <drawTime+0x1b0>)
10001a7a:	f7ff fdb5 	bl	100015e8 <draw16x24Char>
10001a7e:	e7cd      	b.n	10001a1c <drawTime+0x11c>
10001a80:	2309      	movs	r3, #9
10001a82:	005c      	lsls	r4, r3, #1
10001a84:	18e4      	adds	r4, r4, r3
10001a86:	4b08      	ldr	r3, [pc, #32]	@ (10001aa8 <drawTime+0x1a8>)
10001a88:	0124      	lsls	r4, r4, #4
10001a8a:	18e4      	adds	r4, r4, r3
10001a8c:	4643      	mov	r3, r8
10001a8e:	2b00      	cmp	r3, #0
10001a90:	d0d3      	beq.n	10001a3a <drawTime+0x13a>
10001a92:	e753      	b.n	1000193c <drawTime+0x3c>
10001a94:	2301      	movs	r3, #1
10001a96:	005c      	lsls	r4, r3, #1
10001a98:	18e4      	adds	r4, r4, r3
10001a9a:	4b03      	ldr	r3, [pc, #12]	@ (10001aa8 <drawTime+0x1a8>)
10001a9c:	0124      	lsls	r4, r4, #4
10001a9e:	18e4      	adds	r4, r4, r3
10001aa0:	4643      	mov	r3, r8
10001aa2:	2b00      	cmp	r3, #0
10001aa4:	d0c9      	beq.n	10001a3a <drawTime+0x13a>
10001aa6:	e749      	b.n	1000193c <drawTime+0x3c>
10001aa8:	1000d870 	.word	0x1000d870
10001aac:	1000db70 	.word	0x1000db70
10001ab0:	000027e4 	.word	0x000027e4
10001ab4:	1000d660 	.word	0x1000d660
10001ab8:	1000da50 	.word	0x1000da50

10001abc <drawScroll24x24Char>:
10001abc:	b5f0      	push	{r4, r5, r6, r7, lr}
10001abe:	464e      	mov	r6, r9
10001ac0:	4645      	mov	r5, r8
10001ac2:	46de      	mov	lr, fp
10001ac4:	4657      	mov	r7, sl
10001ac6:	b5e0      	push	{r5, r6, r7, lr}
10001ac8:	4689      	mov	r9, r1
10001aca:	4698      	mov	r8, r3
10001acc:	b083      	sub	sp, #12
10001ace:	2a01      	cmp	r2, #1
10001ad0:	d00a      	beq.n	10001ae8 <drawScroll24x24Char+0x2c>
10001ad2:	881a      	ldrh	r2, [r3, #0]
10001ad4:	2a00      	cmp	r2, #0
10001ad6:	d108      	bne.n	10001aea <drawScroll24x24Char+0x2e>
10001ad8:	2001      	movs	r0, #1
10001ada:	b003      	add	sp, #12
10001adc:	bcf0      	pop	{r4, r5, r6, r7}
10001ade:	46bb      	mov	fp, r7
10001ae0:	46b2      	mov	sl, r6
10001ae2:	46a9      	mov	r9, r5
10001ae4:	46a0      	mov	r8, r4
10001ae6:	bdf0      	pop	{r4, r5, r6, r7, pc}
10001ae8:	801a      	strh	r2, [r3, #0]
10001aea:	2584      	movs	r5, #132	@ 0x84
10001aec:	2783      	movs	r7, #131	@ 0x83
10001aee:	4b1e      	ldr	r3, [pc, #120]	@ (10001b68 <drawScroll24x24Char+0xac>)
10001af0:	0004      	movs	r4, r0
10001af2:	469b      	mov	fp, r3
10001af4:	4b1d      	ldr	r3, [pc, #116]	@ (10001b6c <drawScroll24x24Char+0xb0>)
10001af6:	006d      	lsls	r5, r5, #1
10001af8:	469a      	mov	sl, r3
10001afa:	007f      	lsls	r7, r7, #1
10001afc:	e01c      	b.n	10001b38 <drawScroll24x24Char+0x7c>
10001afe:	4651      	mov	r1, sl
10001b00:	009b      	lsls	r3, r3, #2
10001b02:	585b      	ldr	r3, [r3, r1]
10001b04:	06d2      	lsls	r2, r2, #27
10001b06:	d505      	bpl.n	10001b14 <drawScroll24x24Char+0x58>
10001b08:	465a      	mov	r2, fp
10001b0a:	7812      	ldrb	r2, [r2, #0]
10001b0c:	1e51      	subs	r1, r2, #1
10001b0e:	418a      	sbcs	r2, r1
10001b10:	4252      	negs	r2, r2
10001b12:	4013      	ands	r3, r2
10001b14:	2200      	movs	r2, #0
10001b16:	0031      	movs	r1, r6
10001b18:	9200      	str	r2, [sp, #0]
10001b1a:	1d20      	adds	r0, r4, #4
10001b1c:	464a      	mov	r2, r9
10001b1e:	f7ff fcc1 	bl	100014a4 <draw24x24Char>
10001b22:	4643      	mov	r3, r8
10001b24:	881a      	ldrh	r2, [r3, #0]
10001b26:	6823      	ldr	r3, [r4, #0]
10001b28:	05db      	lsls	r3, r3, #23
10001b2a:	d411      	bmi.n	10001b50 <drawScroll24x24Char+0x94>
10001b2c:	23a8      	movs	r3, #168	@ 0xa8
10001b2e:	3464      	adds	r4, #100	@ 0x64
10001b30:	011b      	lsls	r3, r3, #4
10001b32:	429d      	cmp	r5, r3
10001b34:	d00c      	beq.n	10001b50 <drawScroll24x24Char+0x94>
10001b36:	3518      	adds	r5, #24
10001b38:	1aae      	subs	r6, r5, r2
10001b3a:	1e73      	subs	r3, r6, #1
10001b3c:	42bb      	cmp	r3, r7
10001b3e:	d8f2      	bhi.n	10001b26 <drawScroll24x24Char+0x6a>
10001b40:	2303      	movs	r3, #3
10001b42:	6822      	ldr	r2, [r4, #0]
10001b44:	4013      	ands	r3, r2
10001b46:	3b01      	subs	r3, #1
10001b48:	2b02      	cmp	r3, #2
10001b4a:	d9d8      	bls.n	10001afe <drawScroll24x24Char+0x42>
10001b4c:	4b08      	ldr	r3, [pc, #32]	@ (10001b70 <drawScroll24x24Char+0xb4>)
10001b4e:	e7d9      	b.n	10001b04 <drawScroll24x24Char+0x48>
10001b50:	2e00      	cmp	r6, #0
10001b52:	dd04      	ble.n	10001b5e <drawScroll24x24Char+0xa2>
10001b54:	4643      	mov	r3, r8
10001b56:	3203      	adds	r2, #3
10001b58:	2000      	movs	r0, #0
10001b5a:	801a      	strh	r2, [r3, #0]
10001b5c:	e7bd      	b.n	10001ada <drawScroll24x24Char+0x1e>
10001b5e:	2300      	movs	r3, #0
10001b60:	4642      	mov	r2, r8
10001b62:	8013      	strh	r3, [r2, #0]
10001b64:	e7b8      	b.n	10001ad8 <drawScroll24x24Char+0x1c>
10001b66:	46c0      	nop			@ (mov r8, r8)
10001b68:	200002b8 	.word	0x200002b8
10001b6c:	1000a35c 	.word	0x1000a35c
10001b70:	0000ffff 	.word	0x0000ffff

10001b74 <drawRailway>:
10001b74:	b283      	uxth	r3, r0
10001b76:	b5f0      	push	{r4, r5, r6, r7, lr}
10001b78:	46de      	mov	lr, fp
10001b7a:	469b      	mov	fp, r3
10001b7c:	4b1d      	ldr	r3, [pc, #116]	@ (10001bf4 <drawRailway+0x80>)
10001b7e:	4657      	mov	r7, sl
10001b80:	469a      	mov	sl, r3
10001b82:	4b1d      	ldr	r3, [pc, #116]	@ (10001bf8 <drawRailway+0x84>)
10001b84:	464e      	mov	r6, r9
10001b86:	4699      	mov	r9, r3
10001b88:	2360      	movs	r3, #96	@ 0x60
10001b8a:	4645      	mov	r5, r8
10001b8c:	4698      	mov	r8, r3
10001b8e:	b5e0      	push	{r5, r6, r7, lr}
10001b90:	2418      	movs	r4, #24
10001b92:	0005      	movs	r5, r0
10001b94:	2600      	movs	r6, #0
10001b96:	4f19      	ldr	r7, [pc, #100]	@ (10001bfc <drawRailway+0x88>)
10001b98:	b083      	sub	sp, #12
10001b9a:	44b8      	add	r8, r7
10001b9c:	0021      	movs	r1, r4
10001b9e:	002a      	movs	r2, r5
10001ba0:	0038      	movs	r0, r7
10001ba2:	4b17      	ldr	r3, [pc, #92]	@ (10001c00 <drawRailway+0x8c>)
10001ba4:	9600      	str	r6, [sp, #0]
10001ba6:	f7ff fc7d 	bl	100014a4 <draw24x24Char>
10001baa:	0021      	movs	r1, r4
10001bac:	002a      	movs	r2, r5
10001bae:	4640      	mov	r0, r8
10001bb0:	4b13      	ldr	r3, [pc, #76]	@ (10001c00 <drawRailway+0x8c>)
10001bb2:	3118      	adds	r1, #24
10001bb4:	9600      	str	r6, [sp, #0]
10001bb6:	f7ff fc75 	bl	100014a4 <draw24x24Char>
10001bba:	0021      	movs	r1, r4
10001bbc:	0038      	movs	r0, r7
10001bbe:	002a      	movs	r2, r5
10001bc0:	4b0f      	ldr	r3, [pc, #60]	@ (10001c00 <drawRailway+0x8c>)
10001bc2:	3130      	adds	r1, #48	@ 0x30
10001bc4:	30c0      	adds	r0, #192	@ 0xc0
10001bc6:	9600      	str	r6, [sp, #0]
10001bc8:	f7ff fc6c 	bl	100014a4 <draw24x24Char>
10001bcc:	2318      	movs	r3, #24
10001bce:	22d8      	movs	r2, #216	@ 0xd8
10001bd0:	9301      	str	r3, [sp, #4]
10001bd2:	9300      	str	r3, [sp, #0]
10001bd4:	4651      	mov	r1, sl
10001bd6:	465b      	mov	r3, fp
10001bd8:	4648      	mov	r0, r9
10001bda:	3448      	adds	r4, #72	@ 0x48
10001bdc:	f7ff fd74 	bl	100016c8 <drawBMP_A>
10001be0:	2cf0      	cmp	r4, #240	@ 0xf0
10001be2:	d1db      	bne.n	10001b9c <drawRailway+0x28>
10001be4:	b003      	add	sp, #12
10001be6:	bcf0      	pop	{r4, r5, r6, r7}
10001be8:	46bb      	mov	fp, r7
10001bea:	46b2      	mov	sl, r6
10001bec:	46a9      	mov	r9, r5
10001bee:	46a0      	mov	r8, r4
10001bf0:	bdf0      	pop	{r4, r5, r6, r7, pc}
10001bf2:	46c0      	nop			@ (mov r8, r8)
10001bf4:	1000d420 	.word	0x1000d420
10001bf8:	200002c0 	.word	0x200002c0
10001bfc:	1000d540 	.word	0x1000d540
10001c00:	000027e4 	.word	0x000027e4

10001c04 <drawMapInfo>:
10001c04:	b5f0      	push	{r4, r5, r6, r7, lr}
10001c06:	46d6      	mov	lr, sl
10001c08:	464f      	mov	r7, r9
10001c0a:	4646      	mov	r6, r8
10001c0c:	000c      	movs	r4, r1
10001c0e:	b5c0      	push	{r6, r7, lr}
10001c10:	4680      	mov	r8, r0
10001c12:	4691      	mov	r9, r2
10001c14:	f7ff ffae 	bl	10001b74 <drawRailway>
10001c18:	1e63      	subs	r3, r4, #1
10001c1a:	2b05      	cmp	r3, #5
10001c1c:	d908      	bls.n	10001c30 <drawMapInfo+0x2c>
10001c1e:	464b      	mov	r3, r9
10001c20:	3b01      	subs	r3, #1
10001c22:	2b05      	cmp	r3, #5
10001c24:	d92e      	bls.n	10001c84 <drawMapInfo+0x80>
10001c26:	bce0      	pop	{r5, r6, r7}
10001c28:	46ba      	mov	sl, r7
10001c2a:	46b1      	mov	r9, r6
10001c2c:	46a8      	mov	r8, r5
10001c2e:	bdf0      	pop	{r4, r5, r6, r7, pc}
10001c30:	2006      	movs	r0, #6
10001c32:	2324      	movs	r3, #36	@ 0x24
10001c34:	1b00      	subs	r0, r0, r4
10001c36:	4358      	muls	r0, r3
10001c38:	b280      	uxth	r0, r0
10001c3a:	0002      	movs	r2, r0
10001c3c:	4643      	mov	r3, r8
10001c3e:	4641      	mov	r1, r8
10001c40:	3307      	adds	r3, #7
10001c42:	3217      	adds	r2, #23
10001c44:	b29b      	uxth	r3, r3
10001c46:	b292      	uxth	r2, r2
10001c48:	b289      	uxth	r1, r1
10001c4a:	f7ff f8b7 	bl	10000dbc <setAddressWindowSt7789>
10001c4e:	2320      	movs	r3, #32
10001c50:	2680      	movs	r6, #128	@ 0x80
10001c52:	469a      	mov	sl, r3
10001c54:	4f1f      	ldr	r7, [pc, #124]	@ (10001cd4 <drawMapInfo+0xd0>)
10001c56:	0436      	lsls	r6, r6, #16
10001c58:	44ba      	add	sl, r7
10001c5a:	2418      	movs	r4, #24
10001c5c:	683d      	ldr	r5, [r7, #0]
10001c5e:	2000      	movs	r0, #0
10001c60:	4235      	tst	r5, r6
10001c62:	d001      	beq.n	10001c68 <drawMapInfo+0x64>
10001c64:	20ff      	movs	r0, #255	@ 0xff
10001c66:	0200      	lsls	r0, r0, #8
10001c68:	3c01      	subs	r4, #1
10001c6a:	b2a4      	uxth	r4, r4
10001c6c:	f7ff f99c 	bl	10000fa8 <send1PixelColor>
10001c70:	006d      	lsls	r5, r5, #1
10001c72:	2c00      	cmp	r4, #0
10001c74:	d1f3      	bne.n	10001c5e <drawMapInfo+0x5a>
10001c76:	3704      	adds	r7, #4
10001c78:	45ba      	cmp	sl, r7
10001c7a:	d1ee      	bne.n	10001c5a <drawMapInfo+0x56>
10001c7c:	464b      	mov	r3, r9
10001c7e:	3b01      	subs	r3, #1
10001c80:	2b05      	cmp	r3, #5
10001c82:	d8d0      	bhi.n	10001c26 <drawMapInfo+0x22>
10001c84:	464b      	mov	r3, r9
10001c86:	2006      	movs	r0, #6
10001c88:	1ac0      	subs	r0, r0, r3
10001c8a:	2324      	movs	r3, #36	@ 0x24
10001c8c:	4358      	muls	r0, r3
10001c8e:	b280      	uxth	r0, r0
10001c90:	4643      	mov	r3, r8
10001c92:	0002      	movs	r2, r0
10001c94:	4641      	mov	r1, r8
10001c96:	3307      	adds	r3, #7
10001c98:	3217      	adds	r2, #23
10001c9a:	b29b      	uxth	r3, r3
10001c9c:	b292      	uxth	r2, r2
10001c9e:	b289      	uxth	r1, r1
10001ca0:	f7ff f88c 	bl	10000dbc <setAddressWindowSt7789>
10001ca4:	2320      	movs	r3, #32
10001ca6:	2680      	movs	r6, #128	@ 0x80
10001ca8:	4698      	mov	r8, r3
10001caa:	4f0a      	ldr	r7, [pc, #40]	@ (10001cd4 <drawMapInfo+0xd0>)
10001cac:	0436      	lsls	r6, r6, #16
10001cae:	44b8      	add	r8, r7
10001cb0:	2418      	movs	r4, #24
10001cb2:	683d      	ldr	r5, [r7, #0]
10001cb4:	2000      	movs	r0, #0
10001cb6:	4235      	tst	r5, r6
10001cb8:	d001      	beq.n	10001cbe <drawMapInfo+0xba>
10001cba:	20ff      	movs	r0, #255	@ 0xff
10001cbc:	0200      	lsls	r0, r0, #8
10001cbe:	3c01      	subs	r4, #1
10001cc0:	b2a4      	uxth	r4, r4
10001cc2:	f7ff f971 	bl	10000fa8 <send1PixelColor>
10001cc6:	006d      	lsls	r5, r5, #1
10001cc8:	2c00      	cmp	r4, #0
10001cca:	d1f3      	bne.n	10001cb4 <drawMapInfo+0xb0>
10001ccc:	3704      	adds	r7, #4
10001cce:	45b8      	cmp	r8, r7
10001cd0:	d1ee      	bne.n	10001cb0 <drawMapInfo+0xac>
10001cd2:	e7a8      	b.n	10001c26 <drawMapInfo+0x22>
10001cd4:	1000d3fc 	.word	0x1000d3fc

10001cd8 <drawApproaching>:
10001cd8:	4b1b      	ldr	r3, [pc, #108]	@ (10001d48 <drawApproaching+0x70>)
10001cda:	b5f0      	push	{r4, r5, r6, r7, lr}
10001cdc:	781c      	ldrb	r4, [r3, #0]
10001cde:	46c6      	mov	lr, r8
10001ce0:	4263      	negs	r3, r4
10001ce2:	415c      	adcs	r4, r3
10001ce4:	4b19      	ldr	r3, [pc, #100]	@ (10001d4c <drawApproaching+0x74>)
10001ce6:	4264      	negs	r4, r4
10001ce8:	401c      	ands	r4, r3
10001cea:	23f8      	movs	r3, #248	@ 0xf8
10001cec:	021b      	lsls	r3, r3, #8
10001cee:	469c      	mov	ip, r3
10001cf0:	b500      	push	{lr}
10001cf2:	0007      	movs	r7, r0
10001cf4:	b082      	sub	sp, #8
10001cf6:	4464      	add	r4, ip
10001cf8:	2900      	cmp	r1, #0
10001cfa:	d013      	beq.n	10001d24 <drawApproaching+0x4c>
10001cfc:	2300      	movs	r3, #0
10001cfe:	2518      	movs	r5, #24
10001d00:	4698      	mov	r8, r3
10001d02:	4e13      	ldr	r6, [pc, #76]	@ (10001d50 <drawApproaching+0x78>)
10001d04:	4643      	mov	r3, r8
10001d06:	0029      	movs	r1, r5
10001d08:	0030      	movs	r0, r6
10001d0a:	9300      	str	r3, [sp, #0]
10001d0c:	003a      	movs	r2, r7
10001d0e:	0023      	movs	r3, r4
10001d10:	3518      	adds	r5, #24
10001d12:	f7ff fbc7 	bl	100014a4 <draw24x24Char>
10001d16:	3660      	adds	r6, #96	@ 0x60
10001d18:	2dd8      	cmp	r5, #216	@ 0xd8
10001d1a:	d1f3      	bne.n	10001d04 <drawApproaching+0x2c>
10001d1c:	b002      	add	sp, #8
10001d1e:	bc80      	pop	{r7}
10001d20:	46b8      	mov	r8, r7
10001d22:	bdf0      	pop	{r4, r5, r6, r7, pc}
10001d24:	2300      	movs	r3, #0
10001d26:	2518      	movs	r5, #24
10001d28:	4698      	mov	r8, r3
10001d2a:	4e0a      	ldr	r6, [pc, #40]	@ (10001d54 <drawApproaching+0x7c>)
10001d2c:	4643      	mov	r3, r8
10001d2e:	0029      	movs	r1, r5
10001d30:	0030      	movs	r0, r6
10001d32:	9300      	str	r3, [sp, #0]
10001d34:	003a      	movs	r2, r7
10001d36:	0023      	movs	r3, r4
10001d38:	3518      	adds	r5, #24
10001d3a:	f7ff fbb3 	bl	100014a4 <draw24x24Char>
10001d3e:	3660      	adds	r6, #96	@ 0x60
10001d40:	2dd8      	cmp	r5, #216	@ 0xd8
10001d42:	d1f3      	bne.n	10001d2c <drawApproaching+0x54>
10001d44:	e7ea      	b.n	10001d1c <drawApproaching+0x44>
10001d46:	46c0      	nop			@ (mov r8, r8)
10001d48:	200002b8 	.word	0x200002b8
10001d4c:	ffff0800 	.word	0xffff0800
10001d50:	1000d0fc 	.word	0x1000d0fc
10001d54:	1000cdfc 	.word	0x1000cdfc

10001d58 <initializeClock>:
10001d58:	4b05      	ldr	r3, [pc, #20]	@ (10001d70 <initializeClock+0x18>)
10001d5a:	4a06      	ldr	r2, [pc, #24]	@ (10001d74 <initializeClock+0x1c>)
10001d5c:	601a      	str	r2, [r3, #0]
10001d5e:	2211      	movs	r2, #17
10001d60:	4b05      	ldr	r3, [pc, #20]	@ (10001d78 <initializeClock+0x20>)
10001d62:	701a      	strb	r2, [r3, #0]
10001d64:	3224      	adds	r2, #36	@ 0x24
10001d66:	705a      	strb	r2, [r3, #1]
10001d68:	2200      	movs	r2, #0
10001d6a:	709a      	strb	r2, [r3, #2]
10001d6c:	4770      	bx	lr
10001d6e:	46c0      	nop			@ (mov r8, r8)
10001d70:	20000cd8 	.word	0x20000cd8
10001d74:	0001010a 	.word	0x0001010a
10001d78:	20000780 	.word	0x20000780

10001d7c <getClock>:
10001d7c:	4b09      	ldr	r3, [pc, #36]	@ (10001da4 <getClock+0x28>)
10001d7e:	b510      	push	{r4, lr}
10001d80:	681b      	ldr	r3, [r3, #0]
10001d82:	24ff      	movs	r4, #255	@ 0xff
10001d84:	0018      	movs	r0, r3
10001d86:	0a19      	lsrs	r1, r3, #8
10001d88:	0c1a      	lsrs	r2, r3, #16
10001d8a:	4021      	ands	r1, r4
10001d8c:	4020      	ands	r0, r4
10001d8e:	0209      	lsls	r1, r1, #8
10001d90:	4022      	ands	r2, r4
10001d92:	0412      	lsls	r2, r2, #16
10001d94:	4308      	orrs	r0, r1
10001d96:	0e1b      	lsrs	r3, r3, #24
10001d98:	061b      	lsls	r3, r3, #24
10001d9a:	4310      	orrs	r0, r2
10001d9c:	b082      	sub	sp, #8
10001d9e:	4318      	orrs	r0, r3
10001da0:	b002      	add	sp, #8
10001da2:	bd10      	pop	{r4, pc}
10001da4:	20000cd8 	.word	0x20000cd8

10001da8 <repeating_timer_callback>:
10001da8:	2101      	movs	r1, #1
10001daa:	4b2d      	ldr	r3, [pc, #180]	@ (10001e60 <repeating_timer_callback+0xb8>)
10001dac:	4a2d      	ldr	r2, [pc, #180]	@ (10001e64 <repeating_timer_callback+0xbc>)
10001dae:	b530      	push	{r4, r5, lr}
10001db0:	7019      	strb	r1, [r3, #0]
10001db2:	8813      	ldrh	r3, [r2, #0]
10001db4:	3301      	adds	r3, #1
10001db6:	b29b      	uxth	r3, r3
10001db8:	8013      	strh	r3, [r2, #0]
10001dba:	2b09      	cmp	r3, #9
10001dbc:	d80f      	bhi.n	10001dde <repeating_timer_callback+0x36>
10001dbe:	4a2a      	ldr	r2, [pc, #168]	@ (10001e68 <repeating_timer_callback+0xc0>)
10001dc0:	8813      	ldrh	r3, [r2, #0]
10001dc2:	3301      	adds	r3, #1
10001dc4:	b29b      	uxth	r3, r3
10001dc6:	8013      	strh	r3, [r2, #0]
10001dc8:	2b01      	cmp	r3, #1
10001dca:	d005      	beq.n	10001dd8 <repeating_timer_callback+0x30>
10001dcc:	2b02      	cmp	r3, #2
10001dce:	d02f      	beq.n	10001e30 <repeating_timer_callback+0x88>
10001dd0:	d901      	bls.n	10001dd6 <repeating_timer_callback+0x2e>
10001dd2:	2300      	movs	r3, #0
10001dd4:	8013      	strh	r3, [r2, #0]
10001dd6:	bd30      	pop	{r4, r5, pc}
10001dd8:	4a24      	ldr	r2, [pc, #144]	@ (10001e6c <repeating_timer_callback+0xc4>)
10001dda:	7013      	strb	r3, [r2, #0]
10001ddc:	e7fb      	b.n	10001dd6 <repeating_timer_callback+0x2e>
10001dde:	2000      	movs	r0, #0
10001de0:	4b23      	ldr	r3, [pc, #140]	@ (10001e70 <repeating_timer_callback+0xc8>)
10001de2:	8010      	strh	r0, [r2, #0]
10001de4:	4a23      	ldr	r2, [pc, #140]	@ (10001e74 <repeating_timer_callback+0xcc>)
10001de6:	7019      	strb	r1, [r3, #0]
10001de8:	8813      	ldrh	r3, [r2, #0]
10001dea:	0005      	movs	r5, r0
10001dec:	3301      	adds	r3, #1
10001dee:	8013      	strh	r3, [r2, #0]
10001df0:	4a21      	ldr	r2, [pc, #132]	@ (10001e78 <repeating_timer_callback+0xd0>)
10001df2:	4c22      	ldr	r4, [pc, #136]	@ (10001e7c <repeating_timer_callback+0xd4>)
10001df4:	8813      	ldrh	r3, [r2, #0]
10001df6:	3301      	adds	r3, #1
10001df8:	8013      	strh	r3, [r2, #0]
10001dfa:	220a      	movs	r2, #10
10001dfc:	8823      	ldrh	r3, [r4, #0]
10001dfe:	3301      	adds	r3, #1
10001e00:	b29b      	uxth	r3, r3
10001e02:	429a      	cmp	r2, r3
10001e04:	4145      	adcs	r5, r0
10001e06:	426a      	negs	r2, r5
10001e08:	4013      	ands	r3, r2
10001e0a:	4a1d      	ldr	r2, [pc, #116]	@ (10001e80 <repeating_timer_callback+0xd8>)
10001e0c:	8023      	strh	r3, [r4, #0]
10001e0e:	78d3      	ldrb	r3, [r2, #3]
10001e10:	3301      	adds	r3, #1
10001e12:	b2db      	uxtb	r3, r3
10001e14:	2b04      	cmp	r3, #4
10001e16:	d908      	bls.n	10001e2a <repeating_timer_callback+0x82>
10001e18:	7893      	ldrb	r3, [r2, #2]
10001e1a:	70d0      	strb	r0, [r2, #3]
10001e1c:	3301      	adds	r3, #1
10001e1e:	b2db      	uxtb	r3, r3
10001e20:	2b3a      	cmp	r3, #58	@ 0x3a
10001e22:	d808      	bhi.n	10001e36 <repeating_timer_callback+0x8e>
10001e24:	2001      	movs	r0, #1
10001e26:	7093      	strb	r3, [r2, #2]
10001e28:	e7d5      	b.n	10001dd6 <repeating_timer_callback+0x2e>
10001e2a:	2001      	movs	r0, #1
10001e2c:	70d3      	strb	r3, [r2, #3]
10001e2e:	e7d2      	b.n	10001dd6 <repeating_timer_callback+0x2e>
10001e30:	4b14      	ldr	r3, [pc, #80]	@ (10001e84 <repeating_timer_callback+0xdc>)
10001e32:	7019      	strb	r1, [r3, #0]
10001e34:	e7cf      	b.n	10001dd6 <repeating_timer_callback+0x2e>
10001e36:	7853      	ldrb	r3, [r2, #1]
10001e38:	7090      	strb	r0, [r2, #2]
10001e3a:	3301      	adds	r3, #1
10001e3c:	b2db      	uxtb	r3, r3
10001e3e:	2b3a      	cmp	r3, #58	@ 0x3a
10001e40:	d908      	bls.n	10001e54 <repeating_timer_callback+0xac>
10001e42:	7813      	ldrb	r3, [r2, #0]
10001e44:	7050      	strb	r0, [r2, #1]
10001e46:	3301      	adds	r3, #1
10001e48:	b2db      	uxtb	r3, r3
10001e4a:	2b18      	cmp	r3, #24
10001e4c:	d805      	bhi.n	10001e5a <repeating_timer_callback+0xb2>
10001e4e:	2001      	movs	r0, #1
10001e50:	7013      	strb	r3, [r2, #0]
10001e52:	e7c0      	b.n	10001dd6 <repeating_timer_callback+0x2e>
10001e54:	2001      	movs	r0, #1
10001e56:	7053      	strb	r3, [r2, #1]
10001e58:	e7bd      	b.n	10001dd6 <repeating_timer_callback+0x2e>
10001e5a:	2001      	movs	r0, #1
10001e5c:	7011      	strb	r1, [r2, #0]
10001e5e:	e7ba      	b.n	10001dd6 <repeating_timer_callback+0x2e>
10001e60:	20000cf6 	.word	0x20000cf6
10001e64:	20000ce6 	.word	0x20000ce6
10001e68:	20000cf0 	.word	0x20000cf0
10001e6c:	20000cf8 	.word	0x20000cf8
10001e70:	20000cf5 	.word	0x20000cf5
10001e74:	20000cf2 	.word	0x20000cf2
10001e78:	20000cee 	.word	0x20000cee
10001e7c:	20000ce4 	.word	0x20000ce4
10001e80:	20000cd8 	.word	0x20000cd8
10001e84:	20000cf9 	.word	0x20000cf9

10001e88 <brinktimer>:
10001e88:	2207      	movs	r2, #7
10001e8a:	2000      	movs	r0, #0
10001e8c:	4b02      	ldr	r3, [pc, #8]	@ (10001e98 <brinktimer+0x10>)
10001e8e:	881b      	ldrh	r3, [r3, #0]
10001e90:	429a      	cmp	r2, r3
10001e92:	4140      	adcs	r0, r0
10001e94:	b2c0      	uxtb	r0, r0
10001e96:	4770      	bx	lr
10001e98:	20000ce4 	.word	0x20000ce4

10001e9c <chk10msec>:
10001e9c:	4b03      	ldr	r3, [pc, #12]	@ (10001eac <chk10msec+0x10>)
10001e9e:	7818      	ldrb	r0, [r3, #0]
10001ea0:	2800      	cmp	r0, #0
10001ea2:	d001      	beq.n	10001ea8 <chk10msec+0xc>
10001ea4:	2200      	movs	r2, #0
10001ea6:	701a      	strb	r2, [r3, #0]
10001ea8:	4770      	bx	lr
10001eaa:	46c0      	nop			@ (mov r8, r8)
10001eac:	20000cf6 	.word	0x20000cf6

10001eb0 <isBefore>:
10001eb0:	b082      	sub	sp, #8
10001eb2:	9001      	str	r0, [sp, #4]
10001eb4:	9100      	str	r1, [sp, #0]
10001eb6:	b2c0      	uxtb	r0, r0
10001eb8:	b2c9      	uxtb	r1, r1
10001eba:	4288      	cmp	r0, r1
10001ebc:	d310      	bcc.n	10001ee0 <isBefore+0x30>
10001ebe:	d80c      	bhi.n	10001eda <isBefore+0x2a>
10001ec0:	466b      	mov	r3, sp
10001ec2:	795a      	ldrb	r2, [r3, #5]
10001ec4:	785b      	ldrb	r3, [r3, #1]
10001ec6:	429a      	cmp	r2, r3
10001ec8:	d30a      	bcc.n	10001ee0 <isBefore+0x30>
10001eca:	d806      	bhi.n	10001eda <isBefore+0x2a>
10001ecc:	466b      	mov	r3, sp
10001ece:	7998      	ldrb	r0, [r3, #6]
10001ed0:	789b      	ldrb	r3, [r3, #2]
10001ed2:	4298      	cmp	r0, r3
10001ed4:	4180      	sbcs	r0, r0
10001ed6:	4240      	negs	r0, r0
10001ed8:	e000      	b.n	10001edc <isBefore+0x2c>
10001eda:	2000      	movs	r0, #0
10001edc:	b002      	add	sp, #8
10001ede:	4770      	bx	lr
10001ee0:	2001      	movs	r0, #1
10001ee2:	e7fb      	b.n	10001edc <isBefore+0x2c>

10001ee4 <getTimeDifference>:
10001ee4:	b5f0      	push	{r4, r5, r6, r7, lr}
10001ee6:	b2c4      	uxtb	r4, r0
10001ee8:	0a0b      	lsrs	r3, r1, #8
10001eea:	0a05      	lsrs	r5, r0, #8
10001eec:	1c0f      	adds	r7, r1, #0
10001eee:	0c0a      	lsrs	r2, r1, #16
10001ef0:	0121      	lsls	r1, r4, #4
10001ef2:	1b09      	subs	r1, r1, r4
10001ef4:	b2ed      	uxtb	r5, r5
10001ef6:	0c06      	lsrs	r6, r0, #16
10001ef8:	012c      	lsls	r4, r5, #4
10001efa:	0108      	lsls	r0, r1, #4
10001efc:	1a40      	subs	r0, r0, r1
10001efe:	1b64      	subs	r4, r4, r5
10001f00:	b2ff      	uxtb	r7, r7
10001f02:	00a4      	lsls	r4, r4, #2
10001f04:	0100      	lsls	r0, r0, #4
10001f06:	1900      	adds	r0, r0, r4
10001f08:	013c      	lsls	r4, r7, #4
10001f0a:	1be4      	subs	r4, r4, r7
10001f0c:	0121      	lsls	r1, r4, #4
10001f0e:	1b09      	subs	r1, r1, r4
10001f10:	b2dc      	uxtb	r4, r3
10001f12:	0123      	lsls	r3, r4, #4
10001f14:	1b1b      	subs	r3, r3, r4
10001f16:	009b      	lsls	r3, r3, #2
10001f18:	0109      	lsls	r1, r1, #4
10001f1a:	18c9      	adds	r1, r1, r3
10001f1c:	b2d2      	uxtb	r2, r2
10001f1e:	b2f6      	uxtb	r6, r6
10001f20:	1889      	adds	r1, r1, r2
10001f22:	1980      	adds	r0, r0, r6
10001f24:	b083      	sub	sp, #12
10001f26:	1a40      	subs	r0, r0, r1
10001f28:	213c      	movs	r1, #60	@ 0x3c
10001f2a:	f002 f9ff 	bl	1000432c <__wrap___aeabi_idiv>
10001f2e:	3001      	adds	r0, #1
10001f30:	b200      	sxth	r0, r0
10001f32:	b003      	add	sp, #12
10001f34:	bdf0      	pop	{r4, r5, r6, r7, pc}
10001f36:	46c0      	nop			@ (mov r8, r8)

10001f38 <call_back_core1>:
10001f38:	b5f8      	push	{r3, r4, r5, r6, r7, lr}
10001f3a:	4e31      	ldr	r6, [pc, #196]	@ (10002000 <call_back_core1+0xc8>)
10001f3c:	0030      	movs	r0, r6
10001f3e:	f005 f8f3 	bl	10007128 <__sem_try_acquire_veneer>
10001f42:	4d30      	ldr	r5, [pc, #192]	@ (10002004 <call_back_core1+0xcc>)
10001f44:	2800      	cmp	r0, #0
10001f46:	d150      	bne.n	10001fea <call_back_core1+0xb2>
10001f48:	682a      	ldr	r2, [r5, #0]
10001f4a:	7814      	ldrb	r4, [r2, #0]
10001f4c:	2cff      	cmp	r4, #255	@ 0xff
10001f4e:	d030      	beq.n	10001fb2 <call_back_core1+0x7a>
10001f50:	2300      	movs	r3, #0
10001f52:	712b      	strb	r3, [r5, #4]
10001f54:	68ab      	ldr	r3, [r5, #8]
10001f56:	3201      	adds	r2, #1
10001f58:	602a      	str	r2, [r5, #0]
10001f5a:	781a      	ldrb	r2, [r3, #0]
10001f5c:	2aff      	cmp	r2, #255	@ 0xff
10001f5e:	d02f      	beq.n	10001fc0 <call_back_core1+0x88>
10001f60:	3301      	adds	r3, #1
10001f62:	60ab      	str	r3, [r5, #8]
10001f64:	2300      	movs	r3, #0
10001f66:	1914      	adds	r4, r2, r4
10001f68:	0864      	lsrs	r4, r4, #1
10001f6a:	0030      	movs	r0, r6
10001f6c:	732b      	strb	r3, [r5, #12]
10001f6e:	b2a4      	uxth	r4, r4
10001f70:	f005 f8da 	bl	10007128 <__sem_try_acquire_veneer>
10001f74:	2800      	cmp	r0, #0
10001f76:	d12d      	bne.n	10001fd4 <call_back_core1+0x9c>
10001f78:	4b23      	ldr	r3, [pc, #140]	@ (10002008 <call_back_core1+0xd0>)
10001f7a:	681a      	ldr	r2, [r3, #0]
10001f7c:	0093      	lsls	r3, r2, #2
10001f7e:	189b      	adds	r3, r3, r2
10001f80:	4a22      	ldr	r2, [pc, #136]	@ (1000200c <call_back_core1+0xd4>)
10001f82:	009b      	lsls	r3, r3, #2
10001f84:	189a      	adds	r2, r3, r2
10001f86:	6812      	ldr	r2, [r2, #0]
10001f88:	4054      	eors	r4, r2
10001f8a:	4a21      	ldr	r2, [pc, #132]	@ (10002010 <call_back_core1+0xd8>)
10001f8c:	0424      	lsls	r4, r4, #16
10001f8e:	4694      	mov	ip, r2
10001f90:	0c24      	lsrs	r4, r4, #16
10001f92:	4463      	add	r3, ip
10001f94:	601c      	str	r4, [r3, #0]
10001f96:	792b      	ldrb	r3, [r5, #4]
10001f98:	2b00      	cmp	r3, #0
10001f9a:	d004      	beq.n	10001fa6 <call_back_core1+0x6e>
10001f9c:	7b2b      	ldrb	r3, [r5, #12]
10001f9e:	2b00      	cmp	r3, #0
10001fa0:	d001      	beq.n	10001fa6 <call_back_core1+0x6e>
10001fa2:	2001      	movs	r0, #1
10001fa4:	bdf8      	pop	{r3, r4, r5, r6, r7, pc}
10001fa6:	23d0      	movs	r3, #208	@ 0xd0
10001fa8:	2280      	movs	r2, #128	@ 0x80
10001faa:	061b      	lsls	r3, r3, #24
10001fac:	0252      	lsls	r2, r2, #9
10001fae:	619a      	str	r2, [r3, #24]
10001fb0:	e7f7      	b.n	10001fa2 <call_back_core1+0x6a>
10001fb2:	2301      	movs	r3, #1
10001fb4:	712b      	strb	r3, [r5, #4]
10001fb6:	68ab      	ldr	r3, [r5, #8]
10001fb8:	2480      	movs	r4, #128	@ 0x80
10001fba:	781a      	ldrb	r2, [r3, #0]
10001fbc:	2aff      	cmp	r2, #255	@ 0xff
10001fbe:	d1cf      	bne.n	10001f60 <call_back_core1+0x28>
10001fc0:	2301      	movs	r3, #1
10001fc2:	3480      	adds	r4, #128	@ 0x80
10001fc4:	0864      	lsrs	r4, r4, #1
10001fc6:	0030      	movs	r0, r6
10001fc8:	732b      	strb	r3, [r5, #12]
10001fca:	b2a4      	uxth	r4, r4
10001fcc:	f005 f8ac 	bl	10007128 <__sem_try_acquire_veneer>
10001fd0:	2800      	cmp	r0, #0
10001fd2:	d0d1      	beq.n	10001f78 <call_back_core1+0x40>
10001fd4:	490f      	ldr	r1, [pc, #60]	@ (10002014 <call_back_core1+0xdc>)
10001fd6:	002b      	movs	r3, r5
10001fd8:	000a      	movs	r2, r1
10001fda:	cb81      	ldmia	r3!, {r0, r7}
10001fdc:	c281      	stmia	r2!, {r0, r7}
10001fde:	cb81      	ldmia	r3!, {r0, r7}
10001fe0:	c281      	stmia	r2!, {r0, r7}
10001fe2:	0030      	movs	r0, r6
10001fe4:	f005 f870 	bl	100070c8 <__sem_release_veneer>
10001fe8:	e7c6      	b.n	10001f78 <call_back_core1+0x40>
10001fea:	002a      	movs	r2, r5
10001fec:	4b09      	ldr	r3, [pc, #36]	@ (10002014 <call_back_core1+0xdc>)
10001fee:	cb03      	ldmia	r3!, {r0, r1}
10001ff0:	c203      	stmia	r2!, {r0, r1}
10001ff2:	cb11      	ldmia	r3!, {r0, r4}
10001ff4:	c211      	stmia	r2!, {r0, r4}
10001ff6:	0030      	movs	r0, r6
10001ff8:	f005 f866 	bl	100070c8 <__sem_release_veneer>
10001ffc:	e7a4      	b.n	10001f48 <call_back_core1+0x10>
10001ffe:	46c0      	nop			@ (mov r8, r8)
10002000:	20000cc0 	.word	0x20000cc0
10002004:	200002e0 	.word	0x200002e0
10002008:	20000cd0 	.word	0x20000cd0
1000200c:	4005000c 	.word	0x4005000c
10002010:	4005100c 	.word	0x4005100c
10002014:	20000c88 	.word	0x20000c88

10002018 <core1_main>:
10002018:	b500      	push	{lr}
1000201a:	201a      	movs	r0, #26
1000201c:	b08b      	sub	sp, #44	@ 0x2c
1000201e:	f000 ff77 	bl	10002f10 <gpio_init>
10002022:	23d0      	movs	r3, #208	@ 0xd0
10002024:	2280      	movs	r2, #128	@ 0x80
10002026:	061b      	lsls	r3, r3, #24
10002028:	04d2      	lsls	r2, r2, #19
1000202a:	625a      	str	r2, [r3, #36]	@ 0x24
1000202c:	2104      	movs	r1, #4
1000202e:	201a      	movs	r0, #26
10002030:	f000 ff40 	bl	10002eb4 <gpio_set_function>
10002034:	2205      	movs	r2, #5
10002036:	4b1b      	ldr	r3, [pc, #108]	@ (100020a4 <core1_main+0x8c>)
10002038:	601a      	str	r2, [r3, #0]
1000203a:	4b1b      	ldr	r3, [pc, #108]	@ (100020a8 <core1_main+0x90>)
1000203c:	32fa      	adds	r2, #250	@ 0xfa
1000203e:	675a      	str	r2, [r3, #116]	@ 0x74
10002040:	4b1a      	ldr	r3, [pc, #104]	@ (100020ac <core1_main+0x94>)
10002042:	3a7f      	subs	r2, #127	@ 0x7f
10002044:	681b      	ldr	r3, [r3, #0]
10002046:	4053      	eors	r3, r2
10002048:	041b      	lsls	r3, r3, #16
1000204a:	4a19      	ldr	r2, [pc, #100]	@ (100020b0 <core1_main+0x98>)
1000204c:	0c1b      	lsrs	r3, r3, #16
1000204e:	6013      	str	r3, [r2, #0]
10002050:	2201      	movs	r2, #1
10002052:	0011      	movs	r1, r2
10002054:	4b17      	ldr	r3, [pc, #92]	@ (100020b4 <core1_main+0x9c>)
10002056:	681b      	ldr	r3, [r3, #0]
10002058:	4399      	bics	r1, r3
1000205a:	4b17      	ldr	r3, [pc, #92]	@ (100020b8 <core1_main+0xa0>)
1000205c:	6019      	str	r1, [r3, #0]
1000205e:	4b17      	ldr	r3, [pc, #92]	@ (100020bc <core1_main+0xa4>)
10002060:	4917      	ldr	r1, [pc, #92]	@ (100020c0 <core1_main+0xa8>)
10002062:	711a      	strb	r2, [r3, #4]
10002064:	731a      	strb	r2, [r3, #12]
10002066:	6019      	str	r1, [r3, #0]
10002068:	6099      	str	r1, [r3, #8]
1000206a:	f001 fb9b 	bl	100037a4 <alarm_pool_get_default>
1000206e:	ab04      	add	r3, sp, #16
10002070:	9302      	str	r3, [sp, #8]
10002072:	2300      	movs	r3, #0
10002074:	9301      	str	r3, [sp, #4]
10002076:	4b13      	ldr	r3, [pc, #76]	@ (100020c4 <core1_main+0xac>)
10002078:	22a6      	movs	r2, #166	@ 0xa6
1000207a:	9300      	str	r3, [sp, #0]
1000207c:	2300      	movs	r3, #0
1000207e:	f001 fd49 	bl	10003b14 <alarm_pool_add_repeating_timer_us>
10002082:	2800      	cmp	r0, #0
10002084:	d000      	beq.n	10002088 <core1_main+0x70>
10002086:	e7fe      	b.n	10002086 <core1_main+0x6e>
10002088:	2100      	movs	r1, #0
1000208a:	0008      	movs	r0, r1
1000208c:	f7fe fc70 	bl	10000970 <locateLcdPrintf>
10002090:	20f8      	movs	r0, #248	@ 0xf8
10002092:	2100      	movs	r1, #0
10002094:	0200      	lsls	r0, r0, #8
10002096:	f7fe fc77 	bl	10000988 <setColorLcdPrintf>
1000209a:	480b      	ldr	r0, [pc, #44]	@ (100020c8 <core1_main+0xb0>)
1000209c:	f7ff f9c0 	bl	10001420 <printfSt7789>
100020a0:	e7fe      	b.n	100020a0 <core1_main+0x88>
100020a2:	46c0      	nop			@ (mov r8, r8)
100020a4:	20000cd0 	.word	0x20000cd0
100020a8:	40050000 	.word	0x40050000
100020ac:	40050070 	.word	0x40050070
100020b0:	40051070 	.word	0x40051070
100020b4:	40050064 	.word	0x40050064
100020b8:	40051064 	.word	0x40051064
100020bc:	20000c88 	.word	0x20000c88
100020c0:	1005f9f0 	.word	0x1005f9f0
100020c4:	10001f39 	.word	0x10001f39
100020c8:	1000721c 	.word	0x1000721c

100020cc <announceTrainApproach>:
100020cc:	b570      	push	{r4, r5, r6, lr}
100020ce:	4d0a      	ldr	r5, [pc, #40]	@ (100020f8 <announceTrainApproach+0x2c>)
100020d0:	0004      	movs	r4, r0
100020d2:	0028      	movs	r0, r5
100020d4:	f005 f818 	bl	10007108 <__sem_acquire_blocking_veneer>
100020d8:	4b08      	ldr	r3, [pc, #32]	@ (100020fc <announceTrainApproach+0x30>)
100020da:	2c00      	cmp	r4, #0
100020dc:	d106      	bne.n	100020ec <announceTrainApproach+0x20>
100020de:	4a08      	ldr	r2, [pc, #32]	@ (10002100 <announceTrainApproach+0x34>)
100020e0:	711c      	strb	r4, [r3, #4]
100020e2:	601a      	str	r2, [r3, #0]
100020e4:	0028      	movs	r0, r5
100020e6:	f004 ffef 	bl	100070c8 <__sem_release_veneer>
100020ea:	bd70      	pop	{r4, r5, r6, pc}
100020ec:	4a05      	ldr	r2, [pc, #20]	@ (10002104 <announceTrainApproach+0x38>)
100020ee:	609a      	str	r2, [r3, #8]
100020f0:	2200      	movs	r2, #0
100020f2:	731a      	strb	r2, [r3, #12]
100020f4:	e7f6      	b.n	100020e4 <announceTrainApproach+0x18>
100020f6:	46c0      	nop			@ (mov r8, r8)
100020f8:	20000cc0 	.word	0x20000cc0
100020fc:	20000c88 	.word	0x20000c88
10002100:	1004bd50 	.word	0x1004bd50
10002104:	10035198 	.word	0x10035198

10002108 <playDepartureMelody>:
10002108:	b570      	push	{r4, r5, r6, lr}
1000210a:	4d0a      	ldr	r5, [pc, #40]	@ (10002134 <playDepartureMelody+0x2c>)
1000210c:	0004      	movs	r4, r0
1000210e:	0028      	movs	r0, r5
10002110:	f004 fffa 	bl	10007108 <__sem_acquire_blocking_veneer>
10002114:	4b08      	ldr	r3, [pc, #32]	@ (10002138 <playDepartureMelody+0x30>)
10002116:	2c00      	cmp	r4, #0
10002118:	d106      	bne.n	10002128 <playDepartureMelody+0x20>
1000211a:	4a08      	ldr	r2, [pc, #32]	@ (1000213c <playDepartureMelody+0x34>)
1000211c:	711c      	strb	r4, [r3, #4]
1000211e:	601a      	str	r2, [r3, #0]
10002120:	0028      	movs	r0, r5
10002122:	f004 ffd1 	bl	100070c8 <__sem_release_veneer>
10002126:	bd70      	pop	{r4, r5, r6, pc}
10002128:	4a05      	ldr	r2, [pc, #20]	@ (10002140 <playDepartureMelody+0x38>)
1000212a:	609a      	str	r2, [r3, #8]
1000212c:	2200      	movs	r2, #0
1000212e:	731a      	strb	r2, [r3, #12]
10002130:	e7f6      	b.n	10002120 <playDepartureMelody+0x18>
10002132:	46c0      	nop			@ (mov r8, r8)
10002134:	20000cc0 	.word	0x20000cc0
10002138:	20000c88 	.word	0x20000c88
1000213c:	1001f498 	.word	0x1001f498
10002140:	1002a170 	.word	0x1002a170

10002144 <announceDoorCloseing>:
10002144:	b570      	push	{r4, r5, r6, lr}
10002146:	4d0a      	ldr	r5, [pc, #40]	@ (10002170 <announceDoorCloseing+0x2c>)
10002148:	0004      	movs	r4, r0
1000214a:	0028      	movs	r0, r5
1000214c:	f004 ffdc 	bl	10007108 <__sem_acquire_blocking_veneer>
10002150:	4b08      	ldr	r3, [pc, #32]	@ (10002174 <announceDoorCloseing+0x30>)
10002152:	2c00      	cmp	r4, #0
10002154:	d106      	bne.n	10002164 <announceDoorCloseing+0x20>
10002156:	4a08      	ldr	r2, [pc, #32]	@ (10002178 <announceDoorCloseing+0x34>)
10002158:	711c      	strb	r4, [r3, #4]
1000215a:	601a      	str	r2, [r3, #0]
1000215c:	0028      	movs	r0, r5
1000215e:	f004 ffb3 	bl	100070c8 <__sem_release_veneer>
10002162:	bd70      	pop	{r4, r5, r6, pc}
10002164:	4a05      	ldr	r2, [pc, #20]	@ (1000217c <announceDoorCloseing+0x38>)
10002166:	609a      	str	r2, [r3, #8]
10002168:	2200      	movs	r2, #0
1000216a:	731a      	strb	r2, [r3, #12]
1000216c:	e7f6      	b.n	1000215c <announceDoorCloseing+0x18>
1000216e:	46c0      	nop			@ (mov r8, r8)
10002170:	20000cc0 	.word	0x20000cc0
10002174:	20000c88 	.word	0x20000c88
10002178:	10018e8c 	.word	0x10018e8c
1000217c:	10012df0 	.word	0x10012df0

10002180 <playJingleSound>:
10002180:	b510      	push	{r4, lr}
10002182:	4c06      	ldr	r4, [pc, #24]	@ (1000219c <playJingleSound+0x1c>)
10002184:	0020      	movs	r0, r4
10002186:	f004 ffbf 	bl	10007108 <__sem_acquire_blocking_veneer>
1000218a:	4b05      	ldr	r3, [pc, #20]	@ (100021a0 <playJingleSound+0x20>)
1000218c:	4a05      	ldr	r2, [pc, #20]	@ (100021a4 <playJingleSound+0x24>)
1000218e:	0020      	movs	r0, r4
10002190:	601a      	str	r2, [r3, #0]
10002192:	2200      	movs	r2, #0
10002194:	711a      	strb	r2, [r3, #4]
10002196:	f004 ff97 	bl	100070c8 <__sem_release_veneer>
1000219a:	bd10      	pop	{r4, pc}
1000219c:	20000cc0 	.word	0x20000cc0
100021a0:	20000c88 	.word	0x20000c88
100021a4:	1001032c 	.word	0x1001032c

100021a8 <isSoundStop>:
100021a8:	b570      	push	{r4, r5, r6, lr}
100021aa:	4d08      	ldr	r5, [pc, #32]	@ (100021cc <isSoundStop+0x24>)
100021ac:	0004      	movs	r4, r0
100021ae:	0028      	movs	r0, r5
100021b0:	f004 ffaa 	bl	10007108 <__sem_acquire_blocking_veneer>
100021b4:	2601      	movs	r6, #1
100021b6:	2c01      	cmp	r4, #1
100021b8:	d803      	bhi.n	100021c2 <isSoundStop+0x1a>
100021ba:	4b05      	ldr	r3, [pc, #20]	@ (100021d0 <isSoundStop+0x28>)
100021bc:	00e4      	lsls	r4, r4, #3
100021be:	191b      	adds	r3, r3, r4
100021c0:	791e      	ldrb	r6, [r3, #4]
100021c2:	0028      	movs	r0, r5
100021c4:	f004 ff80 	bl	100070c8 <__sem_release_veneer>
100021c8:	0030      	movs	r0, r6
100021ca:	bd70      	pop	{r4, r5, r6, pc}
100021cc:	20000cc0 	.word	0x20000cc0
100021d0:	20000c88 	.word	0x20000c88

100021d4 <stopSound>:
100021d4:	b570      	push	{r4, r5, r6, lr}
100021d6:	4d0a      	ldr	r5, [pc, #40]	@ (10002200 <stopSound+0x2c>)
100021d8:	0004      	movs	r4, r0
100021da:	0028      	movs	r0, r5
100021dc:	f004 ff94 	bl	10007108 <__sem_acquire_blocking_veneer>
100021e0:	4b08      	ldr	r3, [pc, #32]	@ (10002204 <stopSound+0x30>)
100021e2:	4a09      	ldr	r2, [pc, #36]	@ (10002208 <stopSound+0x34>)
100021e4:	2c00      	cmp	r4, #0
100021e6:	d106      	bne.n	100021f6 <stopSound+0x22>
100021e8:	601a      	str	r2, [r3, #0]
100021ea:	2201      	movs	r2, #1
100021ec:	711a      	strb	r2, [r3, #4]
100021ee:	0028      	movs	r0, r5
100021f0:	f004 ff6a 	bl	100070c8 <__sem_release_veneer>
100021f4:	bd70      	pop	{r4, r5, r6, pc}
100021f6:	609a      	str	r2, [r3, #8]
100021f8:	2201      	movs	r2, #1
100021fa:	731a      	strb	r2, [r3, #12]
100021fc:	e7f7      	b.n	100021ee <stopSound+0x1a>
100021fe:	46c0      	nop			@ (mov r8, r8)
10002200:	20000cc0 	.word	0x20000cc0
10002204:	20000c88 	.word	0x20000c88
10002208:	1005f9f0 	.word	0x1005f9f0

1000220c <check_buttons>:
1000220c:	b530      	push	{r4, r5, lr}
1000220e:	2401      	movs	r4, #1
10002210:	23d0      	movs	r3, #208	@ 0xd0
10002212:	0020      	movs	r0, r4
10002214:	061b      	lsls	r3, r3, #24
10002216:	6859      	ldr	r1, [r3, #4]
10002218:	4b41      	ldr	r3, [pc, #260]	@ (10002320 <check_buttons+0x114>)
1000221a:	681a      	ldr	r2, [r3, #0]
1000221c:	4090      	lsls	r0, r2
1000221e:	4001      	ands	r1, r0
10002220:	000a      	movs	r2, r1
10002222:	1e50      	subs	r0, r2, #1
10002224:	4182      	sbcs	r2, r0
10002226:	7918      	ldrb	r0, [r3, #4]
10002228:	b2d5      	uxtb	r5, r2
1000222a:	4282      	cmp	r2, r0
1000222c:	d100      	bne.n	10002230 <check_buttons+0x24>
1000222e:	e06f      	b.n	10002310 <check_buttons+0x104>
10002230:	799a      	ldrb	r2, [r3, #6]
10002232:	3201      	adds	r2, #1
10002234:	b2d2      	uxtb	r2, r2
10002236:	2a02      	cmp	r2, #2
10002238:	d85e      	bhi.n	100022f8 <check_buttons+0xec>
1000223a:	719a      	strb	r2, [r3, #6]
1000223c:	2401      	movs	r4, #1
1000223e:	22d0      	movs	r2, #208	@ 0xd0
10002240:	0020      	movs	r0, r4
10002242:	0612      	lsls	r2, r2, #24
10002244:	6851      	ldr	r1, [r2, #4]
10002246:	689a      	ldr	r2, [r3, #8]
10002248:	4090      	lsls	r0, r2
1000224a:	4001      	ands	r1, r0
1000224c:	000a      	movs	r2, r1
1000224e:	1e50      	subs	r0, r2, #1
10002250:	4182      	sbcs	r2, r0
10002252:	7b18      	ldrb	r0, [r3, #12]
10002254:	b2d5      	uxtb	r5, r2
10002256:	4282      	cmp	r2, r0
10002258:	d058      	beq.n	1000230c <check_buttons+0x100>
1000225a:	7b9a      	ldrb	r2, [r3, #14]
1000225c:	3201      	adds	r2, #1
1000225e:	b2d2      	uxtb	r2, r2
10002260:	2a02      	cmp	r2, #2
10002262:	d83f      	bhi.n	100022e4 <check_buttons+0xd8>
10002264:	739a      	strb	r2, [r3, #14]
10002266:	2401      	movs	r4, #1
10002268:	22d0      	movs	r2, #208	@ 0xd0
1000226a:	0020      	movs	r0, r4
1000226c:	0612      	lsls	r2, r2, #24
1000226e:	6851      	ldr	r1, [r2, #4]
10002270:	691a      	ldr	r2, [r3, #16]
10002272:	4090      	lsls	r0, r2
10002274:	4001      	ands	r1, r0
10002276:	000a      	movs	r2, r1
10002278:	1e50      	subs	r0, r2, #1
1000227a:	4182      	sbcs	r2, r0
1000227c:	7d18      	ldrb	r0, [r3, #20]
1000227e:	b2d5      	uxtb	r5, r2
10002280:	4282      	cmp	r2, r0
10002282:	d04a      	beq.n	1000231a <check_buttons+0x10e>
10002284:	7d9a      	ldrb	r2, [r3, #22]
10002286:	3201      	adds	r2, #1
10002288:	b2d2      	uxtb	r2, r2
1000228a:	2a02      	cmp	r2, #2
1000228c:	d820      	bhi.n	100022d0 <check_buttons+0xc4>
1000228e:	759a      	strb	r2, [r3, #22]
10002290:	2401      	movs	r4, #1
10002292:	22d0      	movs	r2, #208	@ 0xd0
10002294:	0020      	movs	r0, r4
10002296:	0612      	lsls	r2, r2, #24
10002298:	6851      	ldr	r1, [r2, #4]
1000229a:	699a      	ldr	r2, [r3, #24]
1000229c:	4090      	lsls	r0, r2
1000229e:	4001      	ands	r1, r0
100022a0:	000a      	movs	r2, r1
100022a2:	1e50      	subs	r0, r2, #1
100022a4:	4182      	sbcs	r2, r0
100022a6:	7f18      	ldrb	r0, [r3, #28]
100022a8:	b2d5      	uxtb	r5, r2
100022aa:	4290      	cmp	r0, r2
100022ac:	d032      	beq.n	10002314 <check_buttons+0x108>
100022ae:	7f9a      	ldrb	r2, [r3, #30]
100022b0:	3201      	adds	r2, #1
100022b2:	b2d2      	uxtb	r2, r2
100022b4:	2a02      	cmp	r2, #2
100022b6:	d801      	bhi.n	100022bc <check_buttons+0xb0>
100022b8:	779a      	strb	r2, [r3, #30]
100022ba:	bd30      	pop	{r4, r5, pc}
100022bc:	2200      	movs	r2, #0
100022be:	7758      	strb	r0, [r3, #29]
100022c0:	779a      	strb	r2, [r3, #30]
100022c2:	771d      	strb	r5, [r3, #28]
100022c4:	2800      	cmp	r0, #0
100022c6:	d1f8      	bne.n	100022ba <check_buttons+0xae>
100022c8:	2900      	cmp	r1, #0
100022ca:	d0f6      	beq.n	100022ba <check_buttons+0xae>
100022cc:	77dc      	strb	r4, [r3, #31]
100022ce:	e7f4      	b.n	100022ba <check_buttons+0xae>
100022d0:	2200      	movs	r2, #0
100022d2:	7558      	strb	r0, [r3, #21]
100022d4:	759a      	strb	r2, [r3, #22]
100022d6:	751d      	strb	r5, [r3, #20]
100022d8:	2800      	cmp	r0, #0
100022da:	d1d9      	bne.n	10002290 <check_buttons+0x84>
100022dc:	2900      	cmp	r1, #0
100022de:	d0d7      	beq.n	10002290 <check_buttons+0x84>
100022e0:	75dc      	strb	r4, [r3, #23]
100022e2:	e7d5      	b.n	10002290 <check_buttons+0x84>
100022e4:	2200      	movs	r2, #0
100022e6:	7358      	strb	r0, [r3, #13]
100022e8:	739a      	strb	r2, [r3, #14]
100022ea:	731d      	strb	r5, [r3, #12]
100022ec:	2800      	cmp	r0, #0
100022ee:	d1ba      	bne.n	10002266 <check_buttons+0x5a>
100022f0:	2900      	cmp	r1, #0
100022f2:	d0b8      	beq.n	10002266 <check_buttons+0x5a>
100022f4:	73dc      	strb	r4, [r3, #15]
100022f6:	e7b6      	b.n	10002266 <check_buttons+0x5a>
100022f8:	2200      	movs	r2, #0
100022fa:	7158      	strb	r0, [r3, #5]
100022fc:	719a      	strb	r2, [r3, #6]
100022fe:	711d      	strb	r5, [r3, #4]
10002300:	2800      	cmp	r0, #0
10002302:	d19b      	bne.n	1000223c <check_buttons+0x30>
10002304:	2900      	cmp	r1, #0
10002306:	d099      	beq.n	1000223c <check_buttons+0x30>
10002308:	71dc      	strb	r4, [r3, #7]
1000230a:	e797      	b.n	1000223c <check_buttons+0x30>
1000230c:	2200      	movs	r2, #0
1000230e:	e7a9      	b.n	10002264 <check_buttons+0x58>
10002310:	2200      	movs	r2, #0
10002312:	e792      	b.n	1000223a <check_buttons+0x2e>
10002314:	2200      	movs	r2, #0
10002316:	779a      	strb	r2, [r3, #30]
10002318:	e7cf      	b.n	100022ba <check_buttons+0xae>
1000231a:	2200      	movs	r2, #0
1000231c:	e7b7      	b.n	1000228e <check_buttons+0x82>
1000231e:	46c0      	nop			@ (mov r8, r8)
10002320:	200002f0 	.word	0x200002f0

10002324 <clear_button_released_flag>:
10002324:	2803      	cmp	r0, #3
10002326:	d804      	bhi.n	10002332 <clear_button_released_flag+0xe>
10002328:	2200      	movs	r2, #0
1000232a:	4b02      	ldr	r3, [pc, #8]	@ (10002334 <clear_button_released_flag+0x10>)
1000232c:	00c0      	lsls	r0, r0, #3
1000232e:	181b      	adds	r3, r3, r0
10002330:	71da      	strb	r2, [r3, #7]
10002332:	4770      	bx	lr
10002334:	200002f0 	.word	0x200002f0

10002338 <is_button_released_flag_lineno>:
10002338:	4b13      	ldr	r3, [pc, #76]	@ (10002388 <is_button_released_flag_lineno+0x50>)
1000233a:	2800      	cmp	r0, #0
1000233c:	d10a      	bne.n	10002354 <is_button_released_flag_lineno+0x1c>
1000233e:	79d8      	ldrb	r0, [r3, #7]
10002340:	2800      	cmp	r0, #0
10002342:	d012      	beq.n	1000236a <is_button_released_flag_lineno+0x32>
10002344:	4b11      	ldr	r3, [pc, #68]	@ (1000238c <is_button_released_flag_lineno+0x54>)
10002346:	781a      	ldrb	r2, [r3, #0]
10002348:	2301      	movs	r3, #1
1000234a:	4093      	lsls	r3, r2
1000234c:	22d0      	movs	r2, #208	@ 0xd0
1000234e:	0612      	lsls	r2, r2, #24
10002350:	6153      	str	r3, [r2, #20]
10002352:	e009      	b.n	10002368 <is_button_released_flag_lineno+0x30>
10002354:	7bd8      	ldrb	r0, [r3, #15]
10002356:	2800      	cmp	r0, #0
10002358:	d012      	beq.n	10002380 <is_button_released_flag_lineno+0x48>
1000235a:	4b0c      	ldr	r3, [pc, #48]	@ (1000238c <is_button_released_flag_lineno+0x54>)
1000235c:	781a      	ldrb	r2, [r3, #0]
1000235e:	2301      	movs	r3, #1
10002360:	4093      	lsls	r3, r2
10002362:	22d0      	movs	r2, #208	@ 0xd0
10002364:	0612      	lsls	r2, r2, #24
10002366:	6193      	str	r3, [r2, #24]
10002368:	4770      	bx	lr
1000236a:	7dd8      	ldrb	r0, [r3, #23]
1000236c:	2800      	cmp	r0, #0
1000236e:	d0fb      	beq.n	10002368 <is_button_released_flag_lineno+0x30>
10002370:	4b06      	ldr	r3, [pc, #24]	@ (1000238c <is_button_released_flag_lineno+0x54>)
10002372:	781a      	ldrb	r2, [r3, #0]
10002374:	2301      	movs	r3, #1
10002376:	4093      	lsls	r3, r2
10002378:	22d0      	movs	r2, #208	@ 0xd0
1000237a:	0612      	lsls	r2, r2, #24
1000237c:	6153      	str	r3, [r2, #20]
1000237e:	e7f3      	b.n	10002368 <is_button_released_flag_lineno+0x30>
10002380:	7fd8      	ldrb	r0, [r3, #31]
10002382:	2800      	cmp	r0, #0
10002384:	d0f0      	beq.n	10002368 <is_button_released_flag_lineno+0x30>
10002386:	e7e8      	b.n	1000235a <is_button_released_flag_lineno+0x22>
10002388:	200002f0 	.word	0x200002f0
1000238c:	10007318 	.word	0x10007318

10002390 <clear_button_released_flag_lineno>:
10002390:	4b04      	ldr	r3, [pc, #16]	@ (100023a4 <clear_button_released_flag_lineno+0x14>)
10002392:	2800      	cmp	r0, #0
10002394:	d102      	bne.n	1000239c <clear_button_released_flag_lineno+0xc>
10002396:	71d8      	strb	r0, [r3, #7]
10002398:	75d8      	strb	r0, [r3, #23]
1000239a:	4770      	bx	lr
1000239c:	2200      	movs	r2, #0
1000239e:	73da      	strb	r2, [r3, #15]
100023a0:	77da      	strb	r2, [r3, #31]
100023a2:	e7fa      	b.n	1000239a <clear_button_released_flag_lineno+0xa>
100023a4:	200002f0 	.word	0x200002f0

100023a8 <initializeLineState>:
100023a8:	b5f8      	push	{r3, r4, r5, r6, r7, lr}
100023aa:	2300      	movs	r3, #0
100023ac:	4657      	mov	r7, sl
100023ae:	469a      	mov	sl, r3
100023b0:	2380      	movs	r3, #128	@ 0x80
100023b2:	464e      	mov	r6, r9
100023b4:	4645      	mov	r5, r8
100023b6:	46de      	mov	lr, fp
100023b8:	4c4f      	ldr	r4, [pc, #316]	@ (100024f8 <initializeLineState+0x150>)
100023ba:	005b      	lsls	r3, r3, #1
100023bc:	b5e0      	push	{r5, r6, r7, lr}
100023be:	4699      	mov	r9, r3
100023c0:	8163      	strh	r3, [r4, #10]
100023c2:	4653      	mov	r3, sl
100023c4:	2600      	movs	r6, #0
100023c6:	2701      	movs	r7, #1
100023c8:	4d4c      	ldr	r5, [pc, #304]	@ (100024fc <initializeLineState+0x154>)
100023ca:	77a3      	strb	r3, [r4, #30]
100023cc:	782b      	ldrb	r3, [r5, #0]
100023ce:	7026      	strb	r6, [r4, #0]
100023d0:	8066      	strh	r6, [r4, #2]
100023d2:	80a6      	strh	r6, [r4, #4]
100023d4:	71a7      	strb	r7, [r4, #6]
100023d6:	8126      	strh	r6, [r4, #8]
100023d8:	81a6      	strh	r6, [r4, #12]
100023da:	81e6      	strh	r6, [r4, #14]
100023dc:	8226      	strh	r6, [r4, #16]
100023de:	8266      	strh	r6, [r4, #18]
100023e0:	82a6      	strh	r6, [r4, #20]
100023e2:	8366      	strh	r6, [r4, #26]
100023e4:	83a6      	strh	r6, [r4, #28]
100023e6:	2b00      	cmp	r3, #0
100023e8:	d11e      	bne.n	10002428 <initializeLineState+0x80>
100023ea:	2203      	movs	r2, #3
100023ec:	4d44      	ldr	r5, [pc, #272]	@ (10002500 <initializeLineState+0x158>)
100023ee:	82e2      	strh	r2, [r4, #22]
100023f0:	3204      	adds	r2, #4
100023f2:	8322      	strh	r2, [r4, #24]
100023f4:	3271      	adds	r2, #113	@ 0x71
100023f6:	806a      	strh	r2, [r5, #2]
100023f8:	464a      	mov	r2, r9
100023fa:	816a      	strh	r2, [r5, #10]
100023fc:	2214      	movs	r2, #20
100023fe:	702f      	strb	r7, [r5, #0]
10002400:	80ab      	strh	r3, [r5, #4]
10002402:	71af      	strb	r7, [r5, #6]
10002404:	812b      	strh	r3, [r5, #8]
10002406:	81ab      	strh	r3, [r5, #12]
10002408:	81ef      	strh	r7, [r5, #14]
1000240a:	822a      	strh	r2, [r5, #16]
1000240c:	826a      	strh	r2, [r5, #18]
1000240e:	82ab      	strh	r3, [r5, #20]
10002410:	836a      	strh	r2, [r5, #26]
10002412:	83ab      	strh	r3, [r5, #28]
10002414:	2303      	movs	r3, #3
10002416:	2007      	movs	r0, #7
10002418:	82eb      	strh	r3, [r5, #22]
1000241a:	8328      	strh	r0, [r5, #24]
1000241c:	bcf0      	pop	{r4, r5, r6, r7}
1000241e:	46bb      	mov	fp, r7
10002420:	46b2      	mov	sl, r6
10002422:	46a9      	mov	r9, r5
10002424:	46a0      	mov	r8, r4
10002426:	bdf8      	pop	{r3, r4, r5, r6, r7, pc}
10002428:	4b36      	ldr	r3, [pc, #216]	@ (10002504 <initializeLineState+0x15c>)
1000242a:	4a37      	ldr	r2, [pc, #220]	@ (10002508 <initializeLineState+0x160>)
1000242c:	4698      	mov	r8, r3
1000242e:	7819      	ldrb	r1, [r3, #0]
10002430:	785b      	ldrb	r3, [r3, #1]
10002432:	7890      	ldrb	r0, [r2, #2]
10002434:	021b      	lsls	r3, r3, #8
10002436:	430b      	orrs	r3, r1
10002438:	4641      	mov	r1, r8
1000243a:	7889      	ldrb	r1, [r1, #2]
1000243c:	0400      	lsls	r0, r0, #16
1000243e:	0409      	lsls	r1, r1, #16
10002440:	4319      	orrs	r1, r3
10002442:	8813      	ldrh	r3, [r2, #0]
10002444:	4693      	mov	fp, r2
10002446:	4318      	orrs	r0, r3
10002448:	f7ff fd4c 	bl	10001ee4 <getTimeDifference>
1000244c:	8ba2      	ldrh	r2, [r4, #28]
1000244e:	82e0      	strh	r0, [r4, #22]
10002450:	3201      	adds	r2, #1
10002452:	0093      	lsls	r3, r2, #2
10002454:	189b      	adds	r3, r3, r2
10002456:	4642      	mov	r2, r8
10002458:	7811      	ldrb	r1, [r2, #0]
1000245a:	7852      	ldrb	r2, [r2, #1]
1000245c:	005b      	lsls	r3, r3, #1
1000245e:	0212      	lsls	r2, r2, #8
10002460:	430a      	orrs	r2, r1
10002462:	4641      	mov	r1, r8
10002464:	7889      	ldrb	r1, [r1, #2]
10002466:	0409      	lsls	r1, r1, #16
10002468:	4311      	orrs	r1, r2
1000246a:	465a      	mov	r2, fp
1000246c:	5a9a      	ldrh	r2, [r3, r2]
1000246e:	445b      	add	r3, fp
10002470:	7898      	ldrb	r0, [r3, #2]
10002472:	0400      	lsls	r0, r0, #16
10002474:	4310      	orrs	r0, r2
10002476:	f7ff fd35 	bl	10001ee4 <getTimeDifference>
1000247a:	2378      	movs	r3, #120	@ 0x78
1000247c:	782a      	ldrb	r2, [r5, #0]
1000247e:	4d20      	ldr	r5, [pc, #128]	@ (10002500 <initializeLineState+0x158>)
10002480:	8320      	strh	r0, [r4, #24]
10002482:	806b      	strh	r3, [r5, #2]
10002484:	464b      	mov	r3, r9
10002486:	816b      	strh	r3, [r5, #10]
10002488:	3bec      	subs	r3, #236	@ 0xec
1000248a:	822b      	strh	r3, [r5, #16]
1000248c:	826b      	strh	r3, [r5, #18]
1000248e:	836b      	strh	r3, [r5, #26]
10002490:	4653      	mov	r3, sl
10002492:	702f      	strb	r7, [r5, #0]
10002494:	80ae      	strh	r6, [r5, #4]
10002496:	71af      	strb	r7, [r5, #6]
10002498:	812e      	strh	r6, [r5, #8]
1000249a:	81ae      	strh	r6, [r5, #12]
1000249c:	81ef      	strh	r7, [r5, #14]
1000249e:	82ae      	strh	r6, [r5, #20]
100024a0:	83ae      	strh	r6, [r5, #28]
100024a2:	77a3      	strb	r3, [r4, #30]
100024a4:	2a00      	cmp	r2, #0
100024a6:	d0b5      	beq.n	10002414 <initializeLineState+0x6c>
100024a8:	4643      	mov	r3, r8
100024aa:	781a      	ldrb	r2, [r3, #0]
100024ac:	785b      	ldrb	r3, [r3, #1]
100024ae:	4c17      	ldr	r4, [pc, #92]	@ (1000250c <initializeLineState+0x164>)
100024b0:	021b      	lsls	r3, r3, #8
100024b2:	4313      	orrs	r3, r2
100024b4:	4642      	mov	r2, r8
100024b6:	7891      	ldrb	r1, [r2, #2]
100024b8:	78a0      	ldrb	r0, [r4, #2]
100024ba:	0409      	lsls	r1, r1, #16
100024bc:	4319      	orrs	r1, r3
100024be:	8823      	ldrh	r3, [r4, #0]
100024c0:	0400      	lsls	r0, r0, #16
100024c2:	4318      	orrs	r0, r3
100024c4:	f7ff fd0e 	bl	10001ee4 <getTimeDifference>
100024c8:	8baa      	ldrh	r2, [r5, #28]
100024ca:	82e8      	strh	r0, [r5, #22]
100024cc:	3201      	adds	r2, #1
100024ce:	0093      	lsls	r3, r2, #2
100024d0:	189b      	adds	r3, r3, r2
100024d2:	4642      	mov	r2, r8
100024d4:	7811      	ldrb	r1, [r2, #0]
100024d6:	7852      	ldrb	r2, [r2, #1]
100024d8:	005b      	lsls	r3, r3, #1
100024da:	0212      	lsls	r2, r2, #8
100024dc:	430a      	orrs	r2, r1
100024de:	4641      	mov	r1, r8
100024e0:	7889      	ldrb	r1, [r1, #2]
100024e2:	0409      	lsls	r1, r1, #16
100024e4:	4311      	orrs	r1, r2
100024e6:	5b1a      	ldrh	r2, [r3, r4]
100024e8:	18e4      	adds	r4, r4, r3
100024ea:	78a0      	ldrb	r0, [r4, #2]
100024ec:	0400      	lsls	r0, r0, #16
100024ee:	4310      	orrs	r0, r2
100024f0:	f7ff fcf8 	bl	10001ee4 <getTimeDifference>
100024f4:	b280      	uxth	r0, r0
100024f6:	e790      	b.n	1000241a <initializeLineState+0x72>
100024f8:	20000c48 	.word	0x20000c48
100024fc:	20000cf7 	.word	0x20000cf7
10002500:	20000c68 	.word	0x20000c68
10002504:	20000cd4 	.word	0x20000cd4
10002508:	1000ff44 	.word	0x1000ff44
1000250c:	1000fb50 	.word	0x1000fb50

10002510 <stationStateCtrl>:
10002510:	b570      	push	{r4, r5, r6, lr}
10002512:	b082      	sub	sp, #8
10002514:	000d      	movs	r5, r1
10002516:	0004      	movs	r4, r0
10002518:	f7ff fc30 	bl	10001d7c <getClock>
1000251c:	4ec1      	ldr	r6, [pc, #772]	@ (10002824 <stationStateCtrl+0x314>)
1000251e:	0001      	movs	r1, r0
10002520:	7833      	ldrb	r3, [r6, #0]
10002522:	2b00      	cmp	r3, #0
10002524:	d01d      	beq.n	10002562 <stationStateCtrl+0x52>
10002526:	8ba2      	ldrh	r2, [r4, #28]
10002528:	0093      	lsls	r3, r2, #2
1000252a:	189b      	adds	r3, r3, r2
1000252c:	005b      	lsls	r3, r3, #1
1000252e:	5b5a      	ldrh	r2, [r3, r5]
10002530:	18ed      	adds	r5, r5, r3
10002532:	78a8      	ldrb	r0, [r5, #2]
10002534:	0400      	lsls	r0, r0, #16
10002536:	4310      	orrs	r0, r2
10002538:	f7ff fcba 	bl	10001eb0 <isBefore>
1000253c:	7fa3      	ldrb	r3, [r4, #30]
1000253e:	2b1d      	cmp	r3, #29
10002540:	d80d      	bhi.n	1000255e <stationStateCtrl+0x4e>
10002542:	4ab9      	ldr	r2, [pc, #740]	@ (10002828 <stationStateCtrl+0x318>)
10002544:	009b      	lsls	r3, r3, #2
10002546:	58d3      	ldr	r3, [r2, r3]
10002548:	469f      	mov	pc, r3
1000254a:	2312      	movs	r3, #18
1000254c:	77a3      	strb	r3, [r4, #30]
1000254e:	33ee      	adds	r3, #238	@ 0xee
10002550:	8163      	strh	r3, [r4, #10]
10002552:	2300      	movs	r3, #0
10002554:	7820      	ldrb	r0, [r4, #0]
10002556:	8223      	strh	r3, [r4, #16]
10002558:	8263      	strh	r3, [r4, #18]
1000255a:	f7ff ff19 	bl	10002390 <clear_button_released_flag_lineno>
1000255e:	b002      	add	sp, #8
10002560:	bd70      	pop	{r4, r5, r6, pc}
10002562:	7820      	ldrb	r0, [r4, #0]
10002564:	f7ff fee8 	bl	10002338 <is_button_released_flag_lineno>
10002568:	e7e8      	b.n	1000253c <stationStateCtrl+0x2c>
1000256a:	2301      	movs	r3, #1
1000256c:	77a3      	strb	r3, [r4, #30]
1000256e:	33ff      	adds	r3, #255	@ 0xff
10002570:	8163      	strh	r3, [r4, #10]
10002572:	2300      	movs	r3, #0
10002574:	8223      	strh	r3, [r4, #16]
10002576:	8263      	strh	r3, [r4, #18]
10002578:	e7f1      	b.n	1000255e <stationStateCtrl+0x4e>
1000257a:	2302      	movs	r3, #2
1000257c:	77a3      	strb	r3, [r4, #30]
1000257e:	33fe      	adds	r3, #254	@ 0xfe
10002580:	8163      	strh	r3, [r4, #10]
10002582:	2300      	movs	r3, #0
10002584:	8263      	strh	r3, [r4, #18]
10002586:	e7ea      	b.n	1000255e <stationStateCtrl+0x4e>
10002588:	8a23      	ldrh	r3, [r4, #16]
1000258a:	2bc8      	cmp	r3, #200	@ 0xc8
1000258c:	d9e7      	bls.n	1000255e <stationStateCtrl+0x4e>
1000258e:	231d      	movs	r3, #29
10002590:	77a3      	strb	r3, [r4, #30]
10002592:	33e3      	adds	r3, #227	@ 0xe3
10002594:	8163      	strh	r3, [r4, #10]
10002596:	2300      	movs	r3, #0
10002598:	8223      	strh	r3, [r4, #16]
1000259a:	8263      	strh	r3, [r4, #18]
1000259c:	e7df      	b.n	1000255e <stationStateCtrl+0x4e>
1000259e:	231c      	movs	r3, #28
100025a0:	77a3      	strb	r3, [r4, #30]
100025a2:	33e4      	adds	r3, #228	@ 0xe4
100025a4:	8163      	strh	r3, [r4, #10]
100025a6:	2300      	movs	r3, #0
100025a8:	8223      	strh	r3, [r4, #16]
100025aa:	8263      	strh	r3, [r4, #18]
100025ac:	e7d7      	b.n	1000255e <stationStateCtrl+0x4e>
100025ae:	7833      	ldrb	r3, [r6, #0]
100025b0:	7820      	ldrb	r0, [r4, #0]
100025b2:	2b00      	cmp	r3, #0
100025b4:	d100      	bne.n	100025b8 <stationStateCtrl+0xa8>
100025b6:	e139      	b.n	1000282c <stationStateCtrl+0x31c>
100025b8:	f7ff fdf6 	bl	100021a8 <isSoundStop>
100025bc:	2800      	cmp	r0, #0
100025be:	d0ce      	beq.n	1000255e <stationStateCtrl+0x4e>
100025c0:	231b      	movs	r3, #27
100025c2:	77a3      	strb	r3, [r4, #30]
100025c4:	2300      	movs	r3, #0
100025c6:	8223      	strh	r3, [r4, #16]
100025c8:	e7c9      	b.n	1000255e <stationStateCtrl+0x4e>
100025ca:	231a      	movs	r3, #26
100025cc:	77a3      	strb	r3, [r4, #30]
100025ce:	33e6      	adds	r3, #230	@ 0xe6
100025d0:	8163      	strh	r3, [r4, #10]
100025d2:	2300      	movs	r3, #0
100025d4:	8223      	strh	r3, [r4, #16]
100025d6:	8263      	strh	r3, [r4, #18]
100025d8:	e7c1      	b.n	1000255e <stationStateCtrl+0x4e>
100025da:	2316      	movs	r3, #22
100025dc:	77a3      	strb	r3, [r4, #30]
100025de:	33ea      	adds	r3, #234	@ 0xea
100025e0:	8163      	strh	r3, [r4, #10]
100025e2:	2300      	movs	r3, #0
100025e4:	8263      	strh	r3, [r4, #18]
100025e6:	e7ba      	b.n	1000255e <stationStateCtrl+0x4e>
100025e8:	7832      	ldrb	r2, [r6, #0]
100025ea:	8a23      	ldrh	r3, [r4, #16]
100025ec:	2a00      	cmp	r2, #0
100025ee:	d100      	bne.n	100025f2 <stationStateCtrl+0xe2>
100025f0:	e104      	b.n	100027fc <stationStateCtrl+0x2ec>
100025f2:	22c8      	movs	r2, #200	@ 0xc8
100025f4:	0052      	lsls	r2, r2, #1
100025f6:	4293      	cmp	r3, r2
100025f8:	d900      	bls.n	100025fc <stationStateCtrl+0xec>
100025fa:	e0f8      	b.n	100027ee <stationStateCtrl+0x2de>
100025fc:	8a63      	ldrh	r3, [r4, #18]
100025fe:	2b64      	cmp	r3, #100	@ 0x64
10002600:	d9ad      	bls.n	1000255e <stationStateCtrl+0x4e>
10002602:	2315      	movs	r3, #21
10002604:	77a3      	strb	r3, [r4, #30]
10002606:	33eb      	adds	r3, #235	@ 0xeb
10002608:	8163      	strh	r3, [r4, #10]
1000260a:	2300      	movs	r3, #0
1000260c:	8263      	strh	r3, [r4, #18]
1000260e:	e7a6      	b.n	1000255e <stationStateCtrl+0x4e>
10002610:	2314      	movs	r3, #20
10002612:	77a3      	strb	r3, [r4, #30]
10002614:	33ec      	adds	r3, #236	@ 0xec
10002616:	8163      	strh	r3, [r4, #10]
10002618:	2300      	movs	r3, #0
1000261a:	8263      	strh	r3, [r4, #18]
1000261c:	e79f      	b.n	1000255e <stationStateCtrl+0x4e>
1000261e:	2313      	movs	r3, #19
10002620:	77a3      	strb	r3, [r4, #30]
10002622:	2300      	movs	r3, #0
10002624:	8223      	strh	r3, [r4, #16]
10002626:	8263      	strh	r3, [r4, #18]
10002628:	e799      	b.n	1000255e <stationStateCtrl+0x4e>
1000262a:	2318      	movs	r3, #24
1000262c:	77a3      	strb	r3, [r4, #30]
1000262e:	33e8      	adds	r3, #232	@ 0xe8
10002630:	8163      	strh	r3, [r4, #10]
10002632:	2300      	movs	r3, #0
10002634:	8223      	strh	r3, [r4, #16]
10002636:	8263      	strh	r3, [r4, #18]
10002638:	e791      	b.n	1000255e <stationStateCtrl+0x4e>
1000263a:	7832      	ldrb	r2, [r6, #0]
1000263c:	8a23      	ldrh	r3, [r4, #16]
1000263e:	2a00      	cmp	r2, #0
10002640:	d100      	bne.n	10002644 <stationStateCtrl+0x134>
10002642:	e105      	b.n	10002850 <stationStateCtrl+0x340>
10002644:	22c8      	movs	r2, #200	@ 0xc8
10002646:	0052      	lsls	r2, r2, #1
10002648:	4293      	cmp	r3, r2
1000264a:	d900      	bls.n	1000264e <stationStateCtrl+0x13e>
1000264c:	e0cf      	b.n	100027ee <stationStateCtrl+0x2de>
1000264e:	8a63      	ldrh	r3, [r4, #18]
10002650:	2b64      	cmp	r3, #100	@ 0x64
10002652:	d800      	bhi.n	10002656 <stationStateCtrl+0x146>
10002654:	e783      	b.n	1000255e <stationStateCtrl+0x4e>
10002656:	2313      	movs	r3, #19
10002658:	77a3      	strb	r3, [r4, #30]
1000265a:	33ed      	adds	r3, #237	@ 0xed
1000265c:	8163      	strh	r3, [r4, #10]
1000265e:	2300      	movs	r3, #0
10002660:	8263      	strh	r3, [r4, #18]
10002662:	e77c      	b.n	1000255e <stationStateCtrl+0x4e>
10002664:	7835      	ldrb	r5, [r6, #0]
10002666:	2d00      	cmp	r5, #0
10002668:	d100      	bne.n	1000266c <stationStateCtrl+0x15c>
1000266a:	e134      	b.n	100028d6 <stationStateCtrl+0x3c6>
1000266c:	8a23      	ldrh	r3, [r4, #16]
1000266e:	2b64      	cmp	r3, #100	@ 0x64
10002670:	d800      	bhi.n	10002674 <stationStateCtrl+0x164>
10002672:	e774      	b.n	1000255e <stationStateCtrl+0x4e>
10002674:	2319      	movs	r3, #25
10002676:	77a3      	strb	r3, [r4, #30]
10002678:	33e7      	adds	r3, #231	@ 0xe7
1000267a:	8163      	strh	r3, [r4, #10]
1000267c:	2300      	movs	r3, #0
1000267e:	8223      	strh	r3, [r4, #16]
10002680:	8263      	strh	r3, [r4, #18]
10002682:	e76c      	b.n	1000255e <stationStateCtrl+0x4e>
10002684:	2800      	cmp	r0, #0
10002686:	d000      	beq.n	1000268a <stationStateCtrl+0x17a>
10002688:	e75f      	b.n	1000254a <stationStateCtrl+0x3a>
1000268a:	2396      	movs	r3, #150	@ 0x96
1000268c:	8a22      	ldrh	r2, [r4, #16]
1000268e:	005b      	lsls	r3, r3, #1
10002690:	429a      	cmp	r2, r3
10002692:	d800      	bhi.n	10002696 <stationStateCtrl+0x186>
10002694:	e0f9      	b.n	1000288a <stationStateCtrl+0x37a>
10002696:	3b2a      	subs	r3, #42	@ 0x2a
10002698:	3bff      	subs	r3, #255	@ 0xff
1000269a:	77a3      	strb	r3, [r4, #30]
1000269c:	33fd      	adds	r3, #253	@ 0xfd
1000269e:	8163      	strh	r3, [r4, #10]
100026a0:	8220      	strh	r0, [r4, #16]
100026a2:	e75c      	b.n	1000255e <stationStateCtrl+0x4e>
100026a4:	2800      	cmp	r0, #0
100026a6:	d000      	beq.n	100026aa <stationStateCtrl+0x19a>
100026a8:	e74f      	b.n	1000254a <stationStateCtrl+0x3a>
100026aa:	7ae3      	ldrb	r3, [r4, #11]
100026ac:	2b00      	cmp	r3, #0
100026ae:	d100      	bne.n	100026b2 <stationStateCtrl+0x1a2>
100026b0:	e0ff      	b.n	100028b2 <stationStateCtrl+0x3a2>
100026b2:	230c      	movs	r3, #12
100026b4:	77a3      	strb	r3, [r4, #30]
100026b6:	33f4      	adds	r3, #244	@ 0xf4
100026b8:	8163      	strh	r3, [r4, #10]
100026ba:	8220      	strh	r0, [r4, #16]
100026bc:	e74f      	b.n	1000255e <stationStateCtrl+0x4e>
100026be:	2309      	movs	r3, #9
100026c0:	77a3      	strb	r3, [r4, #30]
100026c2:	2300      	movs	r3, #0
100026c4:	8263      	strh	r3, [r4, #18]
100026c6:	e74a      	b.n	1000255e <stationStateCtrl+0x4e>
100026c8:	2800      	cmp	r0, #0
100026ca:	d000      	beq.n	100026ce <stationStateCtrl+0x1be>
100026cc:	e73d      	b.n	1000254a <stationStateCtrl+0x3a>
100026ce:	2396      	movs	r3, #150	@ 0x96
100026d0:	8a22      	ldrh	r2, [r4, #16]
100026d2:	005b      	lsls	r3, r3, #1
100026d4:	429a      	cmp	r2, r3
100026d6:	d800      	bhi.n	100026da <stationStateCtrl+0x1ca>
100026d8:	e0f3      	b.n	100028c2 <stationStateCtrl+0x3b2>
100026da:	3b1d      	subs	r3, #29
100026dc:	3bff      	subs	r3, #255	@ 0xff
100026de:	77a3      	strb	r3, [r4, #30]
100026e0:	33f0      	adds	r3, #240	@ 0xf0
100026e2:	8163      	strh	r3, [r4, #10]
100026e4:	8220      	strh	r0, [r4, #16]
100026e6:	e73a      	b.n	1000255e <stationStateCtrl+0x4e>
100026e8:	230d      	movs	r3, #13
100026ea:	77a3      	strb	r3, [r4, #30]
100026ec:	33f3      	adds	r3, #243	@ 0xf3
100026ee:	8163      	strh	r3, [r4, #10]
100026f0:	2300      	movs	r3, #0
100026f2:	8263      	strh	r3, [r4, #18]
100026f4:	e733      	b.n	1000255e <stationStateCtrl+0x4e>
100026f6:	2306      	movs	r3, #6
100026f8:	77a3      	strb	r3, [r4, #30]
100026fa:	3b05      	subs	r3, #5
100026fc:	8163      	strh	r3, [r4, #10]
100026fe:	2300      	movs	r3, #0
10002700:	8263      	strh	r3, [r4, #18]
10002702:	e72c      	b.n	1000255e <stationStateCtrl+0x4e>
10002704:	2800      	cmp	r0, #0
10002706:	d000      	beq.n	1000270a <stationStateCtrl+0x1fa>
10002708:	e71f      	b.n	1000254a <stationStateCtrl+0x3a>
1000270a:	2396      	movs	r3, #150	@ 0x96
1000270c:	8a22      	ldrh	r2, [r4, #16]
1000270e:	005b      	lsls	r3, r3, #1
10002710:	429a      	cmp	r2, r3
10002712:	d864      	bhi.n	100027de <stationStateCtrl+0x2ce>
10002714:	8a63      	ldrh	r3, [r4, #18]
10002716:	2b64      	cmp	r3, #100	@ 0x64
10002718:	d800      	bhi.n	1000271c <stationStateCtrl+0x20c>
1000271a:	e720      	b.n	1000255e <stationStateCtrl+0x4e>
1000271c:	2301      	movs	r3, #1
1000271e:	77a3      	strb	r3, [r4, #30]
10002720:	33ff      	adds	r3, #255	@ 0xff
10002722:	8163      	strh	r3, [r4, #10]
10002724:	8260      	strh	r0, [r4, #18]
10002726:	e71a      	b.n	1000255e <stationStateCtrl+0x4e>
10002728:	2304      	movs	r3, #4
1000272a:	77a3      	strb	r3, [r4, #30]
1000272c:	33fc      	adds	r3, #252	@ 0xfc
1000272e:	8163      	strh	r3, [r4, #10]
10002730:	2300      	movs	r3, #0
10002732:	8263      	strh	r3, [r4, #18]
10002734:	e713      	b.n	1000255e <stationStateCtrl+0x4e>
10002736:	2800      	cmp	r0, #0
10002738:	d000      	beq.n	1000273c <stationStateCtrl+0x22c>
1000273a:	e706      	b.n	1000254a <stationStateCtrl+0x3a>
1000273c:	2396      	movs	r3, #150	@ 0x96
1000273e:	8a22      	ldrh	r2, [r4, #16]
10002740:	005b      	lsls	r3, r3, #1
10002742:	429a      	cmp	r2, r3
10002744:	d84b      	bhi.n	100027de <stationStateCtrl+0x2ce>
10002746:	8a63      	ldrh	r3, [r4, #18]
10002748:	2b64      	cmp	r3, #100	@ 0x64
1000274a:	d800      	bhi.n	1000274e <stationStateCtrl+0x23e>
1000274c:	e707      	b.n	1000255e <stationStateCtrl+0x4e>
1000274e:	2303      	movs	r3, #3
10002750:	77a3      	strb	r3, [r4, #30]
10002752:	33fd      	adds	r3, #253	@ 0xfd
10002754:	8163      	strh	r3, [r4, #10]
10002756:	8260      	strh	r0, [r4, #18]
10002758:	e701      	b.n	1000255e <stationStateCtrl+0x4e>
1000275a:	2800      	cmp	r0, #0
1000275c:	d000      	beq.n	10002760 <stationStateCtrl+0x250>
1000275e:	e6f4      	b.n	1000254a <stationStateCtrl+0x3a>
10002760:	7ae3      	ldrb	r3, [r4, #11]
10002762:	2b00      	cmp	r3, #0
10002764:	d100      	bne.n	10002768 <stationStateCtrl+0x258>
10002766:	e07e      	b.n	10002866 <stationStateCtrl+0x356>
10002768:	230a      	movs	r3, #10
1000276a:	77a3      	strb	r3, [r4, #30]
1000276c:	33f6      	adds	r3, #246	@ 0xf6
1000276e:	8163      	strh	r3, [r4, #10]
10002770:	8220      	strh	r0, [r4, #16]
10002772:	e6f4      	b.n	1000255e <stationStateCtrl+0x4e>
10002774:	2307      	movs	r3, #7
10002776:	77a3      	strb	r3, [r4, #30]
10002778:	2300      	movs	r3, #0
1000277a:	8263      	strh	r3, [r4, #18]
1000277c:	e6ef      	b.n	1000255e <stationStateCtrl+0x4e>
1000277e:	2800      	cmp	r0, #0
10002780:	d000      	beq.n	10002784 <stationStateCtrl+0x274>
10002782:	e6e2      	b.n	1000254a <stationStateCtrl+0x3a>
10002784:	2396      	movs	r3, #150	@ 0x96
10002786:	8a22      	ldrh	r2, [r4, #16]
10002788:	005b      	lsls	r3, r3, #1
1000278a:	429a      	cmp	r2, r3
1000278c:	d800      	bhi.n	10002790 <stationStateCtrl+0x280>
1000278e:	e086      	b.n	1000289e <stationStateCtrl+0x38e>
10002790:	3b2c      	subs	r3, #44	@ 0x2c
10002792:	3bff      	subs	r3, #255	@ 0xff
10002794:	77a3      	strb	r3, [r4, #30]
10002796:	33ff      	adds	r3, #255	@ 0xff
10002798:	8163      	strh	r3, [r4, #10]
1000279a:	8220      	strh	r0, [r4, #16]
1000279c:	e6df      	b.n	1000255e <stationStateCtrl+0x4e>
1000279e:	230f      	movs	r3, #15
100027a0:	77a3      	strb	r3, [r4, #30]
100027a2:	33f1      	adds	r3, #241	@ 0xf1
100027a4:	8163      	strh	r3, [r4, #10]
100027a6:	e6da      	b.n	1000255e <stationStateCtrl+0x4e>
100027a8:	2311      	movs	r3, #17
100027aa:	77a3      	strb	r3, [r4, #30]
100027ac:	33ef      	adds	r3, #239	@ 0xef
100027ae:	8163      	strh	r3, [r4, #10]
100027b0:	e6d5      	b.n	1000255e <stationStateCtrl+0x4e>
100027b2:	2800      	cmp	r0, #0
100027b4:	d000      	beq.n	100027b8 <stationStateCtrl+0x2a8>
100027b6:	e6c8      	b.n	1000254a <stationStateCtrl+0x3a>
100027b8:	2396      	movs	r3, #150	@ 0x96
100027ba:	8a22      	ldrh	r2, [r4, #16]
100027bc:	005b      	lsls	r3, r3, #1
100027be:	429a      	cmp	r2, r3
100027c0:	d959      	bls.n	10002876 <stationStateCtrl+0x366>
100027c2:	3b1f      	subs	r3, #31
100027c4:	3bff      	subs	r3, #255	@ 0xff
100027c6:	77a3      	strb	r3, [r4, #30]
100027c8:	33f2      	adds	r3, #242	@ 0xf2
100027ca:	8163      	strh	r3, [r4, #10]
100027cc:	8220      	strh	r0, [r4, #16]
100027ce:	e6c6      	b.n	1000255e <stationStateCtrl+0x4e>
100027d0:	230b      	movs	r3, #11
100027d2:	77a3      	strb	r3, [r4, #30]
100027d4:	33f5      	adds	r3, #245	@ 0xf5
100027d6:	8163      	strh	r3, [r4, #10]
100027d8:	2300      	movs	r3, #0
100027da:	8263      	strh	r3, [r4, #18]
100027dc:	e6bf      	b.n	1000255e <stationStateCtrl+0x4e>
100027de:	2305      	movs	r3, #5
100027e0:	77a3      	strb	r3, [r4, #30]
100027e2:	33fb      	adds	r3, #251	@ 0xfb
100027e4:	8163      	strh	r3, [r4, #10]
100027e6:	2300      	movs	r3, #0
100027e8:	8223      	strh	r3, [r4, #16]
100027ea:	8263      	strh	r3, [r4, #18]
100027ec:	e6b7      	b.n	1000255e <stationStateCtrl+0x4e>
100027ee:	2317      	movs	r3, #23
100027f0:	77a3      	strb	r3, [r4, #30]
100027f2:	33e9      	adds	r3, #233	@ 0xe9
100027f4:	8163      	strh	r3, [r4, #10]
100027f6:	2300      	movs	r3, #0
100027f8:	8263      	strh	r3, [r4, #18]
100027fa:	e6b0      	b.n	1000255e <stationStateCtrl+0x4e>
100027fc:	22c8      	movs	r2, #200	@ 0xc8
100027fe:	7820      	ldrb	r0, [r4, #0]
10002800:	0052      	lsls	r2, r2, #1
10002802:	4293      	cmp	r3, r2
10002804:	d805      	bhi.n	10002812 <stationStateCtrl+0x302>
10002806:	f7ff fd97 	bl	10002338 <is_button_released_flag_lineno>
1000280a:	2800      	cmp	r0, #0
1000280c:	d100      	bne.n	10002810 <stationStateCtrl+0x300>
1000280e:	e6f5      	b.n	100025fc <stationStateCtrl+0xec>
10002810:	7820      	ldrb	r0, [r4, #0]
10002812:	2317      	movs	r3, #23
10002814:	77a3      	strb	r3, [r4, #30]
10002816:	33e9      	adds	r3, #233	@ 0xe9
10002818:	8163      	strh	r3, [r4, #10]
1000281a:	2300      	movs	r3, #0
1000281c:	8263      	strh	r3, [r4, #18]
1000281e:	f7ff fcd9 	bl	100021d4 <stopSound>
10002822:	e69c      	b.n	1000255e <stationStateCtrl+0x4e>
10002824:	20000cf7 	.word	0x20000cf7
10002828:	1005f9f4 	.word	0x1005f9f4
1000282c:	f7ff fcbc 	bl	100021a8 <isSoundStop>
10002830:	2800      	cmp	r0, #0
10002832:	d105      	bne.n	10002840 <stationStateCtrl+0x330>
10002834:	7820      	ldrb	r0, [r4, #0]
10002836:	f7ff fd7f 	bl	10002338 <is_button_released_flag_lineno>
1000283a:	2800      	cmp	r0, #0
1000283c:	d100      	bne.n	10002840 <stationStateCtrl+0x330>
1000283e:	e68e      	b.n	1000255e <stationStateCtrl+0x4e>
10002840:	231b      	movs	r3, #27
10002842:	77a3      	strb	r3, [r4, #30]
10002844:	2300      	movs	r3, #0
10002846:	7820      	ldrb	r0, [r4, #0]
10002848:	8223      	strh	r3, [r4, #16]
1000284a:	f7ff fda1 	bl	10002390 <clear_button_released_flag_lineno>
1000284e:	e686      	b.n	1000255e <stationStateCtrl+0x4e>
10002850:	22c8      	movs	r2, #200	@ 0xc8
10002852:	7820      	ldrb	r0, [r4, #0]
10002854:	0052      	lsls	r2, r2, #1
10002856:	4293      	cmp	r3, r2
10002858:	d8db      	bhi.n	10002812 <stationStateCtrl+0x302>
1000285a:	f7ff fd6d 	bl	10002338 <is_button_released_flag_lineno>
1000285e:	2800      	cmp	r0, #0
10002860:	d100      	bne.n	10002864 <stationStateCtrl+0x354>
10002862:	e6f4      	b.n	1000264e <stationStateCtrl+0x13e>
10002864:	e7d4      	b.n	10002810 <stationStateCtrl+0x300>
10002866:	8a63      	ldrh	r3, [r4, #18]
10002868:	2b64      	cmp	r3, #100	@ 0x64
1000286a:	d800      	bhi.n	1000286e <stationStateCtrl+0x35e>
1000286c:	e677      	b.n	1000255e <stationStateCtrl+0x4e>
1000286e:	2308      	movs	r3, #8
10002870:	8260      	strh	r0, [r4, #18]
10002872:	77a3      	strb	r3, [r4, #30]
10002874:	e673      	b.n	1000255e <stationStateCtrl+0x4e>
10002876:	8a63      	ldrh	r3, [r4, #18]
10002878:	2b64      	cmp	r3, #100	@ 0x64
1000287a:	d800      	bhi.n	1000287e <stationStateCtrl+0x36e>
1000287c:	e66f      	b.n	1000255e <stationStateCtrl+0x4e>
1000287e:	230c      	movs	r3, #12
10002880:	77a3      	strb	r3, [r4, #30]
10002882:	33f4      	adds	r3, #244	@ 0xf4
10002884:	8163      	strh	r3, [r4, #10]
10002886:	8260      	strh	r0, [r4, #18]
10002888:	e669      	b.n	1000255e <stationStateCtrl+0x4e>
1000288a:	8a63      	ldrh	r3, [r4, #18]
1000288c:	2b64      	cmp	r3, #100	@ 0x64
1000288e:	d800      	bhi.n	10002892 <stationStateCtrl+0x382>
10002890:	e665      	b.n	1000255e <stationStateCtrl+0x4e>
10002892:	230e      	movs	r3, #14
10002894:	77a3      	strb	r3, [r4, #30]
10002896:	33f2      	adds	r3, #242	@ 0xf2
10002898:	8163      	strh	r3, [r4, #10]
1000289a:	8260      	strh	r0, [r4, #18]
1000289c:	e65f      	b.n	1000255e <stationStateCtrl+0x4e>
1000289e:	8a63      	ldrh	r3, [r4, #18]
100028a0:	2b64      	cmp	r3, #100	@ 0x64
100028a2:	d800      	bhi.n	100028a6 <stationStateCtrl+0x396>
100028a4:	e65b      	b.n	1000255e <stationStateCtrl+0x4e>
100028a6:	2310      	movs	r3, #16
100028a8:	77a3      	strb	r3, [r4, #30]
100028aa:	33f0      	adds	r3, #240	@ 0xf0
100028ac:	8163      	strh	r3, [r4, #10]
100028ae:	8260      	strh	r0, [r4, #18]
100028b0:	e655      	b.n	1000255e <stationStateCtrl+0x4e>
100028b2:	8a63      	ldrh	r3, [r4, #18]
100028b4:	2b64      	cmp	r3, #100	@ 0x64
100028b6:	d800      	bhi.n	100028ba <stationStateCtrl+0x3aa>
100028b8:	e651      	b.n	1000255e <stationStateCtrl+0x4e>
100028ba:	2306      	movs	r3, #6
100028bc:	8260      	strh	r0, [r4, #18]
100028be:	77a3      	strb	r3, [r4, #30]
100028c0:	e64d      	b.n	1000255e <stationStateCtrl+0x4e>
100028c2:	8a63      	ldrh	r3, [r4, #18]
100028c4:	2b64      	cmp	r3, #100	@ 0x64
100028c6:	d800      	bhi.n	100028ca <stationStateCtrl+0x3ba>
100028c8:	e649      	b.n	1000255e <stationStateCtrl+0x4e>
100028ca:	230a      	movs	r3, #10
100028cc:	77a3      	strb	r3, [r4, #30]
100028ce:	33f6      	adds	r3, #246	@ 0xf6
100028d0:	8163      	strh	r3, [r4, #10]
100028d2:	8260      	strh	r0, [r4, #18]
100028d4:	e643      	b.n	1000255e <stationStateCtrl+0x4e>
100028d6:	7820      	ldrb	r0, [r4, #0]
100028d8:	f7ff fd2e 	bl	10002338 <is_button_released_flag_lineno>
100028dc:	2800      	cmp	r0, #0
100028de:	d100      	bne.n	100028e2 <stationStateCtrl+0x3d2>
100028e0:	e63d      	b.n	1000255e <stationStateCtrl+0x4e>
100028e2:	2319      	movs	r3, #25
100028e4:	77a3      	strb	r3, [r4, #30]
100028e6:	33e7      	adds	r3, #231	@ 0xe7
100028e8:	7820      	ldrb	r0, [r4, #0]
100028ea:	8163      	strh	r3, [r4, #10]
100028ec:	8265      	strh	r5, [r4, #18]
100028ee:	f7ff fd4f 	bl	10002390 <clear_button_released_flag_lineno>
100028f2:	e634      	b.n	1000255e <stationStateCtrl+0x4e>

100028f4 <doJpDualDisplay>:
100028f4:	b570      	push	{r4, r5, r6, lr}
100028f6:	000d      	movs	r5, r1
100028f8:	0004      	movs	r4, r0
100028fa:	8b81      	ldrh	r1, [r0, #28]
100028fc:	8842      	ldrh	r2, [r0, #2]
100028fe:	008b      	lsls	r3, r1, #2
10002900:	185b      	adds	r3, r3, r1
10002902:	005b      	lsls	r3, r3, #1
10002904:	18eb      	adds	r3, r5, r3
10002906:	b082      	sub	sp, #8
10002908:	88d8      	ldrh	r0, [r3, #6]
1000290a:	2101      	movs	r1, #1
1000290c:	3230      	adds	r2, #48	@ 0x30
1000290e:	f7fe ff8d 	bl	1000182c <drawTrainType>
10002912:	8ba1      	ldrh	r1, [r4, #28]
10002914:	8862      	ldrh	r2, [r4, #2]
10002916:	008b      	lsls	r3, r1, #2
10002918:	185b      	adds	r3, r3, r1
1000291a:	005b      	lsls	r3, r3, #1
1000291c:	18eb      	adds	r3, r5, r3
1000291e:	8898      	ldrh	r0, [r3, #4]
10002920:	2101      	movs	r1, #1
10002922:	3230      	adds	r2, #48	@ 0x30
10002924:	f7fe ffb2 	bl	1000188c <drawDestination>
10002928:	8ba2      	ldrh	r2, [r4, #28]
1000292a:	8861      	ldrh	r1, [r4, #2]
1000292c:	0093      	lsls	r3, r2, #2
1000292e:	189b      	adds	r3, r3, r2
10002930:	005b      	lsls	r3, r3, #1
10002932:	18eb      	adds	r3, r5, r3
10002934:	3130      	adds	r1, #48	@ 0x30
10002936:	8ae2      	ldrh	r2, [r4, #22]
10002938:	7a18      	ldrb	r0, [r3, #8]
1000293a:	9100      	str	r1, [sp, #0]
1000293c:	7899      	ldrb	r1, [r3, #2]
1000293e:	881e      	ldrh	r6, [r3, #0]
10002940:	0409      	lsls	r1, r1, #16
10002942:	4331      	orrs	r1, r6
10002944:	2301      	movs	r3, #1
10002946:	f7fe ffdb 	bl	10001900 <drawTime>
1000294a:	8ba1      	ldrh	r1, [r4, #28]
1000294c:	8862      	ldrh	r2, [r4, #2]
1000294e:	3101      	adds	r1, #1
10002950:	008b      	lsls	r3, r1, #2
10002952:	185b      	adds	r3, r3, r1
10002954:	005b      	lsls	r3, r3, #1
10002956:	18eb      	adds	r3, r5, r3
10002958:	88d8      	ldrh	r0, [r3, #6]
1000295a:	2101      	movs	r1, #1
1000295c:	3248      	adds	r2, #72	@ 0x48
1000295e:	f7fe ff65 	bl	1000182c <drawTrainType>
10002962:	8ba1      	ldrh	r1, [r4, #28]
10002964:	8862      	ldrh	r2, [r4, #2]
10002966:	3101      	adds	r1, #1
10002968:	008b      	lsls	r3, r1, #2
1000296a:	185b      	adds	r3, r3, r1
1000296c:	005b      	lsls	r3, r3, #1
1000296e:	18eb      	adds	r3, r5, r3
10002970:	8898      	ldrh	r0, [r3, #4]
10002972:	2101      	movs	r1, #1
10002974:	3248      	adds	r2, #72	@ 0x48
10002976:	f7fe ff89 	bl	1000188c <drawDestination>
1000297a:	8ba2      	ldrh	r2, [r4, #28]
1000297c:	3201      	adds	r2, #1
1000297e:	0093      	lsls	r3, r2, #2
10002980:	189b      	adds	r3, r3, r2
10002982:	005b      	lsls	r3, r3, #1
10002984:	18ed      	adds	r5, r5, r3
10002986:	8863      	ldrh	r3, [r4, #2]
10002988:	8b22      	ldrh	r2, [r4, #24]
1000298a:	3348      	adds	r3, #72	@ 0x48
1000298c:	7a28      	ldrb	r0, [r5, #8]
1000298e:	9300      	str	r3, [sp, #0]
10002990:	78a9      	ldrb	r1, [r5, #2]
10002992:	882b      	ldrh	r3, [r5, #0]
10002994:	0409      	lsls	r1, r1, #16
10002996:	4319      	orrs	r1, r3
10002998:	2301      	movs	r3, #1
1000299a:	f7fe ffb1 	bl	10001900 <drawTime>
1000299e:	b002      	add	sp, #8
100029a0:	bd70      	pop	{r4, r5, r6, pc}
100029a2:	46c0      	nop			@ (mov r8, r8)

100029a4 <doEnDualDisplay>:
100029a4:	b570      	push	{r4, r5, r6, lr}
100029a6:	000d      	movs	r5, r1
100029a8:	0004      	movs	r4, r0
100029aa:	8b81      	ldrh	r1, [r0, #28]
100029ac:	8842      	ldrh	r2, [r0, #2]
100029ae:	008b      	lsls	r3, r1, #2
100029b0:	185b      	adds	r3, r3, r1
100029b2:	005b      	lsls	r3, r3, #1
100029b4:	18eb      	adds	r3, r5, r3
100029b6:	b082      	sub	sp, #8
100029b8:	88d8      	ldrh	r0, [r3, #6]
100029ba:	2100      	movs	r1, #0
100029bc:	3230      	adds	r2, #48	@ 0x30
100029be:	f7fe ff35 	bl	1000182c <drawTrainType>
100029c2:	8ba1      	ldrh	r1, [r4, #28]
100029c4:	8862      	ldrh	r2, [r4, #2]
100029c6:	008b      	lsls	r3, r1, #2
100029c8:	185b      	adds	r3, r3, r1
100029ca:	005b      	lsls	r3, r3, #1
100029cc:	18eb      	adds	r3, r5, r3
100029ce:	8898      	ldrh	r0, [r3, #4]
100029d0:	2100      	movs	r1, #0
100029d2:	3230      	adds	r2, #48	@ 0x30
100029d4:	f7fe ff5a 	bl	1000188c <drawDestination>
100029d8:	8ba2      	ldrh	r2, [r4, #28]
100029da:	8861      	ldrh	r1, [r4, #2]
100029dc:	0093      	lsls	r3, r2, #2
100029de:	189b      	adds	r3, r3, r2
100029e0:	005b      	lsls	r3, r3, #1
100029e2:	18eb      	adds	r3, r5, r3
100029e4:	3130      	adds	r1, #48	@ 0x30
100029e6:	8ae2      	ldrh	r2, [r4, #22]
100029e8:	7a18      	ldrb	r0, [r3, #8]
100029ea:	9100      	str	r1, [sp, #0]
100029ec:	7899      	ldrb	r1, [r3, #2]
100029ee:	881e      	ldrh	r6, [r3, #0]
100029f0:	0409      	lsls	r1, r1, #16
100029f2:	4331      	orrs	r1, r6
100029f4:	2300      	movs	r3, #0
100029f6:	f7fe ff83 	bl	10001900 <drawTime>
100029fa:	8ba1      	ldrh	r1, [r4, #28]
100029fc:	8862      	ldrh	r2, [r4, #2]
100029fe:	3101      	adds	r1, #1
10002a00:	008b      	lsls	r3, r1, #2
10002a02:	185b      	adds	r3, r3, r1
10002a04:	005b      	lsls	r3, r3, #1
10002a06:	18eb      	adds	r3, r5, r3
10002a08:	88d8      	ldrh	r0, [r3, #6]
10002a0a:	2100      	movs	r1, #0
10002a0c:	3248      	adds	r2, #72	@ 0x48
10002a0e:	f7fe ff0d 	bl	1000182c <drawTrainType>
10002a12:	8ba1      	ldrh	r1, [r4, #28]
10002a14:	8862      	ldrh	r2, [r4, #2]
10002a16:	3101      	adds	r1, #1
10002a18:	008b      	lsls	r3, r1, #2
10002a1a:	185b      	adds	r3, r3, r1
10002a1c:	005b      	lsls	r3, r3, #1
10002a1e:	18eb      	adds	r3, r5, r3
10002a20:	8898      	ldrh	r0, [r3, #4]
10002a22:	2100      	movs	r1, #0
10002a24:	3248      	adds	r2, #72	@ 0x48
10002a26:	f7fe ff31 	bl	1000188c <drawDestination>
10002a2a:	8ba2      	ldrh	r2, [r4, #28]
10002a2c:	8861      	ldrh	r1, [r4, #2]
10002a2e:	3201      	adds	r2, #1
10002a30:	0093      	lsls	r3, r2, #2
10002a32:	189b      	adds	r3, r3, r2
10002a34:	005b      	lsls	r3, r3, #1
10002a36:	18eb      	adds	r3, r5, r3
10002a38:	3148      	adds	r1, #72	@ 0x48
10002a3a:	8b22      	ldrh	r2, [r4, #24]
10002a3c:	7a18      	ldrb	r0, [r3, #8]
10002a3e:	9100      	str	r1, [sp, #0]
10002a40:	7899      	ldrb	r1, [r3, #2]
10002a42:	881e      	ldrh	r6, [r3, #0]
10002a44:	0409      	lsls	r1, r1, #16
10002a46:	4331      	orrs	r1, r6
10002a48:	2300      	movs	r3, #0
10002a4a:	f7fe ff59 	bl	10001900 <drawTime>
10002a4e:	8ba2      	ldrh	r2, [r4, #28]
10002a50:	4807      	ldr	r0, [pc, #28]	@ (10002a70 <doEnDualDisplay+0xcc>)
10002a52:	0093      	lsls	r3, r2, #2
10002a54:	189b      	adds	r3, r3, r2
10002a56:	005b      	lsls	r3, r3, #1
10002a58:	18e9      	adds	r1, r5, r3
10002a5a:	330a      	adds	r3, #10
10002a5c:	18ed      	adds	r5, r5, r3
10002a5e:	88ec      	ldrh	r4, [r5, #6]
10002a60:	88cb      	ldrh	r3, [r1, #6]
10002a62:	88aa      	ldrh	r2, [r5, #4]
10002a64:	8889      	ldrh	r1, [r1, #4]
10002a66:	9400      	str	r4, [sp, #0]
10002a68:	f004 f8e6 	bl	10006c38 <__wrap_printf>
10002a6c:	b002      	add	sp, #8
10002a6e:	bd70      	pop	{r4, r5, r6, pc}
10002a70:	10007228 	.word	0x10007228

10002a74 <doJpMapDisplay>:
10002a74:	b530      	push	{r4, r5, lr}
10002a76:	000d      	movs	r5, r1
10002a78:	0004      	movs	r4, r0
10002a7a:	8b81      	ldrh	r1, [r0, #28]
10002a7c:	8842      	ldrh	r2, [r0, #2]
10002a7e:	008b      	lsls	r3, r1, #2
10002a80:	185b      	adds	r3, r3, r1
10002a82:	005b      	lsls	r3, r3, #1
10002a84:	18eb      	adds	r3, r5, r3
10002a86:	b083      	sub	sp, #12
10002a88:	88d8      	ldrh	r0, [r3, #6]
10002a8a:	2101      	movs	r1, #1
10002a8c:	3230      	adds	r2, #48	@ 0x30
10002a8e:	f7fe fecd 	bl	1000182c <drawTrainType>
10002a92:	8ba1      	ldrh	r1, [r4, #28]
10002a94:	8862      	ldrh	r2, [r4, #2]
10002a96:	008b      	lsls	r3, r1, #2
10002a98:	185b      	adds	r3, r3, r1
10002a9a:	005b      	lsls	r3, r3, #1
10002a9c:	18eb      	adds	r3, r5, r3
10002a9e:	8898      	ldrh	r0, [r3, #4]
10002aa0:	2101      	movs	r1, #1
10002aa2:	3230      	adds	r2, #48	@ 0x30
10002aa4:	f7fe fef2 	bl	1000188c <drawDestination>
10002aa8:	8ba2      	ldrh	r2, [r4, #28]
10002aaa:	0093      	lsls	r3, r2, #2
10002aac:	189b      	adds	r3, r3, r2
10002aae:	005b      	lsls	r3, r3, #1
10002ab0:	18ed      	adds	r5, r5, r3
10002ab2:	8863      	ldrh	r3, [r4, #2]
10002ab4:	8ae2      	ldrh	r2, [r4, #22]
10002ab6:	3330      	adds	r3, #48	@ 0x30
10002ab8:	7a28      	ldrb	r0, [r5, #8]
10002aba:	9300      	str	r3, [sp, #0]
10002abc:	78a9      	ldrb	r1, [r5, #2]
10002abe:	882b      	ldrh	r3, [r5, #0]
10002ac0:	0409      	lsls	r1, r1, #16
10002ac2:	4319      	orrs	r1, r3
10002ac4:	2301      	movs	r3, #1
10002ac6:	f7fe ff1b 	bl	10001900 <drawTime>
10002aca:	8860      	ldrh	r0, [r4, #2]
10002acc:	8b22      	ldrh	r2, [r4, #24]
10002ace:	8ae1      	ldrh	r1, [r4, #22]
10002ad0:	3048      	adds	r0, #72	@ 0x48
10002ad2:	f7ff f897 	bl	10001c04 <drawMapInfo>
10002ad6:	b003      	add	sp, #12
10002ad8:	bd30      	pop	{r4, r5, pc}
10002ada:	46c0      	nop			@ (mov r8, r8)

10002adc <doEnMapDisplay>:
10002adc:	b530      	push	{r4, r5, lr}
10002ade:	000d      	movs	r5, r1
10002ae0:	0004      	movs	r4, r0
10002ae2:	8b81      	ldrh	r1, [r0, #28]
10002ae4:	8842      	ldrh	r2, [r0, #2]
10002ae6:	008b      	lsls	r3, r1, #2
10002ae8:	185b      	adds	r3, r3, r1
10002aea:	005b      	lsls	r3, r3, #1
10002aec:	18eb      	adds	r3, r5, r3
10002aee:	b083      	sub	sp, #12
10002af0:	88d8      	ldrh	r0, [r3, #6]
10002af2:	2100      	movs	r1, #0
10002af4:	3230      	adds	r2, #48	@ 0x30
10002af6:	f7fe fe99 	bl	1000182c <drawTrainType>
10002afa:	8ba1      	ldrh	r1, [r4, #28]
10002afc:	8862      	ldrh	r2, [r4, #2]
10002afe:	008b      	lsls	r3, r1, #2
10002b00:	185b      	adds	r3, r3, r1
10002b02:	005b      	lsls	r3, r3, #1
10002b04:	18eb      	adds	r3, r5, r3
10002b06:	8898      	ldrh	r0, [r3, #4]
10002b08:	2100      	movs	r1, #0
10002b0a:	3230      	adds	r2, #48	@ 0x30
10002b0c:	f7fe febe 	bl	1000188c <drawDestination>
10002b10:	8ba2      	ldrh	r2, [r4, #28]
10002b12:	0093      	lsls	r3, r2, #2
10002b14:	189b      	adds	r3, r3, r2
10002b16:	005b      	lsls	r3, r3, #1
10002b18:	18ed      	adds	r5, r5, r3
10002b1a:	8863      	ldrh	r3, [r4, #2]
10002b1c:	8ae2      	ldrh	r2, [r4, #22]
10002b1e:	3330      	adds	r3, #48	@ 0x30
10002b20:	7a28      	ldrb	r0, [r5, #8]
10002b22:	9300      	str	r3, [sp, #0]
10002b24:	78a9      	ldrb	r1, [r5, #2]
10002b26:	882b      	ldrh	r3, [r5, #0]
10002b28:	0409      	lsls	r1, r1, #16
10002b2a:	4319      	orrs	r1, r3
10002b2c:	2300      	movs	r3, #0
10002b2e:	f7fe fee7 	bl	10001900 <drawTime>
10002b32:	8860      	ldrh	r0, [r4, #2]
10002b34:	8b22      	ldrh	r2, [r4, #24]
10002b36:	8ae1      	ldrh	r1, [r4, #22]
10002b38:	3048      	adds	r0, #72	@ 0x48
10002b3a:	f7ff f863 	bl	10001c04 <drawMapInfo>
10002b3e:	b003      	add	sp, #12
10002b40:	bd30      	pop	{r4, r5, pc}
10002b42:	46c0      	nop			@ (mov r8, r8)

10002b44 <doJpApproachingDisplay>:
10002b44:	b530      	push	{r4, r5, lr}
10002b46:	000d      	movs	r5, r1
10002b48:	0004      	movs	r4, r0
10002b4a:	8b81      	ldrh	r1, [r0, #28]
10002b4c:	8842      	ldrh	r2, [r0, #2]
10002b4e:	008b      	lsls	r3, r1, #2
10002b50:	185b      	adds	r3, r3, r1
10002b52:	005b      	lsls	r3, r3, #1
10002b54:	18eb      	adds	r3, r5, r3
10002b56:	88d8      	ldrh	r0, [r3, #6]
10002b58:	2101      	movs	r1, #1
10002b5a:	b083      	sub	sp, #12
10002b5c:	3230      	adds	r2, #48	@ 0x30
10002b5e:	f7fe fe65 	bl	1000182c <drawTrainType>
10002b62:	8ba1      	ldrh	r1, [r4, #28]
10002b64:	8862      	ldrh	r2, [r4, #2]
10002b66:	008b      	lsls	r3, r1, #2
10002b68:	185b      	adds	r3, r3, r1
10002b6a:	005b      	lsls	r3, r3, #1
10002b6c:	18eb      	adds	r3, r5, r3
10002b6e:	8898      	ldrh	r0, [r3, #4]
10002b70:	3230      	adds	r2, #48	@ 0x30
10002b72:	2101      	movs	r1, #1
10002b74:	f7fe fe8a 	bl	1000188c <drawDestination>
10002b78:	8ba2      	ldrh	r2, [r4, #28]
10002b7a:	0093      	lsls	r3, r2, #2
10002b7c:	189b      	adds	r3, r3, r2
10002b7e:	005b      	lsls	r3, r3, #1
10002b80:	18ed      	adds	r5, r5, r3
10002b82:	7a2b      	ldrb	r3, [r5, #8]
10002b84:	2b00      	cmp	r3, #0
10002b86:	d01a      	beq.n	10002bbe <doJpApproachingDisplay+0x7a>
10002b88:	2300      	movs	r3, #0
10002b8a:	8861      	ldrh	r1, [r4, #2]
10002b8c:	2248      	movs	r2, #72	@ 0x48
10002b8e:	3130      	adds	r1, #48	@ 0x30
10002b90:	9300      	str	r3, [sp, #0]
10002b92:	2048      	movs	r0, #72	@ 0x48
10002b94:	b289      	uxth	r1, r1
10002b96:	3318      	adds	r3, #24
10002b98:	f7fe f998 	bl	10000ecc <fillRectangleSt7789>
10002b9c:	2300      	movs	r3, #0
10002b9e:	8861      	ldrh	r1, [r4, #2]
10002ba0:	22f0      	movs	r2, #240	@ 0xf0
10002ba2:	3148      	adds	r1, #72	@ 0x48
10002ba4:	9300      	str	r3, [sp, #0]
10002ba6:	2000      	movs	r0, #0
10002ba8:	3318      	adds	r3, #24
10002baa:	b289      	uxth	r1, r1
10002bac:	f7fe f98e 	bl	10000ecc <fillRectangleSt7789>
10002bb0:	8860      	ldrh	r0, [r4, #2]
10002bb2:	2101      	movs	r1, #1
10002bb4:	3048      	adds	r0, #72	@ 0x48
10002bb6:	f7ff f88f 	bl	10001cd8 <drawApproaching>
10002bba:	b003      	add	sp, #12
10002bbc:	bd30      	pop	{r4, r5, pc}
10002bbe:	8863      	ldrh	r3, [r4, #2]
10002bc0:	8ae2      	ldrh	r2, [r4, #22]
10002bc2:	3330      	adds	r3, #48	@ 0x30
10002bc4:	9300      	str	r3, [sp, #0]
10002bc6:	78a9      	ldrb	r1, [r5, #2]
10002bc8:	882b      	ldrh	r3, [r5, #0]
10002bca:	0409      	lsls	r1, r1, #16
10002bcc:	4319      	orrs	r1, r3
10002bce:	2000      	movs	r0, #0
10002bd0:	2301      	movs	r3, #1
10002bd2:	f7fe fe95 	bl	10001900 <drawTime>
10002bd6:	e7e1      	b.n	10002b9c <doJpApproachingDisplay+0x58>

10002bd8 <doEnApproachingDisplay>:
10002bd8:	b530      	push	{r4, r5, lr}
10002bda:	000d      	movs	r5, r1
10002bdc:	0004      	movs	r4, r0
10002bde:	8b81      	ldrh	r1, [r0, #28]
10002be0:	8842      	ldrh	r2, [r0, #2]
10002be2:	008b      	lsls	r3, r1, #2
10002be4:	185b      	adds	r3, r3, r1
10002be6:	005b      	lsls	r3, r3, #1
10002be8:	18eb      	adds	r3, r5, r3
10002bea:	88d8      	ldrh	r0, [r3, #6]
10002bec:	2100      	movs	r1, #0
10002bee:	b083      	sub	sp, #12
10002bf0:	3230      	adds	r2, #48	@ 0x30
10002bf2:	f7fe fe1b 	bl	1000182c <drawTrainType>
10002bf6:	8ba1      	ldrh	r1, [r4, #28]
10002bf8:	8862      	ldrh	r2, [r4, #2]
10002bfa:	008b      	lsls	r3, r1, #2
10002bfc:	185b      	adds	r3, r3, r1
10002bfe:	005b      	lsls	r3, r3, #1
10002c00:	18eb      	adds	r3, r5, r3
10002c02:	8898      	ldrh	r0, [r3, #4]
10002c04:	3230      	adds	r2, #48	@ 0x30
10002c06:	2100      	movs	r1, #0
10002c08:	f7fe fe40 	bl	1000188c <drawDestination>
10002c0c:	8ba2      	ldrh	r2, [r4, #28]
10002c0e:	0093      	lsls	r3, r2, #2
10002c10:	189b      	adds	r3, r3, r2
10002c12:	005b      	lsls	r3, r3, #1
10002c14:	18ed      	adds	r5, r5, r3
10002c16:	7a2b      	ldrb	r3, [r5, #8]
10002c18:	2b00      	cmp	r3, #0
10002c1a:	d01a      	beq.n	10002c52 <doEnApproachingDisplay+0x7a>
10002c1c:	2300      	movs	r3, #0
10002c1e:	8861      	ldrh	r1, [r4, #2]
10002c20:	2248      	movs	r2, #72	@ 0x48
10002c22:	3130      	adds	r1, #48	@ 0x30
10002c24:	9300      	str	r3, [sp, #0]
10002c26:	2048      	movs	r0, #72	@ 0x48
10002c28:	b289      	uxth	r1, r1
10002c2a:	3318      	adds	r3, #24
10002c2c:	f7fe f94e 	bl	10000ecc <fillRectangleSt7789>
10002c30:	2300      	movs	r3, #0
10002c32:	8861      	ldrh	r1, [r4, #2]
10002c34:	22f0      	movs	r2, #240	@ 0xf0
10002c36:	3148      	adds	r1, #72	@ 0x48
10002c38:	9300      	str	r3, [sp, #0]
10002c3a:	2000      	movs	r0, #0
10002c3c:	3318      	adds	r3, #24
10002c3e:	b289      	uxth	r1, r1
10002c40:	f7fe f944 	bl	10000ecc <fillRectangleSt7789>
10002c44:	8860      	ldrh	r0, [r4, #2]
10002c46:	2100      	movs	r1, #0
10002c48:	3048      	adds	r0, #72	@ 0x48
10002c4a:	f7ff f845 	bl	10001cd8 <drawApproaching>
10002c4e:	b003      	add	sp, #12
10002c50:	bd30      	pop	{r4, r5, pc}
10002c52:	8863      	ldrh	r3, [r4, #2]
10002c54:	8ae2      	ldrh	r2, [r4, #22]
10002c56:	3330      	adds	r3, #48	@ 0x30
10002c58:	9300      	str	r3, [sp, #0]
10002c5a:	78a9      	ldrb	r1, [r5, #2]
10002c5c:	882b      	ldrh	r3, [r5, #0]
10002c5e:	0409      	lsls	r1, r1, #16
10002c60:	4319      	orrs	r1, r3
10002c62:	2000      	movs	r0, #0
10002c64:	2300      	movs	r3, #0
10002c66:	f7fe fe4b 	bl	10001900 <drawTime>
10002c6a:	e7e1      	b.n	10002c30 <doEnApproachingDisplay+0x58>

10002c6c <doJpSingleLineDisplay>:
10002c6c:	b530      	push	{r4, r5, lr}
10002c6e:	000d      	movs	r5, r1
10002c70:	0004      	movs	r4, r0
10002c72:	8b81      	ldrh	r1, [r0, #28]
10002c74:	8842      	ldrh	r2, [r0, #2]
10002c76:	008b      	lsls	r3, r1, #2
10002c78:	185b      	adds	r3, r3, r1
10002c7a:	005b      	lsls	r3, r3, #1
10002c7c:	18eb      	adds	r3, r5, r3
10002c7e:	88d8      	ldrh	r0, [r3, #6]
10002c80:	2101      	movs	r1, #1
10002c82:	b083      	sub	sp, #12
10002c84:	3230      	adds	r2, #48	@ 0x30
10002c86:	f7fe fdd1 	bl	1000182c <drawTrainType>
10002c8a:	8ba1      	ldrh	r1, [r4, #28]
10002c8c:	8862      	ldrh	r2, [r4, #2]
10002c8e:	008b      	lsls	r3, r1, #2
10002c90:	185b      	adds	r3, r3, r1
10002c92:	005b      	lsls	r3, r3, #1
10002c94:	18eb      	adds	r3, r5, r3
10002c96:	8898      	ldrh	r0, [r3, #4]
10002c98:	3230      	adds	r2, #48	@ 0x30
10002c9a:	2101      	movs	r1, #1
10002c9c:	f7fe fdf6 	bl	1000188c <drawDestination>
10002ca0:	8ba2      	ldrh	r2, [r4, #28]
10002ca2:	0093      	lsls	r3, r2, #2
10002ca4:	189b      	adds	r3, r3, r2
10002ca6:	005b      	lsls	r3, r3, #1
10002ca8:	18ed      	adds	r5, r5, r3
10002caa:	7a2b      	ldrb	r3, [r5, #8]
10002cac:	2b00      	cmp	r3, #0
10002cae:	d018      	beq.n	10002ce2 <doJpSingleLineDisplay+0x76>
10002cb0:	2300      	movs	r3, #0
10002cb2:	8861      	ldrh	r1, [r4, #2]
10002cb4:	2248      	movs	r2, #72	@ 0x48
10002cb6:	3130      	adds	r1, #48	@ 0x30
10002cb8:	9300      	str	r3, [sp, #0]
10002cba:	2048      	movs	r0, #72	@ 0x48
10002cbc:	b289      	uxth	r1, r1
10002cbe:	3318      	adds	r3, #24
10002cc0:	f7fe f904 	bl	10000ecc <fillRectangleSt7789>
10002cc4:	2300      	movs	r3, #0
10002cc6:	8861      	ldrh	r1, [r4, #2]
10002cc8:	22f0      	movs	r2, #240	@ 0xf0
10002cca:	3148      	adds	r1, #72	@ 0x48
10002ccc:	b289      	uxth	r1, r1
10002cce:	9300      	str	r3, [sp, #0]
10002cd0:	2000      	movs	r0, #0
10002cd2:	3318      	adds	r3, #24
10002cd4:	f7fe f8fa 	bl	10000ecc <fillRectangleSt7789>
10002cd8:	7820      	ldrb	r0, [r4, #0]
10002cda:	f7ff fa7b 	bl	100021d4 <stopSound>
10002cde:	b003      	add	sp, #12
10002ce0:	bd30      	pop	{r4, r5, pc}
10002ce2:	8863      	ldrh	r3, [r4, #2]
10002ce4:	8ae2      	ldrh	r2, [r4, #22]
10002ce6:	3330      	adds	r3, #48	@ 0x30
10002ce8:	9300      	str	r3, [sp, #0]
10002cea:	78a9      	ldrb	r1, [r5, #2]
10002cec:	882b      	ldrh	r3, [r5, #0]
10002cee:	0409      	lsls	r1, r1, #16
10002cf0:	4319      	orrs	r1, r3
10002cf2:	2000      	movs	r0, #0
10002cf4:	2301      	movs	r3, #1
10002cf6:	f7fe fe03 	bl	10001900 <drawTime>
10002cfa:	e7e3      	b.n	10002cc4 <doJpSingleLineDisplay+0x58>

10002cfc <doStateWork>:
10002cfc:	b530      	push	{r4, r5, lr}
10002cfe:	7f83      	ldrb	r3, [r0, #30]
10002d00:	0004      	movs	r4, r0
10002d02:	000d      	movs	r5, r1
10002d04:	b085      	sub	sp, #20
10002d06:	2b1d      	cmp	r3, #29
10002d08:	d805      	bhi.n	10002d16 <doStateWork+0x1a>
10002d0a:	4a68      	ldr	r2, [pc, #416]	@ (10002eac <doStateWork+0x1b0>)
10002d0c:	009b      	lsls	r3, r3, #2
10002d0e:	58d3      	ldr	r3, [r2, r3]
10002d10:	469f      	mov	pc, r3
10002d12:	f7ff fdef 	bl	100028f4 <doJpDualDisplay>
10002d16:	b005      	add	sp, #20
10002d18:	bd30      	pop	{r4, r5, pc}
10002d1a:	f7ff fe43 	bl	100029a4 <doEnDualDisplay>
10002d1e:	e7fa      	b.n	10002d16 <doStateWork+0x1a>
10002d20:	8b81      	ldrh	r1, [r0, #28]
10002d22:	8842      	ldrh	r2, [r0, #2]
10002d24:	008b      	lsls	r3, r1, #2
10002d26:	185b      	adds	r3, r3, r1
10002d28:	005b      	lsls	r3, r3, #1
10002d2a:	18eb      	adds	r3, r5, r3
10002d2c:	88d8      	ldrh	r0, [r3, #6]
10002d2e:	2101      	movs	r1, #1
10002d30:	3230      	adds	r2, #48	@ 0x30
10002d32:	f7fe fd7b 	bl	1000182c <drawTrainType>
10002d36:	8ba1      	ldrh	r1, [r4, #28]
10002d38:	8862      	ldrh	r2, [r4, #2]
10002d3a:	008b      	lsls	r3, r1, #2
10002d3c:	185b      	adds	r3, r3, r1
10002d3e:	005b      	lsls	r3, r3, #1
10002d40:	18eb      	adds	r3, r5, r3
10002d42:	8898      	ldrh	r0, [r3, #4]
10002d44:	2101      	movs	r1, #1
10002d46:	3230      	adds	r2, #48	@ 0x30
10002d48:	f7fe fda0 	bl	1000188c <drawDestination>
10002d4c:	8ba2      	ldrh	r2, [r4, #28]
10002d4e:	8861      	ldrh	r1, [r4, #2]
10002d50:	0093      	lsls	r3, r2, #2
10002d52:	189b      	adds	r3, r3, r2
10002d54:	005b      	lsls	r3, r3, #1
10002d56:	18eb      	adds	r3, r5, r3
10002d58:	3130      	adds	r1, #48	@ 0x30
10002d5a:	8ae2      	ldrh	r2, [r4, #22]
10002d5c:	7a18      	ldrb	r0, [r3, #8]
10002d5e:	9100      	str	r1, [sp, #0]
10002d60:	7899      	ldrb	r1, [r3, #2]
10002d62:	881c      	ldrh	r4, [r3, #0]
10002d64:	0409      	lsls	r1, r1, #16
10002d66:	2301      	movs	r3, #1
10002d68:	4321      	orrs	r1, r4
10002d6a:	f7fe fdc9 	bl	10001900 <drawTime>
10002d6e:	e7d2      	b.n	10002d16 <doStateWork+0x1a>
10002d70:	8b81      	ldrh	r1, [r0, #28]
10002d72:	8842      	ldrh	r2, [r0, #2]
10002d74:	008b      	lsls	r3, r1, #2
10002d76:	185b      	adds	r3, r3, r1
10002d78:	005b      	lsls	r3, r3, #1
10002d7a:	18eb      	adds	r3, r5, r3
10002d7c:	88d8      	ldrh	r0, [r3, #6]
10002d7e:	2100      	movs	r1, #0
10002d80:	3230      	adds	r2, #48	@ 0x30
10002d82:	f7fe fd53 	bl	1000182c <drawTrainType>
10002d86:	8ba1      	ldrh	r1, [r4, #28]
10002d88:	8862      	ldrh	r2, [r4, #2]
10002d8a:	008b      	lsls	r3, r1, #2
10002d8c:	185b      	adds	r3, r3, r1
10002d8e:	005b      	lsls	r3, r3, #1
10002d90:	18eb      	adds	r3, r5, r3
10002d92:	8898      	ldrh	r0, [r3, #4]
10002d94:	2100      	movs	r1, #0
10002d96:	3230      	adds	r2, #48	@ 0x30
10002d98:	f7fe fd78 	bl	1000188c <drawDestination>
10002d9c:	8ba2      	ldrh	r2, [r4, #28]
10002d9e:	8861      	ldrh	r1, [r4, #2]
10002da0:	0093      	lsls	r3, r2, #2
10002da2:	189b      	adds	r3, r3, r2
10002da4:	005b      	lsls	r3, r3, #1
10002da6:	18eb      	adds	r3, r5, r3
10002da8:	3130      	adds	r1, #48	@ 0x30
10002daa:	8ae2      	ldrh	r2, [r4, #22]
10002dac:	7a18      	ldrb	r0, [r3, #8]
10002dae:	9100      	str	r1, [sp, #0]
10002db0:	7899      	ldrb	r1, [r3, #2]
10002db2:	881c      	ldrh	r4, [r3, #0]
10002db4:	0409      	lsls	r1, r1, #16
10002db6:	2300      	movs	r3, #0
10002db8:	4321      	orrs	r1, r4
10002dba:	f7fe fda1 	bl	10001900 <drawTime>
10002dbe:	e7aa      	b.n	10002d16 <doStateWork+0x1a>
10002dc0:	f7ff fe58 	bl	10002a74 <doJpMapDisplay>
10002dc4:	e7a7      	b.n	10002d16 <doStateWork+0x1a>
10002dc6:	f7ff fe89 	bl	10002adc <doEnMapDisplay>
10002dca:	e7a4      	b.n	10002d16 <doStateWork+0x1a>
10002dcc:	7800      	ldrb	r0, [r0, #0]
10002dce:	f7ff f97d 	bl	100020cc <announceTrainApproach>
10002dd2:	e7a0      	b.n	10002d16 <doStateWork+0x1a>
10002dd4:	f7ff feb6 	bl	10002b44 <doJpApproachingDisplay>
10002dd8:	e79d      	b.n	10002d16 <doStateWork+0x1a>
10002dda:	8b81      	ldrh	r1, [r0, #28]
10002ddc:	8842      	ldrh	r2, [r0, #2]
10002dde:	008b      	lsls	r3, r1, #2
10002de0:	185b      	adds	r3, r3, r1
10002de2:	005b      	lsls	r3, r3, #1
10002de4:	18eb      	adds	r3, r5, r3
10002de6:	88d8      	ldrh	r0, [r3, #6]
10002de8:	2101      	movs	r1, #1
10002dea:	3230      	adds	r2, #48	@ 0x30
10002dec:	f7fe fd1e 	bl	1000182c <drawTrainType>
10002df0:	8ba1      	ldrh	r1, [r4, #28]
10002df2:	8862      	ldrh	r2, [r4, #2]
10002df4:	008b      	lsls	r3, r1, #2
10002df6:	185b      	adds	r3, r3, r1
10002df8:	005b      	lsls	r3, r3, #1
10002dfa:	18eb      	adds	r3, r5, r3
10002dfc:	8898      	ldrh	r0, [r3, #4]
10002dfe:	2101      	movs	r1, #1
10002e00:	3230      	adds	r2, #48	@ 0x30
10002e02:	f7fe fd43 	bl	1000188c <drawDestination>
10002e06:	8ba2      	ldrh	r2, [r4, #28]
10002e08:	8861      	ldrh	r1, [r4, #2]
10002e0a:	0093      	lsls	r3, r2, #2
10002e0c:	189b      	adds	r3, r3, r2
10002e0e:	005b      	lsls	r3, r3, #1
10002e10:	18eb      	adds	r3, r5, r3
10002e12:	3130      	adds	r1, #48	@ 0x30
10002e14:	7a18      	ldrb	r0, [r3, #8]
10002e16:	8ae2      	ldrh	r2, [r4, #22]
10002e18:	9100      	str	r1, [sp, #0]
10002e1a:	7899      	ldrb	r1, [r3, #2]
10002e1c:	881d      	ldrh	r5, [r3, #0]
10002e1e:	0409      	lsls	r1, r1, #16
10002e20:	2301      	movs	r3, #1
10002e22:	4329      	orrs	r1, r5
10002e24:	f7fe fd6c 	bl	10001900 <drawTime>
10002e28:	2301      	movs	r3, #1
10002e2a:	8163      	strh	r3, [r4, #10]
10002e2c:	e773      	b.n	10002d16 <doStateWork+0x1a>
10002e2e:	f7fe ffa5 	bl	10001d7c <getClock>
10002e32:	9003      	str	r0, [sp, #12]
10002e34:	8b23      	ldrh	r3, [r4, #24]
10002e36:	1c1a      	adds	r2, r3, #0
10002e38:	2b05      	cmp	r3, #5
10002e3a:	d835      	bhi.n	10002ea8 <doStateWork+0x1ac>
10002e3c:	8ba3      	ldrh	r3, [r4, #28]
10002e3e:	82e2      	strh	r2, [r4, #22]
10002e40:	3301      	adds	r3, #1
10002e42:	b29b      	uxth	r3, r3
10002e44:	83a3      	strh	r3, [r4, #28]
10002e46:	3301      	adds	r3, #1
10002e48:	009a      	lsls	r2, r3, #2
10002e4a:	18d3      	adds	r3, r2, r3
10002e4c:	005b      	lsls	r3, r3, #1
10002e4e:	5b5a      	ldrh	r2, [r3, r5]
10002e50:	18ed      	adds	r5, r5, r3
10002e52:	78a8      	ldrb	r0, [r5, #2]
10002e54:	9903      	ldr	r1, [sp, #12]
10002e56:	0400      	lsls	r0, r0, #16
10002e58:	4310      	orrs	r0, r2
10002e5a:	f7ff f843 	bl	10001ee4 <getTimeDifference>
10002e5e:	4b14      	ldr	r3, [pc, #80]	@ (10002eb0 <doStateWork+0x1b4>)
10002e60:	781a      	ldrb	r2, [r3, #0]
10002e62:	2307      	movs	r3, #7
10002e64:	2a00      	cmp	r2, #0
10002e66:	d003      	beq.n	10002e70 <doStateWork+0x174>
10002e68:	8ae2      	ldrh	r2, [r4, #22]
10002e6a:	4290      	cmp	r0, r2
10002e6c:	dd00      	ble.n	10002e70 <doStateWork+0x174>
10002e6e:	b283      	uxth	r3, r0
10002e70:	8323      	strh	r3, [r4, #24]
10002e72:	e750      	b.n	10002d16 <doStateWork+0x1a>
10002e74:	7800      	ldrb	r0, [r0, #0]
10002e76:	f7ff f947 	bl	10002108 <playDepartureMelody>
10002e7a:	e74c      	b.n	10002d16 <doStateWork+0x1a>
10002e7c:	7800      	ldrb	r0, [r0, #0]
10002e7e:	f7ff f961 	bl	10002144 <announceDoorCloseing>
10002e82:	e748      	b.n	10002d16 <doStateWork+0x1a>
10002e84:	8840      	ldrh	r0, [r0, #2]
10002e86:	2101      	movs	r1, #1
10002e88:	3048      	adds	r0, #72	@ 0x48
10002e8a:	f7fe ff25 	bl	10001cd8 <drawApproaching>
10002e8e:	e742      	b.n	10002d16 <doStateWork+0x1a>
10002e90:	f7ff fea2 	bl	10002bd8 <doEnApproachingDisplay>
10002e94:	e73f      	b.n	10002d16 <doStateWork+0x1a>
10002e96:	8840      	ldrh	r0, [r0, #2]
10002e98:	2100      	movs	r1, #0
10002e9a:	3048      	adds	r0, #72	@ 0x48
10002e9c:	f7fe ff1c 	bl	10001cd8 <drawApproaching>
10002ea0:	e739      	b.n	10002d16 <doStateWork+0x1a>
10002ea2:	f7ff fee3 	bl	10002c6c <doJpSingleLineDisplay>
10002ea6:	e736      	b.n	10002d16 <doStateWork+0x1a>
10002ea8:	2205      	movs	r2, #5
10002eaa:	e7c7      	b.n	10002e3c <doStateWork+0x140>
10002eac:	1005fa6c 	.word	0x1005fa6c
10002eb0:	20000cf7 	.word	0x20000cf7

10002eb4 <gpio_set_function>:
10002eb4:	4a09      	ldr	r2, [pc, #36]	@ (10002edc <gpio_set_function+0x28>)
10002eb6:	0083      	lsls	r3, r0, #2
10002eb8:	189a      	adds	r2, r3, r2
10002eba:	b510      	push	{r4, lr}
10002ebc:	6814      	ldr	r4, [r2, #0]
10002ebe:	2240      	movs	r2, #64	@ 0x40
10002ec0:	4054      	eors	r4, r2
10002ec2:	3280      	adds	r2, #128	@ 0x80
10002ec4:	4022      	ands	r2, r4
10002ec6:	4c06      	ldr	r4, [pc, #24]	@ (10002ee0 <gpio_set_function+0x2c>)
10002ec8:	00c0      	lsls	r0, r0, #3
10002eca:	46a4      	mov	ip, r4
10002ecc:	4463      	add	r3, ip
10002ece:	601a      	str	r2, [r3, #0]
10002ed0:	4b04      	ldr	r3, [pc, #16]	@ (10002ee4 <gpio_set_function+0x30>)
10002ed2:	469c      	mov	ip, r3
10002ed4:	4460      	add	r0, ip
10002ed6:	6041      	str	r1, [r0, #4]
10002ed8:	bd10      	pop	{r4, pc}
10002eda:	46c0      	nop			@ (mov r8, r8)
10002edc:	4001c004 	.word	0x4001c004
10002ee0:	4001d004 	.word	0x4001d004
10002ee4:	40014000 	.word	0x40014000

10002ee8 <gpio_set_pulls>:
10002ee8:	4b07      	ldr	r3, [pc, #28]	@ (10002f08 <gpio_set_pulls+0x20>)
10002eea:	0080      	lsls	r0, r0, #2
10002eec:	18c3      	adds	r3, r0, r3
10002eee:	681b      	ldr	r3, [r3, #0]
10002ef0:	00c9      	lsls	r1, r1, #3
10002ef2:	0092      	lsls	r2, r2, #2
10002ef4:	430a      	orrs	r2, r1
10002ef6:	405a      	eors	r2, r3
10002ef8:	230c      	movs	r3, #12
10002efa:	4013      	ands	r3, r2
10002efc:	4a03      	ldr	r2, [pc, #12]	@ (10002f0c <gpio_set_pulls+0x24>)
10002efe:	4694      	mov	ip, r2
10002f00:	4460      	add	r0, ip
10002f02:	6003      	str	r3, [r0, #0]
10002f04:	4770      	bx	lr
10002f06:	46c0      	nop			@ (mov r8, r8)
10002f08:	4001c004 	.word	0x4001c004
10002f0c:	4001d004 	.word	0x4001d004

10002f10 <gpio_init>:
10002f10:	2301      	movs	r3, #1
10002f12:	22d0      	movs	r2, #208	@ 0xd0
10002f14:	4083      	lsls	r3, r0
10002f16:	0612      	lsls	r2, r2, #24
10002f18:	6293      	str	r3, [r2, #40]	@ 0x28
10002f1a:	6193      	str	r3, [r2, #24]
10002f1c:	4a09      	ldr	r2, [pc, #36]	@ (10002f44 <gpio_init+0x34>)
10002f1e:	0083      	lsls	r3, r0, #2
10002f20:	189a      	adds	r2, r3, r2
10002f22:	6811      	ldr	r1, [r2, #0]
10002f24:	2240      	movs	r2, #64	@ 0x40
10002f26:	4051      	eors	r1, r2
10002f28:	3280      	adds	r2, #128	@ 0x80
10002f2a:	400a      	ands	r2, r1
10002f2c:	4906      	ldr	r1, [pc, #24]	@ (10002f48 <gpio_init+0x38>)
10002f2e:	00c0      	lsls	r0, r0, #3
10002f30:	468c      	mov	ip, r1
10002f32:	4463      	add	r3, ip
10002f34:	601a      	str	r2, [r3, #0]
10002f36:	4b05      	ldr	r3, [pc, #20]	@ (10002f4c <gpio_init+0x3c>)
10002f38:	469c      	mov	ip, r3
10002f3a:	2305      	movs	r3, #5
10002f3c:	4460      	add	r0, ip
10002f3e:	6043      	str	r3, [r0, #4]
10002f40:	4770      	bx	lr
10002f42:	46c0      	nop			@ (mov r8, r8)
10002f44:	4001c004 	.word	0x4001c004
10002f48:	4001d004 	.word	0x4001d004
10002f4c:	40014000 	.word	0x40014000

10002f50 <panic>:
10002f50:	b40f      	push	{r0, r1, r2, r3}
10002f52:	b500      	push	{lr}
10002f54:	4808      	ldr	r0, [pc, #32]	@ (10002f78 <panic+0x28>)
10002f56:	b083      	sub	sp, #12
10002f58:	f003 fde6 	bl	10006b28 <__wrap_puts>
10002f5c:	9b04      	ldr	r3, [sp, #16]
10002f5e:	2b00      	cmp	r3, #0
10002f60:	d007      	beq.n	10002f72 <panic+0x22>
10002f62:	a905      	add	r1, sp, #20
10002f64:	0018      	movs	r0, r3
10002f66:	9101      	str	r1, [sp, #4]
10002f68:	f003 fc3c 	bl	100067e4 <weak_raw_vprintf>
10002f6c:	4803      	ldr	r0, [pc, #12]	@ (10002f7c <panic+0x2c>)
10002f6e:	f003 fddb 	bl	10006b28 <__wrap_puts>
10002f72:	2001      	movs	r0, #1
10002f74:	f003 fc4e 	bl	10006814 <_exit>
10002f78:	10007244 	.word	0x10007244
10002f7c:	10007254 	.word	0x10007254

10002f80 <hw_claim_or_assert>:
10002f80:	b570      	push	{r4, r5, r6, lr}
10002f82:	f3ef 8c10 	mrs	ip, PRIMASK
10002f86:	b672      	cpsid	i
10002f88:	4d0d      	ldr	r5, [pc, #52]	@ (10002fc0 <hw_claim_or_assert+0x40>)
10002f8a:	682b      	ldr	r3, [r5, #0]
10002f8c:	2b00      	cmp	r3, #0
10002f8e:	d0fc      	beq.n	10002f8a <hw_claim_or_assert+0xa>
10002f90:	f3bf 8f5f 	dmb	sy
10002f94:	2407      	movs	r4, #7
10002f96:	08cb      	lsrs	r3, r1, #3
10002f98:	18c6      	adds	r6, r0, r3
10002f9a:	5cc0      	ldrb	r0, [r0, r3]
10002f9c:	2301      	movs	r3, #1
10002f9e:	400c      	ands	r4, r1
10002fa0:	40a3      	lsls	r3, r4
10002fa2:	001c      	movs	r4, r3
10002fa4:	4004      	ands	r4, r0
10002fa6:	4203      	tst	r3, r0
10002fa8:	d107      	bne.n	10002fba <hw_claim_or_assert+0x3a>
10002faa:	4318      	orrs	r0, r3
10002fac:	7030      	strb	r0, [r6, #0]
10002fae:	f3bf 8f5f 	dmb	sy
10002fb2:	602c      	str	r4, [r5, #0]
10002fb4:	f38c 8810 	msr	PRIMASK, ip
10002fb8:	bd70      	pop	{r4, r5, r6, pc}
10002fba:	0010      	movs	r0, r2
10002fbc:	f7ff ffc8 	bl	10002f50 <panic>
10002fc0:	d000012c 	.word	0xd000012c

10002fc4 <next_striped_spin_lock_num>:
10002fc4:	4a04      	ldr	r2, [pc, #16]	@ (10002fd8 <next_striped_spin_lock_num+0x14>)
10002fc6:	7810      	ldrb	r0, [r2, #0]
10002fc8:	1c43      	adds	r3, r0, #1
10002fca:	b2db      	uxtb	r3, r3
10002fcc:	2b17      	cmp	r3, #23
10002fce:	d900      	bls.n	10002fd2 <next_striped_spin_lock_num+0xe>
10002fd0:	2310      	movs	r3, #16
10002fd2:	7013      	strb	r3, [r2, #0]
10002fd4:	4770      	bx	lr
10002fd6:	46c0      	nop			@ (mov r8, r8)
10002fd8:	20000310 	.word	0x20000310

10002fdc <spin_locks_reset>:
10002fdc:	2100      	movs	r1, #0
10002fde:	4b04      	ldr	r3, [pc, #16]	@ (10002ff0 <spin_locks_reset+0x14>)
10002fe0:	4a04      	ldr	r2, [pc, #16]	@ (10002ff4 <spin_locks_reset+0x18>)
10002fe2:	f3bf 8f5f 	dmb	sy
10002fe6:	c302      	stmia	r3!, {r1}
10002fe8:	4293      	cmp	r3, r2
10002fea:	d1fa      	bne.n	10002fe2 <spin_locks_reset+0x6>
10002fec:	4770      	bx	lr
10002fee:	46c0      	nop			@ (mov r8, r8)
10002ff0:	d0000100 	.word	0xd0000100
10002ff4:	d0000180 	.word	0xd0000180

10002ff8 <runtime_init_per_core_irq_priorities>:
10002ff8:	4b05      	ldr	r3, [pc, #20]	@ (10003010 <runtime_init_per_core_irq_priorities+0x18>)
10002ffa:	4a06      	ldr	r2, [pc, #24]	@ (10003014 <runtime_init_per_core_irq_priorities+0x1c>)
10002ffc:	6013      	str	r3, [r2, #0]
10002ffe:	4a06      	ldr	r2, [pc, #24]	@ (10003018 <runtime_init_per_core_irq_priorities+0x20>)
10003000:	6013      	str	r3, [r2, #0]
10003002:	6053      	str	r3, [r2, #4]
10003004:	6093      	str	r3, [r2, #8]
10003006:	60d3      	str	r3, [r2, #12]
10003008:	6113      	str	r3, [r2, #16]
1000300a:	6153      	str	r3, [r2, #20]
1000300c:	6193      	str	r3, [r2, #24]
1000300e:	4770      	bx	lr
10003010:	80808080 	.word	0x80808080
10003014:	e000e400 	.word	0xe000e400
10003018:	e000e404 	.word	0xe000e404

1000301c <irq_set_enabled>:
1000301c:	231f      	movs	r3, #31
1000301e:	4018      	ands	r0, r3
10003020:	3b1e      	subs	r3, #30
10003022:	4083      	lsls	r3, r0
10003024:	2900      	cmp	r1, #0
10003026:	d005      	beq.n	10003034 <irq_set_enabled+0x18>
10003028:	21c0      	movs	r1, #192	@ 0xc0
1000302a:	4a04      	ldr	r2, [pc, #16]	@ (1000303c <irq_set_enabled+0x20>)
1000302c:	0049      	lsls	r1, r1, #1
1000302e:	5053      	str	r3, [r2, r1]
10003030:	6013      	str	r3, [r2, #0]
10003032:	4770      	bx	lr
10003034:	2280      	movs	r2, #128	@ 0x80
10003036:	4901      	ldr	r1, [pc, #4]	@ (1000303c <irq_set_enabled+0x20>)
10003038:	508b      	str	r3, [r1, r2]
1000303a:	e7fa      	b.n	10003032 <irq_set_enabled+0x16>
1000303c:	e000e100 	.word	0xe000e100

10003040 <irq_is_enabled>:
10003040:	2201      	movs	r2, #1
10003042:	4082      	lsls	r2, r0
10003044:	4b03      	ldr	r3, [pc, #12]	@ (10003054 <irq_is_enabled+0x14>)
10003046:	681b      	ldr	r3, [r3, #0]
10003048:	4013      	ands	r3, r2
1000304a:	1e5a      	subs	r2, r3, #1
1000304c:	4193      	sbcs	r3, r2
1000304e:	b2d8      	uxtb	r0, r3
10003050:	4770      	bx	lr
10003052:	46c0      	nop			@ (mov r8, r8)
10003054:	e000e100 	.word	0xe000e100

10003058 <irq_set_exclusive_handler>:
10003058:	b570      	push	{r4, r5, r6, lr}
1000305a:	000d      	movs	r5, r1
1000305c:	f3ef 8610 	mrs	r6, PRIMASK
10003060:	b672      	cpsid	i
10003062:	4a0f      	ldr	r2, [pc, #60]	@ (100030a0 <irq_set_exclusive_handler+0x48>)
10003064:	6813      	ldr	r3, [r2, #0]
10003066:	2b00      	cmp	r3, #0
10003068:	d0fc      	beq.n	10003064 <irq_set_exclusive_handler+0xc>
1000306a:	f3bf 8f5f 	dmb	sy
1000306e:	4b0d      	ldr	r3, [pc, #52]	@ (100030a4 <irq_set_exclusive_handler+0x4c>)
10003070:	3010      	adds	r0, #16
10003072:	689b      	ldr	r3, [r3, #8]
10003074:	0084      	lsls	r4, r0, #2
10003076:	591b      	ldr	r3, [r3, r4]
10003078:	4a0b      	ldr	r2, [pc, #44]	@ (100030a8 <irq_set_exclusive_handler+0x50>)
1000307a:	4293      	cmp	r3, r2
1000307c:	d003      	beq.n	10003086 <irq_set_exclusive_handler+0x2e>
1000307e:	429d      	cmp	r5, r3
10003080:	d001      	beq.n	10003086 <irq_set_exclusive_handler+0x2e>
10003082:	f001 f82f 	bl	100040e4 <hard_assertion_failure>
10003086:	4b07      	ldr	r3, [pc, #28]	@ (100030a4 <irq_set_exclusive_handler+0x4c>)
10003088:	689b      	ldr	r3, [r3, #8]
1000308a:	511d      	str	r5, [r3, r4]
1000308c:	f3bf 8f5f 	dmb	sy
10003090:	f3bf 8f5f 	dmb	sy
10003094:	2200      	movs	r2, #0
10003096:	4b02      	ldr	r3, [pc, #8]	@ (100030a0 <irq_set_exclusive_handler+0x48>)
10003098:	601a      	str	r2, [r3, #0]
1000309a:	f386 8810 	msr	PRIMASK, r6
1000309e:	bd70      	pop	{r4, r5, r6, pc}
100030a0:	d0000124 	.word	0xd0000124
100030a4:	e000ed00 	.word	0xe000ed00
100030a8:	100001cd 	.word	0x100001cd

100030ac <irq_remove_handler>:
100030ac:	b5f0      	push	{r4, r5, r6, r7, lr}
100030ae:	46de      	mov	lr, fp
100030b0:	4657      	mov	r7, sl
100030b2:	464e      	mov	r6, r9
100030b4:	4645      	mov	r5, r8
100030b6:	b5e0      	push	{r5, r6, r7, lr}
100030b8:	000c      	movs	r4, r1
100030ba:	b083      	sub	sp, #12
100030bc:	f3ef 8810 	mrs	r8, PRIMASK
100030c0:	b672      	cpsid	i
100030c2:	4a63      	ldr	r2, [pc, #396]	@ (10003250 <irq_remove_handler+0x1a4>)
100030c4:	6813      	ldr	r3, [r2, #0]
100030c6:	2b00      	cmp	r3, #0
100030c8:	d0fc      	beq.n	100030c4 <irq_remove_handler+0x18>
100030ca:	f3bf 8f5f 	dmb	sy
100030ce:	4b61      	ldr	r3, [pc, #388]	@ (10003254 <irq_remove_handler+0x1a8>)
100030d0:	4961      	ldr	r1, [pc, #388]	@ (10003258 <irq_remove_handler+0x1ac>)
100030d2:	689a      	ldr	r2, [r3, #8]
100030d4:	0003      	movs	r3, r0
100030d6:	3310      	adds	r3, #16
100030d8:	009f      	lsls	r7, r3, #2
100030da:	59d5      	ldr	r5, [r2, r7]
100030dc:	9300      	str	r3, [sp, #0]
100030de:	428d      	cmp	r5, r1
100030e0:	d043      	beq.n	1000316a <irq_remove_handler+0xbe>
100030e2:	42a5      	cmp	r5, r4
100030e4:	d054      	beq.n	10003190 <irq_remove_handler+0xe4>
100030e6:	4e5d      	ldr	r6, [pc, #372]	@ (1000325c <irq_remove_handler+0x1b0>)
100030e8:	1baa      	subs	r2, r5, r6
100030ea:	2a2f      	cmp	r2, #47	@ 0x2f
100030ec:	d83d      	bhi.n	1000316a <irq_remove_handler+0xbe>
100030ee:	4b5c      	ldr	r3, [pc, #368]	@ (10003260 <irq_remove_handler+0x1b4>)
100030f0:	469c      	mov	ip, r3
100030f2:	681b      	ldr	r3, [r3, #0]
100030f4:	469a      	mov	sl, r3
100030f6:	2301      	movs	r3, #1
100030f8:	001a      	movs	r2, r3
100030fa:	4699      	mov	r9, r3
100030fc:	4082      	lsls	r2, r0
100030fe:	4653      	mov	r3, sl
10003100:	4013      	ands	r3, r2
10003102:	221f      	movs	r2, #31
10003104:	9301      	str	r3, [sp, #4]
10003106:	464b      	mov	r3, r9
10003108:	4002      	ands	r2, r0
1000310a:	4093      	lsls	r3, r2
1000310c:	469a      	mov	sl, r3
1000310e:	2280      	movs	r2, #128	@ 0x80
10003110:	4663      	mov	r3, ip
10003112:	4650      	mov	r0, sl
10003114:	5098      	str	r0, [r3, r2]
10003116:	f3bf 8f5f 	dmb	sy
1000311a:	f3ef 8305 	mrs	r3, IPSR
1000311e:	469b      	mov	fp, r3
10003120:	2b00      	cmp	r3, #0
10003122:	d037      	beq.n	10003194 <irq_remove_handler+0xe8>
10003124:	9b00      	ldr	r3, [sp, #0]
10003126:	455b      	cmp	r3, fp
10003128:	d001      	beq.n	1000312e <irq_remove_handler+0x82>
1000312a:	f000 ffdb 	bl	100040e4 <hard_assertion_failure>
1000312e:	002a      	movs	r2, r5
10003130:	464b      	mov	r3, r9
10003132:	439a      	bics	r2, r3
10003134:	6890      	ldr	r0, [r2, #8]
10003136:	4284      	cmp	r4, r0
10003138:	d108      	bne.n	1000314c <irq_remove_handler+0xa0>
1000313a:	e077      	b.n	1000322c <irq_remove_handler+0x180>
1000313c:	004b      	lsls	r3, r1, #1
1000313e:	185b      	adds	r3, r3, r1
10003140:	009b      	lsls	r3, r3, #2
10003142:	18f3      	adds	r3, r6, r3
10003144:	6898      	ldr	r0, [r3, #8]
10003146:	4284      	cmp	r4, r0
10003148:	d036      	beq.n	100031b8 <irq_remove_handler+0x10c>
1000314a:	001a      	movs	r2, r3
1000314c:	2106      	movs	r1, #6
1000314e:	5651      	ldrsb	r1, [r2, r1]
10003150:	2900      	cmp	r1, #0
10003152:	daf3      	bge.n	1000313c <irq_remove_handler+0x90>
10003154:	4284      	cmp	r4, r0
10003156:	d055      	beq.n	10003204 <irq_remove_handler+0x158>
10003158:	9b01      	ldr	r3, [sp, #4]
1000315a:	2b00      	cmp	r3, #0
1000315c:	d027      	beq.n	100031ae <irq_remove_handler+0x102>
1000315e:	22c0      	movs	r2, #192	@ 0xc0
10003160:	4651      	mov	r1, sl
10003162:	4b3f      	ldr	r3, [pc, #252]	@ (10003260 <irq_remove_handler+0x1b4>)
10003164:	0052      	lsls	r2, r2, #1
10003166:	5099      	str	r1, [r3, r2]
10003168:	6019      	str	r1, [r3, #0]
1000316a:	4b3a      	ldr	r3, [pc, #232]	@ (10003254 <irq_remove_handler+0x1a8>)
1000316c:	689b      	ldr	r3, [r3, #8]
1000316e:	51dd      	str	r5, [r3, r7]
10003170:	f3bf 8f5f 	dmb	sy
10003174:	f3bf 8f5f 	dmb	sy
10003178:	2200      	movs	r2, #0
1000317a:	4b35      	ldr	r3, [pc, #212]	@ (10003250 <irq_remove_handler+0x1a4>)
1000317c:	601a      	str	r2, [r3, #0]
1000317e:	f388 8810 	msr	PRIMASK, r8
10003182:	b003      	add	sp, #12
10003184:	bcf0      	pop	{r4, r5, r6, r7}
10003186:	46bb      	mov	fp, r7
10003188:	46b2      	mov	sl, r6
1000318a:	46a9      	mov	r9, r5
1000318c:	46a0      	mov	r8, r4
1000318e:	bdf0      	pop	{r4, r5, r6, r7, pc}
10003190:	000d      	movs	r5, r1
10003192:	e7ea      	b.n	1000316a <irq_remove_handler+0xbe>
10003194:	002a      	movs	r2, r5
10003196:	464b      	mov	r3, r9
10003198:	439a      	bics	r2, r3
1000319a:	6890      	ldr	r0, [r2, #8]
1000319c:	4284      	cmp	r4, r0
1000319e:	d1d5      	bne.n	1000314c <irq_remove_handler+0xa0>
100031a0:	2006      	movs	r0, #6
100031a2:	5610      	ldrsb	r0, [r2, r0]
100031a4:	0013      	movs	r3, r2
100031a6:	2800      	cmp	r0, #0
100031a8:	da0a      	bge.n	100031c0 <irq_remove_handler+0x114>
100031aa:	000d      	movs	r5, r1
100031ac:	e032      	b.n	10003214 <irq_remove_handler+0x168>
100031ae:	2380      	movs	r3, #128	@ 0x80
100031b0:	4651      	mov	r1, sl
100031b2:	4a2b      	ldr	r2, [pc, #172]	@ (10003260 <irq_remove_handler+0x1b4>)
100031b4:	50d1      	str	r1, [r2, r3]
100031b6:	e7d8      	b.n	1000316a <irq_remove_handler+0xbe>
100031b8:	2006      	movs	r0, #6
100031ba:	5618      	ldrsb	r0, [r3, r0]
100031bc:	2800      	cmp	r0, #0
100031be:	db22      	blt.n	10003206 <irq_remove_handler+0x15a>
100031c0:	0042      	lsls	r2, r0, #1
100031c2:	1811      	adds	r1, r2, r0
100031c4:	0089      	lsls	r1, r1, #2
100031c6:	1874      	adds	r4, r6, r1
100031c8:	4689      	mov	r9, r1
100031ca:	68a1      	ldr	r1, [r4, #8]
100031cc:	6099      	str	r1, [r3, #8]
100031ce:	79e1      	ldrb	r1, [r4, #7]
100031d0:	71d9      	strb	r1, [r3, #7]
100031d2:	2106      	movs	r1, #6
100031d4:	5661      	ldrsb	r1, [r4, r1]
100031d6:	7199      	strb	r1, [r3, #6]
100031d8:	2900      	cmp	r1, #0
100031da:	db25      	blt.n	10003228 <irq_remove_handler+0x17c>
100031dc:	88a4      	ldrh	r4, [r4, #4]
100031de:	1af1      	subs	r1, r6, r3
100031e0:	0564      	lsls	r4, r4, #21
100031e2:	1524      	asrs	r4, r4, #20
100031e4:	444c      	add	r4, r9
100031e6:	1909      	adds	r1, r1, r4
100031e8:	24e0      	movs	r4, #224	@ 0xe0
100031ea:	0509      	lsls	r1, r1, #20
100031ec:	0d49      	lsrs	r1, r1, #21
100031ee:	0224      	lsls	r4, r4, #8
100031f0:	4321      	orrs	r1, r4
100031f2:	8099      	strh	r1, [r3, #4]
100031f4:	1813      	adds	r3, r2, r0
100031f6:	4a1b      	ldr	r2, [pc, #108]	@ (10003264 <irq_remove_handler+0x1b8>)
100031f8:	009b      	lsls	r3, r3, #2
100031fa:	7811      	ldrb	r1, [r2, #0]
100031fc:	18f3      	adds	r3, r6, r3
100031fe:	7199      	strb	r1, [r3, #6]
10003200:	7010      	strb	r0, [r2, #0]
10003202:	e7a9      	b.n	10003158 <irq_remove_handler+0xac>
10003204:	0013      	movs	r3, r2
10003206:	4659      	mov	r1, fp
10003208:	2900      	cmp	r1, #0
1000320a:	d114      	bne.n	10003236 <irq_remove_handler+0x18a>
1000320c:	31ff      	adds	r1, #255	@ 0xff
1000320e:	7191      	strb	r1, [r2, #6]
10003210:	4915      	ldr	r1, [pc, #84]	@ (10003268 <irq_remove_handler+0x1bc>)
10003212:	8091      	strh	r1, [r2, #4]
10003214:	4913      	ldr	r1, [pc, #76]	@ (10003264 <irq_remove_handler+0x1b8>)
10003216:	780a      	ldrb	r2, [r1, #0]
10003218:	719a      	strb	r2, [r3, #6]
1000321a:	4a14      	ldr	r2, [pc, #80]	@ (1000326c <irq_remove_handler+0x1c0>)
1000321c:	1b9b      	subs	r3, r3, r6
1000321e:	415b      	adcs	r3, r3
10003220:	435a      	muls	r2, r3
10003222:	0d12      	lsrs	r2, r2, #20
10003224:	700a      	strb	r2, [r1, #0]
10003226:	e797      	b.n	10003158 <irq_remove_handler+0xac>
10003228:	4911      	ldr	r1, [pc, #68]	@ (10003270 <irq_remove_handler+0x1c4>)
1000322a:	e7e2      	b.n	100031f2 <irq_remove_handler+0x146>
1000322c:	2006      	movs	r0, #6
1000322e:	5610      	ldrsb	r0, [r2, r0]
10003230:	0013      	movs	r3, r2
10003232:	2800      	cmp	r0, #0
10003234:	dac4      	bge.n	100031c0 <irq_remove_handler+0x114>
10003236:	4a0f      	ldr	r2, [pc, #60]	@ (10003274 <irq_remove_handler+0x1c8>)
10003238:	490f      	ldr	r1, [pc, #60]	@ (10003278 <irq_remove_handler+0x1cc>)
1000323a:	1ad2      	subs	r2, r2, r3
1000323c:	3a08      	subs	r2, #8
1000323e:	0250      	lsls	r0, r2, #9
10003240:	0d40      	lsrs	r0, r0, #21
10003242:	4301      	orrs	r1, r0
10003244:	8099      	strh	r1, [r3, #4]
10003246:	490d      	ldr	r1, [pc, #52]	@ (1000327c <irq_remove_handler+0x1d0>)
10003248:	0852      	lsrs	r2, r2, #1
1000324a:	430a      	orrs	r2, r1
1000324c:	80da      	strh	r2, [r3, #6]
1000324e:	e783      	b.n	10003158 <irq_remove_handler+0xac>
10003250:	d0000124 	.word	0xd0000124
10003254:	e000ed00 	.word	0xe000ed00
10003258:	100001cd 	.word	0x100001cd
1000325c:	20000314 	.word	0x20000314
10003260:	e000e100 	.word	0xe000e100
10003264:	20000cf4 	.word	0x20000cf4
10003268:	ffffbd01 	.word	0xffffbd01
1000326c:	0000aaaa 	.word	0x0000aaaa
10003270:	0000bd01 	.word	0x0000bd01
10003274:	2000034e 	.word	0x2000034e
10003278:	fffff000 	.word	0xfffff000
1000327c:	fffff800 	.word	0xfffff800

10003280 <irq_add_tail_to_free_list>:
10003280:	b570      	push	{r4, r5, r6, lr}
10003282:	2401      	movs	r4, #1
10003284:	4304      	orrs	r4, r0
10003286:	f3ef 8105 	mrs	r1, IPSR
1000328a:	f3ef 8c10 	mrs	ip, PRIMASK
1000328e:	b672      	cpsid	i
10003290:	4a21      	ldr	r2, [pc, #132]	@ (10003318 <irq_add_tail_to_free_list+0x98>)
10003292:	6813      	ldr	r3, [r2, #0]
10003294:	2b00      	cmp	r3, #0
10003296:	d0fc      	beq.n	10003292 <irq_add_tail_to_free_list+0x12>
10003298:	f3bf 8f5f 	dmb	sy
1000329c:	4b1f      	ldr	r3, [pc, #124]	@ (1000331c <irq_add_tail_to_free_list+0x9c>)
1000329e:	0005      	movs	r5, r0
100032a0:	4a1f      	ldr	r2, [pc, #124]	@ (10003320 <irq_add_tail_to_free_list+0xa0>)
100032a2:	1aed      	subs	r5, r5, r3
100032a4:	416d      	adcs	r5, r5
100032a6:	436a      	muls	r2, r5
100032a8:	0d12      	lsrs	r2, r2, #20
100032aa:	4d1e      	ldr	r5, [pc, #120]	@ (10003324 <irq_add_tail_to_free_list+0xa4>)
100032ac:	0089      	lsls	r1, r1, #2
100032ae:	68ae      	ldr	r6, [r5, #8]
100032b0:	b252      	sxtb	r2, r2
100032b2:	5876      	ldr	r6, [r6, r1]
100032b4:	42a6      	cmp	r6, r4
100032b6:	d01c      	beq.n	100032f2 <irq_add_tail_to_free_list+0x72>
100032b8:	2106      	movs	r1, #6
100032ba:	5659      	ldrsb	r1, [r3, r1]
100032bc:	4291      	cmp	r1, r2
100032be:	d01c      	beq.n	100032fa <irq_add_tail_to_free_list+0x7a>
100032c0:	2112      	movs	r1, #18
100032c2:	5659      	ldrsb	r1, [r3, r1]
100032c4:	4291      	cmp	r1, r2
100032c6:	d022      	beq.n	1000330e <irq_add_tail_to_free_list+0x8e>
100032c8:	211e      	movs	r1, #30
100032ca:	5659      	ldrsb	r1, [r3, r1]
100032cc:	4291      	cmp	r1, r2
100032ce:	d020      	beq.n	10003312 <irq_add_tail_to_free_list+0x92>
100032d0:	212a      	movs	r1, #42	@ 0x2a
100032d2:	5659      	ldrsb	r1, [r3, r1]
100032d4:	2403      	movs	r4, #3
100032d6:	4291      	cmp	r1, r2
100032d8:	d010      	beq.n	100032fc <irq_add_tail_to_free_list+0x7c>
100032da:	4b13      	ldr	r3, [pc, #76]	@ (10003328 <irq_add_tail_to_free_list+0xa8>)
100032dc:	7819      	ldrb	r1, [r3, #0]
100032de:	701a      	strb	r2, [r3, #0]
100032e0:	7181      	strb	r1, [r0, #6]
100032e2:	f3bf 8f5f 	dmb	sy
100032e6:	2200      	movs	r2, #0
100032e8:	4b0b      	ldr	r3, [pc, #44]	@ (10003318 <irq_add_tail_to_free_list+0x98>)
100032ea:	601a      	str	r2, [r3, #0]
100032ec:	f38c 8810 	msr	PRIMASK, ip
100032f0:	bd70      	pop	{r4, r5, r6, pc}
100032f2:	68ab      	ldr	r3, [r5, #8]
100032f4:	4c0d      	ldr	r4, [pc, #52]	@ (1000332c <irq_add_tail_to_free_list+0xac>)
100032f6:	505c      	str	r4, [r3, r1]
100032f8:	e7ef      	b.n	100032da <irq_add_tail_to_free_list+0x5a>
100032fa:	2400      	movs	r4, #0
100032fc:	0061      	lsls	r1, r4, #1
100032fe:	1909      	adds	r1, r1, r4
10003300:	0089      	lsls	r1, r1, #2
10003302:	185b      	adds	r3, r3, r1
10003304:	21ff      	movs	r1, #255	@ 0xff
10003306:	7199      	strb	r1, [r3, #6]
10003308:	4909      	ldr	r1, [pc, #36]	@ (10003330 <irq_add_tail_to_free_list+0xb0>)
1000330a:	8099      	strh	r1, [r3, #4]
1000330c:	e7e5      	b.n	100032da <irq_add_tail_to_free_list+0x5a>
1000330e:	2401      	movs	r4, #1
10003310:	e7f4      	b.n	100032fc <irq_add_tail_to_free_list+0x7c>
10003312:	2402      	movs	r4, #2
10003314:	e7f2      	b.n	100032fc <irq_add_tail_to_free_list+0x7c>
10003316:	46c0      	nop			@ (mov r8, r8)
10003318:	d0000124 	.word	0xd0000124
1000331c:	20000314 	.word	0x20000314
10003320:	0000aaaa 	.word	0x0000aaaa
10003324:	e000ed00 	.word	0xe000ed00
10003328:	20000cf4 	.word	0x20000cf4
1000332c:	100001cd 	.word	0x100001cd
10003330:	ffffbd01 	.word	0xffffbd01

10003334 <sem_init>:
10003334:	b570      	push	{r4, r5, r6, lr}
10003336:	0004      	movs	r4, r0
10003338:	000e      	movs	r6, r1
1000333a:	0015      	movs	r5, r2
1000333c:	f7ff fe42 	bl	10002fc4 <next_striped_spin_lock_num>
10003340:	0001      	movs	r1, r0
10003342:	0020      	movs	r0, r4
10003344:	f000 f806 	bl	10003354 <lock_init>
10003348:	80a6      	strh	r6, [r4, #4]
1000334a:	80e5      	strh	r5, [r4, #6]
1000334c:	f3bf 8f5f 	dmb	sy
10003350:	bd70      	pop	{r4, r5, r6, pc}
10003352:	46c0      	nop			@ (mov r8, r8)

10003354 <lock_init>:
10003354:	4b02      	ldr	r3, [pc, #8]	@ (10003360 <lock_init+0xc>)
10003356:	469c      	mov	ip, r3
10003358:	4461      	add	r1, ip
1000335a:	0089      	lsls	r1, r1, #2
1000335c:	6001      	str	r1, [r0, #0]
1000335e:	4770      	bx	lr
10003360:	34000040 	.word	0x34000040

10003364 <runtime_init_mutex>:
10003364:	b570      	push	{r4, r5, r6, lr}
10003366:	4c11      	ldr	r4, [pc, #68]	@ (100033ac <runtime_init_mutex+0x48>)
10003368:	4d11      	ldr	r5, [pc, #68]	@ (100033b0 <runtime_init_mutex+0x4c>)
1000336a:	42ac      	cmp	r4, r5
1000336c:	d20f      	bcs.n	1000338e <runtime_init_mutex+0x2a>
1000336e:	26ff      	movs	r6, #255	@ 0xff
10003370:	6823      	ldr	r3, [r4, #0]
10003372:	2b00      	cmp	r3, #0
10003374:	d00c      	beq.n	10003390 <runtime_init_mutex+0x2c>
10003376:	f7ff fe25 	bl	10002fc4 <next_striped_spin_lock_num>
1000337a:	0001      	movs	r1, r0
1000337c:	0020      	movs	r0, r4
1000337e:	f7ff ffe9 	bl	10003354 <lock_init>
10003382:	80a6      	strh	r6, [r4, #4]
10003384:	f3bf 8f5f 	dmb	sy
10003388:	3408      	adds	r4, #8
1000338a:	42ac      	cmp	r4, r5
1000338c:	d3f0      	bcc.n	10003370 <runtime_init_mutex+0xc>
1000338e:	bd70      	pop	{r4, r5, r6, pc}
10003390:	f7ff fe18 	bl	10002fc4 <next_striped_spin_lock_num>
10003394:	0001      	movs	r1, r0
10003396:	0020      	movs	r0, r4
10003398:	f7ff ffdc 	bl	10003354 <lock_init>
1000339c:	7126      	strb	r6, [r4, #4]
1000339e:	f3bf 8f5f 	dmb	sy
100033a2:	3408      	adds	r4, #8
100033a4:	42ac      	cmp	r4, r5
100033a6:	d3e3      	bcc.n	10003370 <runtime_init_mutex+0xc>
100033a8:	e7f1      	b.n	1000338e <runtime_init_mutex+0x2a>
100033aa:	46c0      	nop			@ (mov r8, r8)
100033ac:	200003b8 	.word	0x200003b8
100033b0:	200003c8 	.word	0x200003c8

100033b4 <sleep_until_callback>:
100033b4:	4b0a      	ldr	r3, [pc, #40]	@ (100033e0 <sleep_until_callback+0x2c>)
100033b6:	6819      	ldr	r1, [r3, #0]
100033b8:	f3ef 8010 	mrs	r0, PRIMASK
100033bc:	b672      	cpsid	i
100033be:	680a      	ldr	r2, [r1, #0]
100033c0:	2a00      	cmp	r2, #0
100033c2:	d0fc      	beq.n	100033be <sleep_until_callback+0xa>
100033c4:	f3bf 8f5f 	dmb	sy
100033c8:	681b      	ldr	r3, [r3, #0]
100033ca:	f3bf 8f5f 	dmb	sy
100033ce:	2200      	movs	r2, #0
100033d0:	601a      	str	r2, [r3, #0]
100033d2:	f380 8810 	msr	PRIMASK, r0
100033d6:	bf40      	sev
100033d8:	2000      	movs	r0, #0
100033da:	2100      	movs	r1, #0
100033dc:	4770      	bx	lr
100033de:	46c0      	nop			@ (mov r8, r8)
100033e0:	20000ccc 	.word	0x20000ccc

100033e4 <alarm_pool_irq_handler>:
100033e4:	b5f0      	push	{r4, r5, r6, r7, lr}
100033e6:	46de      	mov	lr, fp
100033e8:	4657      	mov	r7, sl
100033ea:	464e      	mov	r6, r9
100033ec:	4645      	mov	r5, r8
100033ee:	b5e0      	push	{r5, r6, r7, lr}
100033f0:	b083      	sub	sp, #12
100033f2:	f3ef 8305 	mrs	r3, IPSR
100033f6:	2203      	movs	r2, #3
100033f8:	401a      	ands	r2, r3
100033fa:	4693      	mov	fp, r2
100033fc:	4bae      	ldr	r3, [pc, #696]	@ (100036b8 <alarm_pool_irq_handler+0x2d4>)
100033fe:	0092      	lsls	r2, r2, #2
10003400:	4cae      	ldr	r4, [pc, #696]	@ (100036bc <alarm_pool_irq_handler+0x2d8>)
10003402:	58d3      	ldr	r3, [r2, r3]
10003404:	0020      	movs	r0, r4
10003406:	4698      	mov	r8, r3
10003408:	f000 fc22 	bl	10003c50 <timer_time_us_64>
1000340c:	465a      	mov	r2, fp
1000340e:	2301      	movs	r3, #1
10003410:	4093      	lsls	r3, r2
10003412:	001a      	movs	r2, r3
10003414:	9301      	str	r3, [sp, #4]
10003416:	4baa      	ldr	r3, [pc, #680]	@ (100036c0 <alarm_pool_irq_handler+0x2dc>)
10003418:	601a      	str	r2, [r3, #0]
1000341a:	4643      	mov	r3, r8
1000341c:	2508      	movs	r5, #8
1000341e:	5f5b      	ldrsh	r3, [r3, r5]
10003420:	6362      	str	r2, [r4, #52]	@ 0x34
10003422:	4699      	mov	r9, r3
10003424:	2b00      	cmp	r3, #0
10003426:	db00      	blt.n	1000342a <alarm_pool_irq_handler+0x46>
10003428:	e13e      	b.n	100036a8 <alarm_pool_irq_handler+0x2c4>
1000342a:	4643      	mov	r3, r8
1000342c:	889b      	ldrh	r3, [r3, #4]
1000342e:	b21b      	sxth	r3, r3
10003430:	2b00      	cmp	r3, #0
10003432:	db00      	blt.n	10003436 <alarm_pool_irq_handler+0x52>
10003434:	e083      	b.n	1000353e <alarm_pool_irq_handler+0x15a>
10003436:	4643      	mov	r3, r8
10003438:	799b      	ldrb	r3, [r3, #6]
1000343a:	2b00      	cmp	r3, #0
1000343c:	d000      	beq.n	10003440 <alarm_pool_irq_handler+0x5c>
1000343e:	e0c5      	b.n	100035cc <alarm_pool_irq_handler+0x1e8>
10003440:	4c9e      	ldr	r4, [pc, #632]	@ (100036bc <alarm_pool_irq_handler+0x2d8>)
10003442:	0020      	movs	r0, r4
10003444:	f000 fc04 	bl	10003c50 <timer_time_us_64>
10003448:	4643      	mov	r3, r8
1000344a:	2208      	movs	r2, #8
1000344c:	5e9b      	ldrsh	r3, [r3, r2]
1000344e:	4699      	mov	r9, r3
10003450:	2b00      	cmp	r3, #0
10003452:	da00      	bge.n	10003456 <alarm_pool_irq_handler+0x72>
10003454:	e113      	b.n	1000367e <alarm_pool_irq_handler+0x29a>
10003456:	4643      	mov	r3, r8
10003458:	695d      	ldr	r5, [r3, #20]
1000345a:	464b      	mov	r3, r9
1000345c:	005a      	lsls	r2, r3, #1
1000345e:	18d3      	adds	r3, r2, r3
10003460:	00db      	lsls	r3, r3, #3
10003462:	18eb      	adds	r3, r5, r3
10003464:	689e      	ldr	r6, [r3, #8]
10003466:	68df      	ldr	r7, [r3, #12]
10003468:	465b      	mov	r3, fp
1000346a:	3304      	adds	r3, #4
1000346c:	009b      	lsls	r3, r3, #2
1000346e:	511e      	str	r6, [r3, r4]
10003470:	428f      	cmp	r7, r1
10003472:	dd00      	ble.n	10003476 <alarm_pool_irq_handler+0x92>
10003474:	e103      	b.n	1000367e <alarm_pool_irq_handler+0x29a>
10003476:	d100      	bne.n	1000347a <alarm_pool_irq_handler+0x96>
10003478:	e0fe      	b.n	10003678 <alarm_pool_irq_handler+0x294>
1000347a:	4b90      	ldr	r3, [pc, #576]	@ (100036bc <alarm_pool_irq_handler+0x2d8>)
1000347c:	9c01      	ldr	r4, [sp, #4]
1000347e:	635c      	str	r4, [r3, #52]	@ 0x34
10003480:	46aa      	mov	sl, r5
10003482:	444a      	add	r2, r9
10003484:	00d2      	lsls	r2, r2, #3
10003486:	4492      	add	sl, r2
10003488:	4653      	mov	r3, sl
1000348a:	689e      	ldr	r6, [r3, #8]
1000348c:	68df      	ldr	r7, [r3, #12]
1000348e:	428f      	cmp	r7, r1
10003490:	dccb      	bgt.n	1000342a <alarm_pool_irq_handler+0x46>
10003492:	d100      	bne.n	10003496 <alarm_pool_irq_handler+0xb2>
10003494:	e0ec      	b.n	10003670 <alarm_pool_irq_handler+0x28c>
10003496:	2f00      	cmp	r7, #0
10003498:	da00      	bge.n	1000349c <alarm_pool_irq_handler+0xb8>
1000349a:	e0cd      	b.n	10003638 <alarm_pool_irq_handler+0x254>
1000349c:	4652      	mov	r2, sl
1000349e:	4653      	mov	r3, sl
100034a0:	6954      	ldr	r4, [r2, #20]
100034a2:	691b      	ldr	r3, [r3, #16]
100034a4:	4a87      	ldr	r2, [pc, #540]	@ (100036c4 <alarm_pool_irq_handler+0x2e0>)
100034a6:	4293      	cmp	r3, r2
100034a8:	d100      	bne.n	100034ac <alarm_pool_irq_handler+0xc8>
100034aa:	e0ef      	b.n	1000368c <alarm_pool_irq_handler+0x2a8>
100034ac:	4652      	mov	r2, sl
100034ae:	4649      	mov	r1, r9
100034b0:	8852      	ldrh	r2, [r2, #2]
100034b2:	0408      	lsls	r0, r1, #16
100034b4:	4310      	orrs	r0, r2
100034b6:	0021      	movs	r1, r4
100034b8:	4798      	blx	r3
100034ba:	0004      	movs	r4, r0
100034bc:	000d      	movs	r5, r1
100034be:	0023      	movs	r3, r4
100034c0:	432b      	orrs	r3, r5
100034c2:	d100      	bne.n	100034c6 <alarm_pool_irq_handler+0xe2>
100034c4:	e0b8      	b.n	10003638 <alarm_pool_irq_handler+0x254>
100034c6:	2d00      	cmp	r5, #0
100034c8:	db00      	blt.n	100034cc <alarm_pool_irq_handler+0xe8>
100034ca:	e0e7      	b.n	1000369c <alarm_pool_irq_handler+0x2b8>
100034cc:	0030      	movs	r0, r6
100034ce:	0039      	movs	r1, r7
100034d0:	1b00      	subs	r0, r0, r4
100034d2:	41a9      	sbcs	r1, r5
100034d4:	4653      	mov	r3, sl
100034d6:	6098      	str	r0, [r3, #8]
100034d8:	60d9      	str	r1, [r3, #12]
100034da:	2200      	movs	r2, #0
100034dc:	5e9a      	ldrsh	r2, [r3, r2]
100034de:	2a00      	cmp	r2, #0
100034e0:	dba3      	blt.n	1000342a <alarm_pool_irq_handler+0x46>
100034e2:	4643      	mov	r3, r8
100034e4:	695d      	ldr	r5, [r3, #20]
100034e6:	0053      	lsls	r3, r2, #1
100034e8:	189c      	adds	r4, r3, r2
100034ea:	00e4      	lsls	r4, r4, #3
100034ec:	192c      	adds	r4, r5, r4
100034ee:	68a7      	ldr	r7, [r4, #8]
100034f0:	68e4      	ldr	r4, [r4, #12]
100034f2:	428c      	cmp	r4, r1
100034f4:	dc99      	bgt.n	1000342a <alarm_pool_irq_handler+0x46>
100034f6:	d101      	bne.n	100034fc <alarm_pool_irq_handler+0x118>
100034f8:	4287      	cmp	r7, r0
100034fa:	d896      	bhi.n	1000342a <alarm_pool_irq_handler+0x46>
100034fc:	4646      	mov	r6, r8
100034fe:	8132      	strh	r2, [r6, #8]
10003500:	3608      	adds	r6, #8
10003502:	e00d      	b.n	10003520 <alarm_pool_irq_handler+0x13c>
10003504:	428c      	cmp	r4, r1
10003506:	d100      	bne.n	1000350a <alarm_pool_irq_handler+0x126>
10003508:	e0d2      	b.n	100036b0 <alarm_pool_irq_handler+0x2cc>
1000350a:	001e      	movs	r6, r3
1000350c:	2300      	movs	r3, #0
1000350e:	5ef2      	ldrsh	r2, [r6, r3]
10003510:	2a00      	cmp	r2, #0
10003512:	db0a      	blt.n	1000352a <alarm_pool_irq_handler+0x146>
10003514:	0053      	lsls	r3, r2, #1
10003516:	189c      	adds	r4, r3, r2
10003518:	00e4      	lsls	r4, r4, #3
1000351a:	192c      	adds	r4, r5, r4
1000351c:	68a7      	ldr	r7, [r4, #8]
1000351e:	68e4      	ldr	r4, [r4, #12]
10003520:	189b      	adds	r3, r3, r2
10003522:	00db      	lsls	r3, r3, #3
10003524:	18eb      	adds	r3, r5, r3
10003526:	428c      	cmp	r4, r1
10003528:	ddec      	ble.n	10003504 <alarm_pool_irq_handler+0x120>
1000352a:	4653      	mov	r3, sl
1000352c:	801a      	strh	r2, [r3, #0]
1000352e:	464b      	mov	r3, r9
10003530:	8033      	strh	r3, [r6, #0]
10003532:	4643      	mov	r3, r8
10003534:	889b      	ldrh	r3, [r3, #4]
10003536:	b21b      	sxth	r3, r3
10003538:	2b00      	cmp	r3, #0
1000353a:	da00      	bge.n	1000353e <alarm_pool_irq_handler+0x15a>
1000353c:	e77b      	b.n	10003436 <alarm_pool_irq_handler+0x52>
1000353e:	4643      	mov	r3, r8
10003540:	691a      	ldr	r2, [r3, #16]
10003542:	f3ef 8110 	mrs	r1, PRIMASK
10003546:	b672      	cpsid	i
10003548:	6813      	ldr	r3, [r2, #0]
1000354a:	2b00      	cmp	r3, #0
1000354c:	d0fc      	beq.n	10003548 <alarm_pool_irq_handler+0x164>
1000354e:	f3bf 8f5f 	dmb	sy
10003552:	4643      	mov	r3, r8
10003554:	889e      	ldrh	r6, [r3, #4]
10003556:	2301      	movs	r3, #1
10003558:	4642      	mov	r2, r8
1000355a:	425b      	negs	r3, r3
1000355c:	8093      	strh	r3, [r2, #4]
1000355e:	b236      	sxth	r6, r6
10003560:	6913      	ldr	r3, [r2, #16]
10003562:	f3bf 8f5f 	dmb	sy
10003566:	2200      	movs	r2, #0
10003568:	601a      	str	r2, [r3, #0]
1000356a:	f381 8810 	msr	PRIMASK, r1
1000356e:	2e00      	cmp	r6, #0
10003570:	da00      	bge.n	10003574 <alarm_pool_irq_handler+0x190>
10003572:	e760      	b.n	10003436 <alarm_pool_irq_handler+0x52>
10003574:	4643      	mov	r3, r8
10003576:	695d      	ldr	r5, [r3, #20]
10003578:	2308      	movs	r3, #8
1000357a:	4443      	add	r3, r8
1000357c:	469c      	mov	ip, r3
1000357e:	0074      	lsls	r4, r6, #1
10003580:	19a4      	adds	r4, r4, r6
10003582:	00e4      	lsls	r4, r4, #3
10003584:	192c      	adds	r4, r5, r4
10003586:	68a3      	ldr	r3, [r4, #8]
10003588:	4661      	mov	r1, ip
1000358a:	469a      	mov	sl, r3
1000358c:	4643      	mov	r3, r8
1000358e:	2208      	movs	r2, #8
10003590:	5e9a      	ldrsh	r2, [r3, r2]
10003592:	68e0      	ldr	r0, [r4, #12]
10003594:	2a00      	cmp	r2, #0
10003596:	da07      	bge.n	100035a8 <alarm_pool_irq_handler+0x1c4>
10003598:	e00d      	b.n	100035b6 <alarm_pool_irq_handler+0x1d2>
1000359a:	4287      	cmp	r7, r0
1000359c:	d042      	beq.n	10003624 <alarm_pool_irq_handler+0x240>
1000359e:	0019      	movs	r1, r3
100035a0:	2300      	movs	r3, #0
100035a2:	5eca      	ldrsh	r2, [r1, r3]
100035a4:	2a00      	cmp	r2, #0
100035a6:	db06      	blt.n	100035b6 <alarm_pool_irq_handler+0x1d2>
100035a8:	0053      	lsls	r3, r2, #1
100035aa:	189b      	adds	r3, r3, r2
100035ac:	00db      	lsls	r3, r3, #3
100035ae:	18eb      	adds	r3, r5, r3
100035b0:	68df      	ldr	r7, [r3, #12]
100035b2:	4287      	cmp	r7, r0
100035b4:	ddf1      	ble.n	1000359a <alarm_pool_irq_handler+0x1b6>
100035b6:	800e      	strh	r6, [r1, #0]
100035b8:	2300      	movs	r3, #0
100035ba:	5ee6      	ldrsh	r6, [r4, r3]
100035bc:	8022      	strh	r2, [r4, #0]
100035be:	2e00      	cmp	r6, #0
100035c0:	dadd      	bge.n	1000357e <alarm_pool_irq_handler+0x19a>
100035c2:	4643      	mov	r3, r8
100035c4:	799b      	ldrb	r3, [r3, #6]
100035c6:	2b00      	cmp	r3, #0
100035c8:	d100      	bne.n	100035cc <alarm_pool_irq_handler+0x1e8>
100035ca:	e739      	b.n	10003440 <alarm_pool_irq_handler+0x5c>
100035cc:	2300      	movs	r3, #0
100035ce:	4642      	mov	r2, r8
100035d0:	7193      	strb	r3, [r2, #6]
100035d2:	4643      	mov	r3, r8
100035d4:	4645      	mov	r5, r8
100035d6:	2608      	movs	r6, #8
100035d8:	5f9e      	ldrsh	r6, [r3, r6]
100035da:	3508      	adds	r5, #8
100035dc:	1c73      	adds	r3, r6, #1
100035de:	d100      	bne.n	100035e2 <alarm_pool_irq_handler+0x1fe>
100035e0:	e72e      	b.n	10003440 <alarm_pool_irq_handler+0x5c>
100035e2:	6954      	ldr	r4, [r2, #20]
100035e4:	e003      	b.n	100035ee <alarm_pool_irq_handler+0x20a>
100035e6:	003d      	movs	r5, r7
100035e8:	1c73      	adds	r3, r6, #1
100035ea:	d100      	bne.n	100035ee <alarm_pool_irq_handler+0x20a>
100035ec:	e728      	b.n	10003440 <alarm_pool_irq_handler+0x5c>
100035ee:	0073      	lsls	r3, r6, #1
100035f0:	199b      	adds	r3, r3, r6
100035f2:	00db      	lsls	r3, r3, #3
100035f4:	18e7      	adds	r7, r4, r3
100035f6:	0032      	movs	r2, r6
100035f8:	5ee6      	ldrsh	r6, [r4, r3]
100035fa:	887b      	ldrh	r3, [r7, #2]
100035fc:	b21b      	sxth	r3, r3
100035fe:	2b00      	cmp	r3, #0
10003600:	daf1      	bge.n	100035e6 <alarm_pool_irq_handler+0x202>
10003602:	2001      	movs	r0, #1
10003604:	4240      	negs	r0, r0
10003606:	17c1      	asrs	r1, r0, #31
10003608:	4643      	mov	r3, r8
1000360a:	60b8      	str	r0, [r7, #8]
1000360c:	60f9      	str	r1, [r7, #12]
1000360e:	2108      	movs	r1, #8
10003610:	5e5b      	ldrsh	r3, [r3, r1]
10003612:	4293      	cmp	r3, r2
10003614:	d0e8      	beq.n	100035e8 <alarm_pool_irq_handler+0x204>
10003616:	4643      	mov	r3, r8
10003618:	802e      	strh	r6, [r5, #0]
1000361a:	891b      	ldrh	r3, [r3, #8]
1000361c:	803b      	strh	r3, [r7, #0]
1000361e:	4643      	mov	r3, r8
10003620:	811a      	strh	r2, [r3, #8]
10003622:	e7e1      	b.n	100035e8 <alarm_pool_irq_handler+0x204>
10003624:	689f      	ldr	r7, [r3, #8]
10003626:	4557      	cmp	r7, sl
10003628:	d9b9      	bls.n	1000359e <alarm_pool_irq_handler+0x1ba>
1000362a:	800e      	strh	r6, [r1, #0]
1000362c:	2300      	movs	r3, #0
1000362e:	5ee6      	ldrsh	r6, [r4, r3]
10003630:	8022      	strh	r2, [r4, #0]
10003632:	2e00      	cmp	r6, #0
10003634:	daa3      	bge.n	1000357e <alarm_pool_irq_handler+0x19a>
10003636:	e7c4      	b.n	100035c2 <alarm_pool_irq_handler+0x1de>
10003638:	4653      	mov	r3, sl
1000363a:	4642      	mov	r2, r8
1000363c:	881b      	ldrh	r3, [r3, #0]
1000363e:	8113      	strh	r3, [r2, #8]
10003640:	6912      	ldr	r2, [r2, #16]
10003642:	f3ef 8310 	mrs	r3, PRIMASK
10003646:	b672      	cpsid	i
10003648:	6811      	ldr	r1, [r2, #0]
1000364a:	2900      	cmp	r1, #0
1000364c:	d0fc      	beq.n	10003648 <alarm_pool_irq_handler+0x264>
1000364e:	f3bf 8f5f 	dmb	sy
10003652:	4642      	mov	r2, r8
10003654:	4651      	mov	r1, sl
10003656:	8852      	ldrh	r2, [r2, #2]
10003658:	800a      	strh	r2, [r1, #0]
1000365a:	4642      	mov	r2, r8
1000365c:	4649      	mov	r1, r9
1000365e:	8051      	strh	r1, [r2, #2]
10003660:	6912      	ldr	r2, [r2, #16]
10003662:	f3bf 8f5f 	dmb	sy
10003666:	2100      	movs	r1, #0
10003668:	6011      	str	r1, [r2, #0]
1000366a:	f383 8810 	msr	PRIMASK, r3
1000366e:	e6dc      	b.n	1000342a <alarm_pool_irq_handler+0x46>
10003670:	4286      	cmp	r6, r0
10003672:	d800      	bhi.n	10003676 <alarm_pool_irq_handler+0x292>
10003674:	e70f      	b.n	10003496 <alarm_pool_irq_handler+0xb2>
10003676:	e6d8      	b.n	1000342a <alarm_pool_irq_handler+0x46>
10003678:	4286      	cmp	r6, r0
1000367a:	d800      	bhi.n	1000367e <alarm_pool_irq_handler+0x29a>
1000367c:	e6fd      	b.n	1000347a <alarm_pool_irq_handler+0x96>
1000367e:	b003      	add	sp, #12
10003680:	bcf0      	pop	{r4, r5, r6, r7}
10003682:	46bb      	mov	fp, r7
10003684:	46b2      	mov	sl, r6
10003686:	46a9      	mov	r9, r5
10003688:	46a0      	mov	r8, r4
1000368a:	bdf0      	pop	{r4, r5, r6, r7, pc}
1000368c:	0020      	movs	r0, r4
1000368e:	6923      	ldr	r3, [r4, #16]
10003690:	4798      	blx	r3
10003692:	2800      	cmp	r0, #0
10003694:	d0d0      	beq.n	10003638 <alarm_pool_irq_handler+0x254>
10003696:	6865      	ldr	r5, [r4, #4]
10003698:	6824      	ldr	r4, [r4, #0]
1000369a:	e710      	b.n	100034be <alarm_pool_irq_handler+0xda>
1000369c:	4807      	ldr	r0, [pc, #28]	@ (100036bc <alarm_pool_irq_handler+0x2d8>)
1000369e:	f000 fad7 	bl	10003c50 <timer_time_us_64>
100036a2:	1900      	adds	r0, r0, r4
100036a4:	4169      	adcs	r1, r5
100036a6:	e715      	b.n	100034d4 <alarm_pool_irq_handler+0xf0>
100036a8:	005a      	lsls	r2, r3, #1
100036aa:	4643      	mov	r3, r8
100036ac:	695d      	ldr	r5, [r3, #20]
100036ae:	e6e7      	b.n	10003480 <alarm_pool_irq_handler+0x9c>
100036b0:	4287      	cmp	r7, r0
100036b2:	d800      	bhi.n	100036b6 <alarm_pool_irq_handler+0x2d2>
100036b4:	e729      	b.n	1000350a <alarm_pool_irq_handler+0x126>
100036b6:	e738      	b.n	1000352a <alarm_pool_irq_handler+0x146>
100036b8:	20000cb0 	.word	0x20000cb0
100036bc:	40054000 	.word	0x40054000
100036c0:	4005703c 	.word	0x4005703c
100036c4:	100033e5 	.word	0x100033e5

100036c8 <runtime_init_default_alarm_pool>:
100036c8:	b570      	push	{r4, r5, r6, lr}
100036ca:	4c2e      	ldr	r4, [pc, #184]	@ (10003784 <runtime_init_default_alarm_pool+0xbc>)
100036cc:	6925      	ldr	r5, [r4, #16]
100036ce:	2d00      	cmp	r5, #0
100036d0:	d004      	beq.n	100036dc <runtime_init_default_alarm_pool+0x14>
100036d2:	210a      	movs	r1, #10
100036d4:	482c      	ldr	r0, [pc, #176]	@ (10003788 <runtime_init_default_alarm_pool+0xc0>)
100036d6:	f7ff fe3d 	bl	10003354 <lock_init>
100036da:	bd70      	pop	{r4, r5, r6, pc}
100036dc:	4e2b      	ldr	r6, [pc, #172]	@ (1000378c <runtime_init_default_alarm_pool+0xc4>)
100036de:	2103      	movs	r1, #3
100036e0:	0030      	movs	r0, r6
100036e2:	f000 faab 	bl	10003c3c <timer_hardware_alarm_claim>
100036e6:	60e6      	str	r6, [r4, #12]
100036e8:	f7ff fc6c 	bl	10002fc4 <next_striped_spin_lock_num>
100036ec:	4b28      	ldr	r3, [pc, #160]	@ (10003790 <runtime_init_default_alarm_pool+0xc8>)
100036ee:	2203      	movs	r2, #3
100036f0:	469c      	mov	ip, r3
100036f2:	23d0      	movs	r3, #208	@ 0xd0
100036f4:	7022      	strb	r2, [r4, #0]
100036f6:	061b      	lsls	r3, r3, #24
100036f8:	681b      	ldr	r3, [r3, #0]
100036fa:	2101      	movs	r1, #1
100036fc:	7063      	strb	r3, [r4, #1]
100036fe:	4b25      	ldr	r3, [pc, #148]	@ (10003794 <runtime_init_default_alarm_pool+0xcc>)
10003700:	4460      	add	r0, ip
10003702:	60a3      	str	r3, [r4, #8]
10003704:	230f      	movs	r3, #15
10003706:	0080      	lsls	r0, r0, #2
10003708:	6120      	str	r0, [r4, #16]
1000370a:	2002      	movs	r0, #2
1000370c:	8063      	strh	r3, [r4, #2]
1000370e:	6963      	ldr	r3, [r4, #20]
10003710:	4249      	negs	r1, r1
10003712:	80a1      	strh	r1, [r4, #4]
10003714:	8019      	strh	r1, [r3, #0]
10003716:	3102      	adds	r1, #2
10003718:	8619      	strh	r1, [r3, #48]	@ 0x30
1000371a:	3147      	adds	r1, #71	@ 0x47
1000371c:	831d      	strh	r5, [r3, #24]
1000371e:	5258      	strh	r0, [r3, r1]
10003720:	3118      	adds	r1, #24
10003722:	525a      	strh	r2, [r3, r1]
10003724:	3275      	adds	r2, #117	@ 0x75
10003726:	395c      	subs	r1, #92	@ 0x5c
10003728:	5299      	strh	r1, [r3, r2]
1000372a:	3218      	adds	r2, #24
1000372c:	3101      	adds	r1, #1
1000372e:	5299      	strh	r1, [r3, r2]
10003730:	3218      	adds	r2, #24
10003732:	3101      	adds	r1, #1
10003734:	5299      	strh	r1, [r3, r2]
10003736:	3218      	adds	r2, #24
10003738:	3101      	adds	r1, #1
1000373a:	5299      	strh	r1, [r3, r2]
1000373c:	3508      	adds	r5, #8
1000373e:	3218      	adds	r2, #24
10003740:	529d      	strh	r5, [r3, r2]
10003742:	3102      	adds	r1, #2
10003744:	3218      	adds	r2, #24
10003746:	5299      	strh	r1, [r3, r2]
10003748:	3218      	adds	r2, #24
1000374a:	3101      	adds	r1, #1
1000374c:	5299      	strh	r1, [r3, r2]
1000374e:	3218      	adds	r2, #24
10003750:	3101      	adds	r1, #1
10003752:	5299      	strh	r1, [r3, r2]
10003754:	3218      	adds	r2, #24
10003756:	3101      	adds	r1, #1
10003758:	5299      	strh	r1, [r3, r2]
1000375a:	3218      	adds	r2, #24
1000375c:	3101      	adds	r1, #1
1000375e:	5299      	strh	r1, [r3, r2]
10003760:	3218      	adds	r2, #24
10003762:	3101      	adds	r1, #1
10003764:	5299      	strh	r1, [r3, r2]
10003766:	4b0c      	ldr	r3, [pc, #48]	@ (10003798 <runtime_init_default_alarm_pool+0xd0>)
10003768:	490c      	ldr	r1, [pc, #48]	@ (1000379c <runtime_init_default_alarm_pool+0xd4>)
1000376a:	60dc      	str	r4, [r3, #12]
1000376c:	3001      	adds	r0, #1
1000376e:	6235      	str	r5, [r6, #32]
10003770:	f7ff fc72 	bl	10003058 <irq_set_exclusive_handler>
10003774:	2101      	movs	r1, #1
10003776:	2003      	movs	r0, #3
10003778:	f7ff fc50 	bl	1000301c <irq_set_enabled>
1000377c:	4b08      	ldr	r3, [pc, #32]	@ (100037a0 <runtime_init_default_alarm_pool+0xd8>)
1000377e:	601d      	str	r5, [r3, #0]
10003780:	e7a7      	b.n	100036d2 <runtime_init_default_alarm_pool+0xa>
10003782:	46c0      	nop			@ (mov r8, r8)
10003784:	2000035c 	.word	0x2000035c
10003788:	20000ccc 	.word	0x20000ccc
1000378c:	40054000 	.word	0x40054000
10003790:	34000040 	.word	0x34000040
10003794:	0010ffff 	.word	0x0010ffff
10003798:	20000cb0 	.word	0x20000cb0
1000379c:	100033e5 	.word	0x100033e5
100037a0:	40056038 	.word	0x40056038

100037a4 <alarm_pool_get_default>:
100037a4:	4800      	ldr	r0, [pc, #0]	@ (100037a8 <alarm_pool_get_default+0x4>)
100037a6:	4770      	bx	lr
100037a8:	2000035c 	.word	0x2000035c

100037ac <alarm_pool_add_alarm_at_force_in_context>:
100037ac:	b570      	push	{r4, r5, r6, lr}
100037ae:	0001      	movs	r1, r0
100037b0:	6904      	ldr	r4, [r0, #16]
100037b2:	f3ef 8c10 	mrs	ip, PRIMASK
100037b6:	b672      	cpsid	i
100037b8:	6820      	ldr	r0, [r4, #0]
100037ba:	2800      	cmp	r0, #0
100037bc:	d0fc      	beq.n	100037b8 <alarm_pool_add_alarm_at_force_in_context+0xc>
100037be:	f3bf 8f5f 	dmb	sy
100037c2:	2002      	movs	r0, #2
100037c4:	5e0d      	ldrsh	r5, [r1, r0]
100037c6:	694c      	ldr	r4, [r1, #20]
100037c8:	0068      	lsls	r0, r5, #1
100037ca:	1940      	adds	r0, r0, r5
100037cc:	00c0      	lsls	r0, r0, #3
100037ce:	1824      	adds	r4, r4, r0
100037d0:	2d00      	cmp	r5, #0
100037d2:	db37      	blt.n	10003844 <alarm_pool_add_alarm_at_force_in_context+0x98>
100037d4:	8820      	ldrh	r0, [r4, #0]
100037d6:	8048      	strh	r0, [r1, #2]
100037d8:	6908      	ldr	r0, [r1, #16]
100037da:	f3bf 8f5f 	dmb	sy
100037de:	2600      	movs	r6, #0
100037e0:	6006      	str	r6, [r0, #0]
100037e2:	f38c 8810 	msr	PRIMASK, ip
100037e6:	60e3      	str	r3, [r4, #12]
100037e8:	8863      	ldrh	r3, [r4, #2]
100037ea:	9804      	ldr	r0, [sp, #16]
100037ec:	3301      	adds	r3, #1
100037ee:	6120      	str	r0, [r4, #16]
100037f0:	045b      	lsls	r3, r3, #17
100037f2:	9805      	ldr	r0, [sp, #20]
100037f4:	0c5b      	lsrs	r3, r3, #17
100037f6:	60a2      	str	r2, [r4, #8]
100037f8:	6160      	str	r0, [r4, #20]
100037fa:	1c1a      	adds	r2, r3, #0
100037fc:	2b00      	cmp	r3, #0
100037fe:	d01f      	beq.n	10003840 <alarm_pool_add_alarm_at_force_in_context+0x94>
10003800:	b293      	uxth	r3, r2
10003802:	0428      	lsls	r0, r5, #16
10003804:	8062      	strh	r2, [r4, #2]
10003806:	4318      	orrs	r0, r3
10003808:	690a      	ldr	r2, [r1, #16]
1000380a:	f3ef 8c10 	mrs	ip, PRIMASK
1000380e:	b672      	cpsid	i
10003810:	6813      	ldr	r3, [r2, #0]
10003812:	2b00      	cmp	r3, #0
10003814:	d0fc      	beq.n	10003810 <alarm_pool_add_alarm_at_force_in_context+0x64>
10003816:	f3bf 8f5f 	dmb	sy
1000381a:	888b      	ldrh	r3, [r1, #4]
1000381c:	8023      	strh	r3, [r4, #0]
1000381e:	808d      	strh	r5, [r1, #4]
10003820:	690b      	ldr	r3, [r1, #16]
10003822:	f3bf 8f5f 	dmb	sy
10003826:	2200      	movs	r2, #0
10003828:	601a      	str	r2, [r3, #0]
1000382a:	f38c 8810 	msr	PRIMASK, ip
1000382e:	780b      	ldrb	r3, [r1, #0]
10003830:	3201      	adds	r2, #1
10003832:	409a      	lsls	r2, r3
10003834:	68cb      	ldr	r3, [r1, #12]
10003836:	4908      	ldr	r1, [pc, #32]	@ (10003858 <alarm_pool_add_alarm_at_force_in_context+0xac>)
10003838:	468c      	mov	ip, r1
1000383a:	4463      	add	r3, ip
1000383c:	601a      	str	r2, [r3, #0]
1000383e:	bd70      	pop	{r4, r5, r6, pc}
10003840:	2201      	movs	r2, #1
10003842:	e7dd      	b.n	10003800 <alarm_pool_add_alarm_at_force_in_context+0x54>
10003844:	690b      	ldr	r3, [r1, #16]
10003846:	f3bf 8f5f 	dmb	sy
1000384a:	2200      	movs	r2, #0
1000384c:	601a      	str	r2, [r3, #0]
1000384e:	f38c 8810 	msr	PRIMASK, ip
10003852:	2001      	movs	r0, #1
10003854:	4240      	negs	r0, r0
10003856:	e7f2      	b.n	1000383e <alarm_pool_add_alarm_at_force_in_context+0x92>
10003858:	0000203c 	.word	0x0000203c

1000385c <alarm_pool_cancel_alarm>:
1000385c:	b510      	push	{r4, lr}
1000385e:	8943      	ldrh	r3, [r0, #10]
10003860:	140a      	asrs	r2, r1, #16
10003862:	4293      	cmp	r3, r2
10003864:	dd1a      	ble.n	1000389c <alarm_pool_cancel_alarm+0x40>
10003866:	0053      	lsls	r3, r2, #1
10003868:	189b      	adds	r3, r3, r2
1000386a:	6942      	ldr	r2, [r0, #20]
1000386c:	00db      	lsls	r3, r3, #3
1000386e:	18d3      	adds	r3, r2, r3
10003870:	6904      	ldr	r4, [r0, #16]
10003872:	f3ef 8c10 	mrs	ip, PRIMASK
10003876:	b672      	cpsid	i
10003878:	6822      	ldr	r2, [r4, #0]
1000387a:	2a00      	cmp	r2, #0
1000387c:	d0fc      	beq.n	10003878 <alarm_pool_cancel_alarm+0x1c>
1000387e:	f3bf 8f5f 	dmb	sy
10003882:	885a      	ldrh	r2, [r3, #2]
10003884:	0409      	lsls	r1, r1, #16
10003886:	b294      	uxth	r4, r2
10003888:	0c09      	lsrs	r1, r1, #16
1000388a:	428a      	cmp	r2, r1
1000388c:	d008      	beq.n	100038a0 <alarm_pool_cancel_alarm+0x44>
1000388e:	6903      	ldr	r3, [r0, #16]
10003890:	f3bf 8f5f 	dmb	sy
10003894:	2200      	movs	r2, #0
10003896:	601a      	str	r2, [r3, #0]
10003898:	f38c 8810 	msr	PRIMASK, ip
1000389c:	2000      	movs	r0, #0
1000389e:	bd10      	pop	{r4, pc}
100038a0:	2280      	movs	r2, #128	@ 0x80
100038a2:	0212      	lsls	r2, r2, #8
100038a4:	4314      	orrs	r4, r2
100038a6:	805c      	strh	r4, [r3, #2]
100038a8:	2301      	movs	r3, #1
100038aa:	6902      	ldr	r2, [r0, #16]
100038ac:	7183      	strb	r3, [r0, #6]
100038ae:	f3bf 8f5f 	dmb	sy
100038b2:	2100      	movs	r1, #0
100038b4:	6011      	str	r1, [r2, #0]
100038b6:	f38c 8810 	msr	PRIMASK, ip
100038ba:	4904      	ldr	r1, [pc, #16]	@ (100038cc <alarm_pool_cancel_alarm+0x70>)
100038bc:	7802      	ldrb	r2, [r0, #0]
100038be:	468c      	mov	ip, r1
100038c0:	4093      	lsls	r3, r2
100038c2:	68c2      	ldr	r2, [r0, #12]
100038c4:	2001      	movs	r0, #1
100038c6:	4462      	add	r2, ip
100038c8:	6013      	str	r3, [r2, #0]
100038ca:	e7e8      	b.n	1000389e <alarm_pool_cancel_alarm+0x42>
100038cc:	0000203c 	.word	0x0000203c

100038d0 <sleep_until>:
100038d0:	b5f0      	push	{r4, r5, r6, r7, lr}
100038d2:	0004      	movs	r4, r0
100038d4:	000d      	movs	r5, r1
100038d6:	2606      	movs	r6, #6
100038d8:	4276      	negs	r6, r6
100038da:	17f7      	asrs	r7, r6, #31
100038dc:	46c6      	mov	lr, r8
100038de:	1936      	adds	r6, r6, r4
100038e0:	416f      	adcs	r7, r5
100038e2:	b500      	push	{lr}
100038e4:	b082      	sub	sp, #8
100038e6:	428f      	cmp	r7, r1
100038e8:	d814      	bhi.n	10003914 <sleep_until+0x44>
100038ea:	d011      	beq.n	10003910 <sleep_until+0x40>
100038ec:	f000 f9b8 	bl	10003c60 <time_us_64>
100038f0:	0032      	movs	r2, r6
100038f2:	003b      	movs	r3, r7
100038f4:	1a12      	subs	r2, r2, r0
100038f6:	418b      	sbcs	r3, r1
100038f8:	2b00      	cmp	r3, #0
100038fa:	dc17      	bgt.n	1000392c <sleep_until+0x5c>
100038fc:	2b00      	cmp	r3, #0
100038fe:	d047      	beq.n	10003990 <sleep_until+0xc0>
10003900:	0020      	movs	r0, r4
10003902:	0029      	movs	r1, r5
10003904:	f000 f9ea 	bl	10003cdc <busy_wait_until>
10003908:	b002      	add	sp, #8
1000390a:	bc80      	pop	{r7}
1000390c:	46b8      	mov	r8, r7
1000390e:	bdf0      	pop	{r4, r5, r6, r7, pc}
10003910:	4286      	cmp	r6, r0
10003912:	d9eb      	bls.n	100038ec <sleep_until+0x1c>
10003914:	2200      	movs	r2, #0
10003916:	2300      	movs	r3, #0
10003918:	0016      	movs	r6, r2
1000391a:	001f      	movs	r7, r3
1000391c:	f000 f9a0 	bl	10003c60 <time_us_64>
10003920:	0032      	movs	r2, r6
10003922:	003b      	movs	r3, r7
10003924:	1a12      	subs	r2, r2, r0
10003926:	418b      	sbcs	r3, r1
10003928:	2b00      	cmp	r3, #0
1000392a:	dde7      	ble.n	100038fc <sleep_until+0x2c>
1000392c:	f000 f998 	bl	10003c60 <time_us_64>
10003930:	0032      	movs	r2, r6
10003932:	003b      	movs	r3, r7
10003934:	1a12      	subs	r2, r2, r0
10003936:	418b      	sbcs	r3, r1
10003938:	2b00      	cmp	r3, #0
1000393a:	db0a      	blt.n	10003952 <sleep_until+0x82>
1000393c:	2300      	movs	r3, #0
1000393e:	9301      	str	r3, [sp, #4]
10003940:	4b15      	ldr	r3, [pc, #84]	@ (10003998 <sleep_until+0xc8>)
10003942:	0032      	movs	r2, r6
10003944:	9300      	str	r3, [sp, #0]
10003946:	4815      	ldr	r0, [pc, #84]	@ (1000399c <sleep_until+0xcc>)
10003948:	003b      	movs	r3, r7
1000394a:	f7ff ff2f 	bl	100037ac <alarm_pool_add_alarm_at_force_in_context>
1000394e:	2800      	cmp	r0, #0
10003950:	dbd6      	blt.n	10003900 <sleep_until+0x30>
10003952:	2300      	movs	r3, #0
10003954:	469c      	mov	ip, r3
10003956:	46b0      	mov	r8, r6
10003958:	4a11      	ldr	r2, [pc, #68]	@ (100039a0 <sleep_until+0xd0>)
1000395a:	4e12      	ldr	r6, [pc, #72]	@ (100039a4 <sleep_until+0xd4>)
1000395c:	6a73      	ldr	r3, [r6, #36]	@ 0x24
1000395e:	429f      	cmp	r7, r3
10003960:	d804      	bhi.n	1000396c <sleep_until+0x9c>
10003962:	6ab1      	ldr	r1, [r6, #40]	@ 0x28
10003964:	4588      	cmp	r8, r1
10003966:	d9cb      	bls.n	10003900 <sleep_until+0x30>
10003968:	429f      	cmp	r7, r3
1000396a:	d1c9      	bne.n	10003900 <sleep_until+0x30>
1000396c:	6811      	ldr	r1, [r2, #0]
1000396e:	f3ef 8010 	mrs	r0, PRIMASK
10003972:	b672      	cpsid	i
10003974:	680b      	ldr	r3, [r1, #0]
10003976:	2b00      	cmp	r3, #0
10003978:	d0fc      	beq.n	10003974 <sleep_until+0xa4>
1000397a:	f3bf 8f5f 	dmb	sy
1000397e:	6813      	ldr	r3, [r2, #0]
10003980:	f3bf 8f5f 	dmb	sy
10003984:	4661      	mov	r1, ip
10003986:	6019      	str	r1, [r3, #0]
10003988:	f380 8810 	msr	PRIMASK, r0
1000398c:	bf20      	wfe
1000398e:	e7e5      	b.n	1000395c <sleep_until+0x8c>
10003990:	2a00      	cmp	r2, #0
10003992:	d0b5      	beq.n	10003900 <sleep_until+0x30>
10003994:	e7ca      	b.n	1000392c <sleep_until+0x5c>
10003996:	46c0      	nop			@ (mov r8, r8)
10003998:	100033b5 	.word	0x100033b5
1000399c:	2000035c 	.word	0x2000035c
100039a0:	20000ccc 	.word	0x20000ccc
100039a4:	40054000 	.word	0x40054000

100039a8 <sleep_ms>:
100039a8:	b570      	push	{r4, r5, r6, lr}
100039aa:	0006      	movs	r6, r0
100039ac:	f000 f958 	bl	10003c60 <time_us_64>
100039b0:	22fa      	movs	r2, #250	@ 0xfa
100039b2:	0004      	movs	r4, r0
100039b4:	000d      	movs	r5, r1
100039b6:	2300      	movs	r3, #0
100039b8:	0030      	movs	r0, r6
100039ba:	2100      	movs	r1, #0
100039bc:	0092      	lsls	r2, r2, #2
100039be:	f001 faf9 	bl	10004fb4 <__wrap___aeabi_lmul>
100039c2:	2380      	movs	r3, #128	@ 0x80
100039c4:	1900      	adds	r0, r0, r4
100039c6:	4169      	adcs	r1, r5
100039c8:	061b      	lsls	r3, r3, #24
100039ca:	4299      	cmp	r1, r3
100039cc:	d302      	bcc.n	100039d4 <sleep_ms+0x2c>
100039ce:	2001      	movs	r0, #1
100039d0:	4902      	ldr	r1, [pc, #8]	@ (100039dc <sleep_ms+0x34>)
100039d2:	4240      	negs	r0, r0
100039d4:	f7ff ff7c 	bl	100038d0 <sleep_until>
100039d8:	bd70      	pop	{r4, r5, r6, pc}
100039da:	46c0      	nop			@ (mov r8, r8)
100039dc:	7fffffff 	.word	0x7fffffff

100039e0 <best_effort_wfe_or_timeout>:
100039e0:	b5f0      	push	{r4, r5, r6, r7, lr}
100039e2:	46c6      	mov	lr, r8
100039e4:	0004      	movs	r4, r0
100039e6:	000d      	movs	r5, r1
100039e8:	b500      	push	{lr}
100039ea:	f3ef 8305 	mrs	r3, IPSR
100039ee:	000e      	movs	r6, r1
100039f0:	2b00      	cmp	r3, #0
100039f2:	d00c      	beq.n	10003a0e <best_effort_wfe_or_timeout+0x2e>
100039f4:	4943      	ldr	r1, [pc, #268]	@ (10003b04 <best_effort_wfe_or_timeout+0x124>)
100039f6:	2000      	movs	r0, #0
100039f8:	6a4b      	ldr	r3, [r1, #36]	@ 0x24
100039fa:	42ab      	cmp	r3, r5
100039fc:	d304      	bcc.n	10003a08 <best_effort_wfe_or_timeout+0x28>
100039fe:	6a8a      	ldr	r2, [r1, #40]	@ 0x28
10003a00:	3001      	adds	r0, #1
10003a02:	42a2      	cmp	r2, r4
10003a04:	d200      	bcs.n	10003a08 <best_effort_wfe_or_timeout+0x28>
10003a06:	e06a      	b.n	10003ade <best_effort_wfe_or_timeout+0xfe>
10003a08:	bc80      	pop	{r7}
10003a0a:	46b8      	mov	r8, r7
10003a0c:	bdf0      	pop	{r4, r5, r6, r7, pc}
10003a0e:	f000 f927 	bl	10003c60 <time_us_64>
10003a12:	0022      	movs	r2, r4
10003a14:	002b      	movs	r3, r5
10003a16:	1a12      	subs	r2, r2, r0
10003a18:	418b      	sbcs	r3, r1
10003a1a:	2b00      	cmp	r3, #0
10003a1c:	db54      	blt.n	10003ac8 <best_effort_wfe_or_timeout+0xe8>
10003a1e:	483a      	ldr	r0, [pc, #232]	@ (10003b08 <best_effort_wfe_or_timeout+0x128>)
10003a20:	6902      	ldr	r2, [r0, #16]
10003a22:	f3ef 8810 	mrs	r8, PRIMASK
10003a26:	b672      	cpsid	i
10003a28:	6813      	ldr	r3, [r2, #0]
10003a2a:	2b00      	cmp	r3, #0
10003a2c:	d0fc      	beq.n	10003a28 <best_effort_wfe_or_timeout+0x48>
10003a2e:	f3bf 8f5f 	dmb	sy
10003a32:	2302      	movs	r3, #2
10003a34:	5ec7      	ldrsh	r7, [r0, r3]
10003a36:	6943      	ldr	r3, [r0, #20]
10003a38:	007a      	lsls	r2, r7, #1
10003a3a:	19d2      	adds	r2, r2, r7
10003a3c:	00d2      	lsls	r2, r2, #3
10003a3e:	189b      	adds	r3, r3, r2
10003a40:	2f00      	cmp	r7, #0
10003a42:	db57      	blt.n	10003af4 <best_effort_wfe_or_timeout+0x114>
10003a44:	881a      	ldrh	r2, [r3, #0]
10003a46:	8042      	strh	r2, [r0, #2]
10003a48:	6902      	ldr	r2, [r0, #16]
10003a4a:	4694      	mov	ip, r2
10003a4c:	f3bf 8f5f 	dmb	sy
10003a50:	2200      	movs	r2, #0
10003a52:	4661      	mov	r1, ip
10003a54:	600a      	str	r2, [r1, #0]
10003a56:	f388 8810 	msr	PRIMASK, r8
10003a5a:	615a      	str	r2, [r3, #20]
10003a5c:	885a      	ldrh	r2, [r3, #2]
10003a5e:	492b      	ldr	r1, [pc, #172]	@ (10003b0c <best_effort_wfe_or_timeout+0x12c>)
10003a60:	3201      	adds	r2, #1
10003a62:	0452      	lsls	r2, r2, #17
10003a64:	0c52      	lsrs	r2, r2, #17
10003a66:	6119      	str	r1, [r3, #16]
10003a68:	609c      	str	r4, [r3, #8]
10003a6a:	60dd      	str	r5, [r3, #12]
10003a6c:	1c11      	adds	r1, r2, #0
10003a6e:	2a00      	cmp	r2, #0
10003a70:	d100      	bne.n	10003a74 <best_effort_wfe_or_timeout+0x94>
10003a72:	2101      	movs	r1, #1
10003a74:	b28a      	uxth	r2, r1
10003a76:	8059      	strh	r1, [r3, #2]
10003a78:	0439      	lsls	r1, r7, #16
10003a7a:	4311      	orrs	r1, r2
10003a7c:	6902      	ldr	r2, [r0, #16]
10003a7e:	4694      	mov	ip, r2
10003a80:	f3ef 8810 	mrs	r8, PRIMASK
10003a84:	b672      	cpsid	i
10003a86:	4662      	mov	r2, ip
10003a88:	6812      	ldr	r2, [r2, #0]
10003a8a:	2a00      	cmp	r2, #0
10003a8c:	d0fb      	beq.n	10003a86 <best_effort_wfe_or_timeout+0xa6>
10003a8e:	f3bf 8f5f 	dmb	sy
10003a92:	8882      	ldrh	r2, [r0, #4]
10003a94:	801a      	strh	r2, [r3, #0]
10003a96:	6903      	ldr	r3, [r0, #16]
10003a98:	8087      	strh	r7, [r0, #4]
10003a9a:	f3bf 8f5f 	dmb	sy
10003a9e:	2200      	movs	r2, #0
10003aa0:	601a      	str	r2, [r3, #0]
10003aa2:	f388 8810 	msr	PRIMASK, r8
10003aa6:	4f1a      	ldr	r7, [pc, #104]	@ (10003b10 <best_effort_wfe_or_timeout+0x130>)
10003aa8:	7803      	ldrb	r3, [r0, #0]
10003aaa:	46bc      	mov	ip, r7
10003aac:	3201      	adds	r2, #1
10003aae:	409a      	lsls	r2, r3
10003ab0:	68c3      	ldr	r3, [r0, #12]
10003ab2:	4463      	add	r3, ip
10003ab4:	601a      	str	r2, [r3, #0]
10003ab6:	bf40      	sev
10003ab8:	bf20      	wfe
10003aba:	4b12      	ldr	r3, [pc, #72]	@ (10003b04 <best_effort_wfe_or_timeout+0x124>)
10003abc:	6a5a      	ldr	r2, [r3, #36]	@ 0x24
10003abe:	42b2      	cmp	r2, r6
10003ac0:	d212      	bcs.n	10003ae8 <best_effort_wfe_or_timeout+0x108>
10003ac2:	bf20      	wfe
10003ac4:	f7ff feca 	bl	1000385c <alarm_pool_cancel_alarm>
10003ac8:	4a0e      	ldr	r2, [pc, #56]	@ (10003b04 <best_effort_wfe_or_timeout+0x124>)
10003aca:	2000      	movs	r0, #0
10003acc:	6a53      	ldr	r3, [r2, #36]	@ 0x24
10003ace:	42b3      	cmp	r3, r6
10003ad0:	d200      	bcs.n	10003ad4 <best_effort_wfe_or_timeout+0xf4>
10003ad2:	e799      	b.n	10003a08 <best_effort_wfe_or_timeout+0x28>
10003ad4:	6a92      	ldr	r2, [r2, #40]	@ 0x28
10003ad6:	3001      	adds	r0, #1
10003ad8:	42a2      	cmp	r2, r4
10003ada:	d300      	bcc.n	10003ade <best_effort_wfe_or_timeout+0xfe>
10003adc:	e794      	b.n	10003a08 <best_effort_wfe_or_timeout+0x28>
10003ade:	1b5b      	subs	r3, r3, r5
10003ae0:	1e5a      	subs	r2, r3, #1
10003ae2:	4193      	sbcs	r3, r2
10003ae4:	b2d8      	uxtb	r0, r3
10003ae6:	e78f      	b.n	10003a08 <best_effort_wfe_or_timeout+0x28>
10003ae8:	6a9b      	ldr	r3, [r3, #40]	@ 0x28
10003aea:	42a3      	cmp	r3, r4
10003aec:	d2ea      	bcs.n	10003ac4 <best_effort_wfe_or_timeout+0xe4>
10003aee:	42b2      	cmp	r2, r6
10003af0:	d1e8      	bne.n	10003ac4 <best_effort_wfe_or_timeout+0xe4>
10003af2:	e7e6      	b.n	10003ac2 <best_effort_wfe_or_timeout+0xe2>
10003af4:	6903      	ldr	r3, [r0, #16]
10003af6:	f3bf 8f5f 	dmb	sy
10003afa:	2200      	movs	r2, #0
10003afc:	601a      	str	r2, [r3, #0]
10003afe:	f388 8810 	msr	PRIMASK, r8
10003b02:	e7e1      	b.n	10003ac8 <best_effort_wfe_or_timeout+0xe8>
10003b04:	40054000 	.word	0x40054000
10003b08:	2000035c 	.word	0x2000035c
10003b0c:	100033b5 	.word	0x100033b5
10003b10:	0000203c 	.word	0x0000203c

10003b14 <alarm_pool_add_repeating_timer_us>:
10003b14:	b5f0      	push	{r4, r5, r6, r7, lr}
10003b16:	46ce      	mov	lr, r9
10003b18:	4647      	mov	r7, r8
10003b1a:	0011      	movs	r1, r2
10003b1c:	b580      	push	{r7, lr}
10003b1e:	b083      	sub	sp, #12
10003b20:	0004      	movs	r4, r0
10003b22:	469c      	mov	ip, r3
10003b24:	9d0c      	ldr	r5, [sp, #48]	@ 0x30
10003b26:	4319      	orrs	r1, r3
10003b28:	d100      	bne.n	10003b2c <alarm_pool_add_repeating_timer_us+0x18>
10003b2a:	e06e      	b.n	10003c0a <alarm_pool_add_repeating_timer_us+0xf6>
10003b2c:	4661      	mov	r1, ip
10003b2e:	17db      	asrs	r3, r3, #31
10003b30:	9301      	str	r3, [sp, #4]
10003b32:	9300      	str	r3, [sp, #0]
10003b34:	4053      	eors	r3, r2
10003b36:	001e      	movs	r6, r3
10003b38:	9b01      	ldr	r3, [sp, #4]
10003b3a:	404b      	eors	r3, r1
10003b3c:	001f      	movs	r7, r3
10003b3e:	9800      	ldr	r0, [sp, #0]
10003b40:	9901      	ldr	r1, [sp, #4]
10003b42:	1a36      	subs	r6, r6, r0
10003b44:	418f      	sbcs	r7, r1
10003b46:	4663      	mov	r3, ip
10003b48:	990a      	ldr	r1, [sp, #40]	@ 0x28
10003b4a:	606b      	str	r3, [r5, #4]
10003b4c:	9b0b      	ldr	r3, [sp, #44]	@ 0x2c
10003b4e:	60ac      	str	r4, [r5, #8]
10003b50:	616b      	str	r3, [r5, #20]
10003b52:	6129      	str	r1, [r5, #16]
10003b54:	602a      	str	r2, [r5, #0]
10003b56:	f000 f883 	bl	10003c60 <time_us_64>
10003b5a:	2380      	movs	r3, #128	@ 0x80
10003b5c:	1980      	adds	r0, r0, r6
10003b5e:	4179      	adcs	r1, r7
10003b60:	061b      	lsls	r3, r3, #24
10003b62:	4299      	cmp	r1, r3
10003b64:	d302      	bcc.n	10003b6c <alarm_pool_add_repeating_timer_us+0x58>
10003b66:	2001      	movs	r0, #1
10003b68:	4931      	ldr	r1, [pc, #196]	@ (10003c30 <alarm_pool_add_repeating_timer_us+0x11c>)
10003b6a:	4240      	negs	r0, r0
10003b6c:	6922      	ldr	r2, [r4, #16]
10003b6e:	f3ef 8910 	mrs	r9, PRIMASK
10003b72:	b672      	cpsid	i
10003b74:	6813      	ldr	r3, [r2, #0]
10003b76:	2b00      	cmp	r3, #0
10003b78:	d0fc      	beq.n	10003b74 <alarm_pool_add_repeating_timer_us+0x60>
10003b7a:	f3bf 8f5f 	dmb	sy
10003b7e:	2302      	movs	r3, #2
10003b80:	5ee6      	ldrsh	r6, [r4, r3]
10003b82:	6963      	ldr	r3, [r4, #20]
10003b84:	0072      	lsls	r2, r6, #1
10003b86:	1992      	adds	r2, r2, r6
10003b88:	00d2      	lsls	r2, r2, #3
10003b8a:	189b      	adds	r3, r3, r2
10003b8c:	2e00      	cmp	r6, #0
10003b8e:	db44      	blt.n	10003c1a <alarm_pool_add_repeating_timer_us+0x106>
10003b90:	881a      	ldrh	r2, [r3, #0]
10003b92:	8062      	strh	r2, [r4, #2]
10003b94:	6922      	ldr	r2, [r4, #16]
10003b96:	4690      	mov	r8, r2
10003b98:	f3bf 8f5f 	dmb	sy
10003b9c:	2200      	movs	r2, #0
10003b9e:	4647      	mov	r7, r8
10003ba0:	603a      	str	r2, [r7, #0]
10003ba2:	f389 8810 	msr	PRIMASK, r9
10003ba6:	4a23      	ldr	r2, [pc, #140]	@ (10003c34 <alarm_pool_add_repeating_timer_us+0x120>)
10003ba8:	6098      	str	r0, [r3, #8]
10003baa:	60d9      	str	r1, [r3, #12]
10003bac:	611a      	str	r2, [r3, #16]
10003bae:	885a      	ldrh	r2, [r3, #2]
10003bb0:	615d      	str	r5, [r3, #20]
10003bb2:	3201      	adds	r2, #1
10003bb4:	0452      	lsls	r2, r2, #17
10003bb6:	0c52      	lsrs	r2, r2, #17
10003bb8:	1c11      	adds	r1, r2, #0
10003bba:	2a00      	cmp	r2, #0
10003bbc:	d02b      	beq.n	10003c16 <alarm_pool_add_repeating_timer_us+0x102>
10003bbe:	b288      	uxth	r0, r1
10003bc0:	0432      	lsls	r2, r6, #16
10003bc2:	4302      	orrs	r2, r0
10003bc4:	8059      	strh	r1, [r3, #2]
10003bc6:	6920      	ldr	r0, [r4, #16]
10003bc8:	f3ef 8710 	mrs	r7, PRIMASK
10003bcc:	b672      	cpsid	i
10003bce:	6801      	ldr	r1, [r0, #0]
10003bd0:	2900      	cmp	r1, #0
10003bd2:	d0fc      	beq.n	10003bce <alarm_pool_add_repeating_timer_us+0xba>
10003bd4:	f3bf 8f5f 	dmb	sy
10003bd8:	88a1      	ldrh	r1, [r4, #4]
10003bda:	8019      	strh	r1, [r3, #0]
10003bdc:	80a6      	strh	r6, [r4, #4]
10003bde:	6923      	ldr	r3, [r4, #16]
10003be0:	f3bf 8f5f 	dmb	sy
10003be4:	2100      	movs	r1, #0
10003be6:	6019      	str	r1, [r3, #0]
10003be8:	f387 8810 	msr	PRIMASK, r7
10003bec:	4812      	ldr	r0, [pc, #72]	@ (10003c38 <alarm_pool_add_repeating_timer_us+0x124>)
10003bee:	7823      	ldrb	r3, [r4, #0]
10003bf0:	4684      	mov	ip, r0
10003bf2:	3101      	adds	r1, #1
10003bf4:	4099      	lsls	r1, r3
10003bf6:	2001      	movs	r0, #1
10003bf8:	68e3      	ldr	r3, [r4, #12]
10003bfa:	4463      	add	r3, ip
10003bfc:	6019      	str	r1, [r3, #0]
10003bfe:	60ea      	str	r2, [r5, #12]
10003c00:	b003      	add	sp, #12
10003c02:	bcc0      	pop	{r6, r7}
10003c04:	46b9      	mov	r9, r7
10003c06:	46b0      	mov	r8, r6
10003c08:	bdf0      	pop	{r4, r5, r6, r7, pc}
10003c0a:	2300      	movs	r3, #0
10003c0c:	2601      	movs	r6, #1
10003c0e:	2700      	movs	r7, #0
10003c10:	2201      	movs	r2, #1
10003c12:	469c      	mov	ip, r3
10003c14:	e797      	b.n	10003b46 <alarm_pool_add_repeating_timer_us+0x32>
10003c16:	2101      	movs	r1, #1
10003c18:	e7d1      	b.n	10003bbe <alarm_pool_add_repeating_timer_us+0xaa>
10003c1a:	6923      	ldr	r3, [r4, #16]
10003c1c:	f3bf 8f5f 	dmb	sy
10003c20:	2200      	movs	r2, #0
10003c22:	601a      	str	r2, [r3, #0]
10003c24:	f389 8810 	msr	PRIMASK, r9
10003c28:	2000      	movs	r0, #0
10003c2a:	3a01      	subs	r2, #1
10003c2c:	e7e7      	b.n	10003bfe <alarm_pool_add_repeating_timer_us+0xea>
10003c2e:	46c0      	nop			@ (mov r8, r8)
10003c30:	7fffffff 	.word	0x7fffffff
10003c34:	100033e5 	.word	0x100033e5
10003c38:	0000203c 	.word	0x0000203c

10003c3c <timer_hardware_alarm_claim>:
10003c3c:	b510      	push	{r4, lr}
10003c3e:	4a02      	ldr	r2, [pc, #8]	@ (10003c48 <timer_hardware_alarm_claim+0xc>)
10003c40:	4802      	ldr	r0, [pc, #8]	@ (10003c4c <timer_hardware_alarm_claim+0x10>)
10003c42:	f7ff f99d 	bl	10002f80 <hw_claim_or_assert>
10003c46:	bd10      	pop	{r4, pc}
10003c48:	10007258 	.word	0x10007258
10003c4c:	20000750 	.word	0x20000750

10003c50 <timer_time_us_64>:
10003c50:	0003      	movs	r3, r0
10003c52:	6a41      	ldr	r1, [r0, #36]	@ 0x24
10003c54:	000a      	movs	r2, r1
10003c56:	6a98      	ldr	r0, [r3, #40]	@ 0x28
10003c58:	6a59      	ldr	r1, [r3, #36]	@ 0x24
10003c5a:	428a      	cmp	r2, r1
10003c5c:	d1fa      	bne.n	10003c54 <timer_time_us_64+0x4>
10003c5e:	4770      	bx	lr

10003c60 <time_us_64>:
10003c60:	4b03      	ldr	r3, [pc, #12]	@ (10003c70 <time_us_64+0x10>)
10003c62:	6a59      	ldr	r1, [r3, #36]	@ 0x24
10003c64:	000a      	movs	r2, r1
10003c66:	6a98      	ldr	r0, [r3, #40]	@ 0x28
10003c68:	6a59      	ldr	r1, [r3, #36]	@ 0x24
10003c6a:	4291      	cmp	r1, r2
10003c6c:	d1fa      	bne.n	10003c64 <time_us_64+0x4>
10003c6e:	4770      	bx	lr
10003c70:	40054000 	.word	0x40054000

10003c74 <busy_wait_us>:
10003c74:	b570      	push	{r4, r5, r6, lr}
10003c76:	0004      	movs	r4, r0
10003c78:	000d      	movs	r5, r1
10003c7a:	4a17      	ldr	r2, [pc, #92]	@ (10003cd8 <busy_wait_us+0x64>)
10003c7c:	6a53      	ldr	r3, [r2, #36]	@ 0x24
10003c7e:	0019      	movs	r1, r3
10003c80:	6a96      	ldr	r6, [r2, #40]	@ 0x28
10003c82:	6a53      	ldr	r3, [r2, #36]	@ 0x24
10003c84:	428b      	cmp	r3, r1
10003c86:	d1fa      	bne.n	10003c7e <busy_wait_us+0xa>
10003c88:	0030      	movs	r0, r6
10003c8a:	0019      	movs	r1, r3
10003c8c:	1824      	adds	r4, r4, r0
10003c8e:	414d      	adcs	r5, r1
10003c90:	42ab      	cmp	r3, r5
10003c92:	d816      	bhi.n	10003cc2 <busy_wait_us+0x4e>
10003c94:	d013      	beq.n	10003cbe <busy_wait_us+0x4a>
10003c96:	4a10      	ldr	r2, [pc, #64]	@ (10003cd8 <busy_wait_us+0x64>)
10003c98:	002b      	movs	r3, r5
10003c9a:	6a52      	ldr	r2, [r2, #36]	@ 0x24
10003c9c:	4295      	cmp	r5, r2
10003c9e:	d903      	bls.n	10003ca8 <busy_wait_us+0x34>
10003ca0:	490d      	ldr	r1, [pc, #52]	@ (10003cd8 <busy_wait_us+0x64>)
10003ca2:	6a4a      	ldr	r2, [r1, #36]	@ 0x24
10003ca4:	429a      	cmp	r2, r3
10003ca6:	d3fc      	bcc.n	10003ca2 <busy_wait_us+0x2e>
10003ca8:	429a      	cmp	r2, r3
10003caa:	d107      	bne.n	10003cbc <busy_wait_us+0x48>
10003cac:	4a0a      	ldr	r2, [pc, #40]	@ (10003cd8 <busy_wait_us+0x64>)
10003cae:	e002      	b.n	10003cb6 <busy_wait_us+0x42>
10003cb0:	6a51      	ldr	r1, [r2, #36]	@ 0x24
10003cb2:	4299      	cmp	r1, r3
10003cb4:	d102      	bne.n	10003cbc <busy_wait_us+0x48>
10003cb6:	6a91      	ldr	r1, [r2, #40]	@ 0x28
10003cb8:	42a1      	cmp	r1, r4
10003cba:	d3f9      	bcc.n	10003cb0 <busy_wait_us+0x3c>
10003cbc:	bd70      	pop	{r4, r5, r6, pc}
10003cbe:	42a6      	cmp	r6, r4
10003cc0:	d9e9      	bls.n	10003c96 <busy_wait_us+0x22>
10003cc2:	4b05      	ldr	r3, [pc, #20]	@ (10003cd8 <busy_wait_us+0x64>)
10003cc4:	6a5b      	ldr	r3, [r3, #36]	@ 0x24
10003cc6:	001c      	movs	r4, r3
10003cc8:	1c5a      	adds	r2, r3, #1
10003cca:	d0ef      	beq.n	10003cac <busy_wait_us+0x38>
10003ccc:	2301      	movs	r3, #1
10003cce:	2401      	movs	r4, #1
10003cd0:	4264      	negs	r4, r4
10003cd2:	17e5      	asrs	r5, r4, #31
10003cd4:	425b      	negs	r3, r3
10003cd6:	e7e3      	b.n	10003ca0 <busy_wait_us+0x2c>
10003cd8:	40054000 	.word	0x40054000

10003cdc <busy_wait_until>:
10003cdc:	4a06      	ldr	r2, [pc, #24]	@ (10003cf8 <busy_wait_until+0x1c>)
10003cde:	6a53      	ldr	r3, [r2, #36]	@ 0x24
10003ce0:	4299      	cmp	r1, r3
10003ce2:	d8fc      	bhi.n	10003cde <busy_wait_until+0x2>
10003ce4:	d107      	bne.n	10003cf6 <busy_wait_until+0x1a>
10003ce6:	4b04      	ldr	r3, [pc, #16]	@ (10003cf8 <busy_wait_until+0x1c>)
10003ce8:	e002      	b.n	10003cf0 <busy_wait_until+0x14>
10003cea:	6a5a      	ldr	r2, [r3, #36]	@ 0x24
10003cec:	4291      	cmp	r1, r2
10003cee:	d102      	bne.n	10003cf6 <busy_wait_until+0x1a>
10003cf0:	6a9a      	ldr	r2, [r3, #40]	@ 0x28
10003cf2:	4282      	cmp	r2, r0
10003cf4:	d3f9      	bcc.n	10003cea <busy_wait_until+0xe>
10003cf6:	4770      	bx	lr
10003cf8:	40054000 	.word	0x40054000

10003cfc <uart_init>:
10003cfc:	b5f8      	push	{r3, r4, r5, r6, r7, lr}
10003cfe:	0004      	movs	r4, r0
10003d00:	2006      	movs	r0, #6
10003d02:	000d      	movs	r5, r1
10003d04:	f000 f978 	bl	10003ff8 <clock_get_hz>
10003d08:	2800      	cmp	r0, #0
10003d0a:	d044      	beq.n	10003d96 <uart_init+0x9a>
10003d0c:	4b37      	ldr	r3, [pc, #220]	@ (10003dec <uart_init+0xf0>)
10003d0e:	4938      	ldr	r1, [pc, #224]	@ (10003df0 <uart_init+0xf4>)
10003d10:	18e3      	adds	r3, r4, r3
10003d12:	1e5a      	subs	r2, r3, #1
10003d14:	4193      	sbcs	r3, r2
10003d16:	2280      	movs	r2, #128	@ 0x80
10003d18:	0412      	lsls	r2, r2, #16
10003d1a:	4694      	mov	ip, r2
10003d1c:	425b      	negs	r3, r3
10003d1e:	0d9b      	lsrs	r3, r3, #22
10003d20:	4a34      	ldr	r2, [pc, #208]	@ (10003df4 <uart_init+0xf8>)
10003d22:	059b      	lsls	r3, r3, #22
10003d24:	4463      	add	r3, ip
10003d26:	6013      	str	r3, [r2, #0]
10003d28:	4a33      	ldr	r2, [pc, #204]	@ (10003df8 <uart_init+0xfc>)
10003d2a:	6013      	str	r3, [r2, #0]
10003d2c:	0018      	movs	r0, r3
10003d2e:	680a      	ldr	r2, [r1, #0]
10003d30:	4390      	bics	r0, r2
10003d32:	d1fb      	bne.n	10003d2c <uart_init+0x30>
10003d34:	4b2d      	ldr	r3, [pc, #180]	@ (10003dec <uart_init+0xf0>)
10003d36:	4a31      	ldr	r2, [pc, #196]	@ (10003dfc <uart_init+0x100>)
10003d38:	18e3      	adds	r3, r4, r3
10003d3a:	4259      	negs	r1, r3
10003d3c:	414b      	adcs	r3, r1
10003d3e:	2180      	movs	r1, #128	@ 0x80
10003d40:	005b      	lsls	r3, r3, #1
10003d42:	0049      	lsls	r1, r1, #1
10003d44:	2006      	movs	r0, #6
10003d46:	5299      	strh	r1, [r3, r2]
10003d48:	f000 f956 	bl	10003ff8 <clock_get_hz>
10003d4c:	0029      	movs	r1, r5
10003d4e:	00c0      	lsls	r0, r0, #3
10003d50:	f000 fb14 	bl	1000437c <__wrap___aeabi_uidiv>
10003d54:	3001      	adds	r0, #1
10003d56:	09c3      	lsrs	r3, r0, #7
10003d58:	d11e      	bne.n	10003d98 <uart_init+0x9c>
10003d5a:	2740      	movs	r7, #64	@ 0x40
10003d5c:	2201      	movs	r2, #1
10003d5e:	6262      	str	r2, [r4, #36]	@ 0x24
10003d60:	62a3      	str	r3, [r4, #40]	@ 0x28
10003d62:	6b26      	ldr	r6, [r4, #48]	@ 0x30
10003d64:	07f3      	lsls	r3, r6, #31
10003d66:	d422      	bmi.n	10003dae <uart_init+0xb2>
10003d68:	6ae3      	ldr	r3, [r4, #44]	@ 0x2c
10003d6a:	4b25      	ldr	r3, [pc, #148]	@ (10003e00 <uart_init+0x104>)
10003d6c:	2006      	movs	r0, #6
10003d6e:	18e5      	adds	r5, r4, r3
10003d70:	2300      	movs	r3, #0
10003d72:	602b      	str	r3, [r5, #0]
10003d74:	6326      	str	r6, [r4, #48]	@ 0x30
10003d76:	f000 f93f 	bl	10003ff8 <clock_get_hz>
10003d7a:	0039      	movs	r1, r7
10003d7c:	0080      	lsls	r0, r0, #2
10003d7e:	f000 fafd 	bl	1000437c <__wrap___aeabi_uidiv>
10003d82:	2370      	movs	r3, #112	@ 0x70
10003d84:	6ae2      	ldr	r2, [r4, #44]	@ 0x2c
10003d86:	405a      	eors	r2, r3
10003d88:	330e      	adds	r3, #14
10003d8a:	4013      	ands	r3, r2
10003d8c:	602b      	str	r3, [r5, #0]
10003d8e:	4b1d      	ldr	r3, [pc, #116]	@ (10003e04 <uart_init+0x108>)
10003d90:	6323      	str	r3, [r4, #48]	@ 0x30
10003d92:	2303      	movs	r3, #3
10003d94:	64a3      	str	r3, [r4, #72]	@ 0x48
10003d96:	bdf8      	pop	{r3, r4, r5, r6, r7, pc}
10003d98:	4a1b      	ldr	r2, [pc, #108]	@ (10003e08 <uart_init+0x10c>)
10003d9a:	4293      	cmp	r3, r2
10003d9c:	d91e      	bls.n	10003ddc <uart_init+0xe0>
10003d9e:	2300      	movs	r3, #0
10003da0:	4a1a      	ldr	r2, [pc, #104]	@ (10003e0c <uart_init+0x110>)
10003da2:	4f1b      	ldr	r7, [pc, #108]	@ (10003e10 <uart_init+0x114>)
10003da4:	6262      	str	r2, [r4, #36]	@ 0x24
10003da6:	62a3      	str	r3, [r4, #40]	@ 0x28
10003da8:	6b26      	ldr	r6, [r4, #48]	@ 0x30
10003daa:	07f3      	lsls	r3, r6, #31
10003dac:	d5dc      	bpl.n	10003d68 <uart_init+0x6c>
10003dae:	4b19      	ldr	r3, [pc, #100]	@ (10003e14 <uart_init+0x118>)
10003db0:	4a14      	ldr	r2, [pc, #80]	@ (10003e04 <uart_init+0x108>)
10003db2:	18e3      	adds	r3, r4, r3
10003db4:	601a      	str	r2, [r3, #0]
10003db6:	6a65      	ldr	r5, [r4, #36]	@ 0x24
10003db8:	6aa3      	ldr	r3, [r4, #40]	@ 0x28
10003dba:	2006      	movs	r0, #6
10003dbc:	01ad      	lsls	r5, r5, #6
10003dbe:	18ed      	adds	r5, r5, r3
10003dc0:	f000 f91a 	bl	10003ff8 <clock_get_hz>
10003dc4:	4914      	ldr	r1, [pc, #80]	@ (10003e18 <uart_init+0x11c>)
10003dc6:	f000 fad9 	bl	1000437c <__wrap___aeabi_uidiv>
10003dca:	02ad      	lsls	r5, r5, #10
10003dcc:	0001      	movs	r1, r0
10003dce:	0028      	movs	r0, r5
10003dd0:	f000 fad4 	bl	1000437c <__wrap___aeabi_uidiv>
10003dd4:	2100      	movs	r1, #0
10003dd6:	f7ff ff4d 	bl	10003c74 <busy_wait_us>
10003dda:	e7c5      	b.n	10003d68 <uart_init+0x6c>
10003ddc:	0640      	lsls	r0, r0, #25
10003dde:	0e80      	lsrs	r0, r0, #26
10003de0:	019f      	lsls	r7, r3, #6
10003de2:	001a      	movs	r2, r3
10003de4:	183f      	adds	r7, r7, r0
10003de6:	0003      	movs	r3, r0
10003de8:	e7b9      	b.n	10003d5e <uart_init+0x62>
10003dea:	46c0      	nop			@ (mov r8, r8)
10003dec:	bffc8000 	.word	0xbffc8000
10003df0:	4000c008 	.word	0x4000c008
10003df4:	4000e000 	.word	0x4000e000
10003df8:	4000f000 	.word	0x4000f000
10003dfc:	20000cdc 	.word	0x20000cdc
10003e00:	0000102c 	.word	0x0000102c
10003e04:	00000301 	.word	0x00000301
10003e08:	0000fffe 	.word	0x0000fffe
10003e0c:	0000ffff 	.word	0x0000ffff
10003e10:	003fffc0 	.word	0x003fffc0
10003e14:	00003030 	.word	0x00003030
10003e18:	00000e4e 	.word	0x00000e4e

10003e1c <clock_configure_int_divider>:
10003e1c:	b5f8      	push	{r3, r4, r5, r6, r7, lr}
10003e1e:	46de      	mov	lr, fp
10003e20:	464e      	mov	r6, r9
10003e22:	4657      	mov	r7, sl
10003e24:	4645      	mov	r5, r8
10003e26:	b5e0      	push	{r5, r6, r7, lr}
10003e28:	468b      	mov	fp, r1
10003e2a:	0005      	movs	r5, r0
10003e2c:	990a      	ldr	r1, [sp, #40]	@ 0x28
10003e2e:	0018      	movs	r0, r3
10003e30:	0016      	movs	r6, r2
10003e32:	f000 faa3 	bl	1000437c <__wrap___aeabi_uidiv>
10003e36:	9b0a      	ldr	r3, [sp, #40]	@ 0x28
10003e38:	006c      	lsls	r4, r5, #1
10003e3a:	021f      	lsls	r7, r3, #8
10003e3c:	4b32      	ldr	r3, [pc, #200]	@ (10003f08 <clock_configure_int_divider+0xec>)
10003e3e:	1964      	adds	r4, r4, r5
10003e40:	469c      	mov	ip, r3
10003e42:	00a4      	lsls	r4, r4, #2
10003e44:	4464      	add	r4, ip
10003e46:	6863      	ldr	r3, [r4, #4]
10003e48:	4681      	mov	r9, r0
10003e4a:	429f      	cmp	r7, r3
10003e4c:	d900      	bls.n	10003e50 <clock_configure_int_divider+0x34>
10003e4e:	6067      	str	r7, [r4, #4]
10003e50:	1f2b      	subs	r3, r5, #4
10003e52:	b2db      	uxtb	r3, r3
10003e54:	4698      	mov	r8, r3
10003e56:	2b01      	cmp	r3, #1
10003e58:	d930      	bls.n	10003ebc <clock_configure_int_divider+0xa0>
10003e5a:	23c0      	movs	r3, #192	@ 0xc0
10003e5c:	2280      	movs	r2, #128	@ 0x80
10003e5e:	019b      	lsls	r3, r3, #6
10003e60:	18e3      	adds	r3, r4, r3
10003e62:	0112      	lsls	r2, r2, #4
10003e64:	601a      	str	r2, [r3, #0]
10003e66:	4b29      	ldr	r3, [pc, #164]	@ (10003f0c <clock_configure_int_divider+0xf0>)
10003e68:	00ad      	lsls	r5, r5, #2
10003e6a:	5959      	ldr	r1, [r3, r5]
10003e6c:	469a      	mov	sl, r3
10003e6e:	2900      	cmp	r1, #0
10003e70:	d11b      	bne.n	10003eaa <clock_configure_int_divider+0x8e>
10003e72:	0173      	lsls	r3, r6, #5
10003e74:	26e0      	movs	r6, #224	@ 0xe0
10003e76:	6822      	ldr	r2, [r4, #0]
10003e78:	4053      	eors	r3, r2
10003e7a:	401e      	ands	r6, r3
10003e7c:	2380      	movs	r3, #128	@ 0x80
10003e7e:	4642      	mov	r2, r8
10003e80:	015b      	lsls	r3, r3, #5
10003e82:	18e3      	adds	r3, r4, r3
10003e84:	601e      	str	r6, [r3, #0]
10003e86:	2a01      	cmp	r2, #1
10003e88:	d930      	bls.n	10003eec <clock_configure_int_divider+0xd0>
10003e8a:	2380      	movs	r3, #128	@ 0x80
10003e8c:	2280      	movs	r2, #128	@ 0x80
10003e8e:	019b      	lsls	r3, r3, #6
10003e90:	18e3      	adds	r3, r4, r3
10003e92:	0112      	lsls	r2, r2, #4
10003e94:	601a      	str	r2, [r3, #0]
10003e96:	4653      	mov	r3, sl
10003e98:	464a      	mov	r2, r9
10003e9a:	6067      	str	r7, [r4, #4]
10003e9c:	515a      	str	r2, [r3, r5]
10003e9e:	bcf0      	pop	{r4, r5, r6, r7}
10003ea0:	46bb      	mov	fp, r7
10003ea2:	46b2      	mov	sl, r6
10003ea4:	46a9      	mov	r9, r5
10003ea6:	46a0      	mov	r8, r4
10003ea8:	bdf8      	pop	{r3, r4, r5, r6, r7, pc}
10003eaa:	6958      	ldr	r0, [r3, #20]
10003eac:	f000 fa66 	bl	1000437c <__wrap___aeabi_uidiv>
10003eb0:	3001      	adds	r0, #1
10003eb2:	0043      	lsls	r3, r0, #1
10003eb4:	181b      	adds	r3, r3, r0
10003eb6:	3b03      	subs	r3, #3
10003eb8:	d2fd      	bcs.n	10003eb6 <clock_configure_int_divider+0x9a>
10003eba:	e7da      	b.n	10003e72 <clock_configure_int_divider+0x56>
10003ebc:	465b      	mov	r3, fp
10003ebe:	2b01      	cmp	r3, #1
10003ec0:	d1cb      	bne.n	10003e5a <clock_configure_int_divider+0x3e>
10003ec2:	23c0      	movs	r3, #192	@ 0xc0
10003ec4:	2203      	movs	r2, #3
10003ec6:	019b      	lsls	r3, r3, #6
10003ec8:	18e3      	adds	r3, r4, r3
10003eca:	601a      	str	r2, [r3, #0]
10003ecc:	3a02      	subs	r2, #2
10003ece:	68a3      	ldr	r3, [r4, #8]
10003ed0:	421a      	tst	r2, r3
10003ed2:	d0fc      	beq.n	10003ece <clock_configure_int_divider+0xb2>
10003ed4:	0173      	lsls	r3, r6, #5
10003ed6:	26e0      	movs	r6, #224	@ 0xe0
10003ed8:	6822      	ldr	r2, [r4, #0]
10003eda:	00ad      	lsls	r5, r5, #2
10003edc:	4053      	eors	r3, r2
10003ede:	401e      	ands	r6, r3
10003ee0:	2380      	movs	r3, #128	@ 0x80
10003ee2:	4a0a      	ldr	r2, [pc, #40]	@ (10003f0c <clock_configure_int_divider+0xf0>)
10003ee4:	015b      	lsls	r3, r3, #5
10003ee6:	4692      	mov	sl, r2
10003ee8:	18e3      	adds	r3, r4, r3
10003eea:	601e      	str	r6, [r3, #0]
10003eec:	465a      	mov	r2, fp
10003eee:	6821      	ldr	r1, [r4, #0]
10003ef0:	4051      	eors	r1, r2
10003ef2:	2203      	movs	r2, #3
10003ef4:	400a      	ands	r2, r1
10003ef6:	601a      	str	r2, [r3, #0]
10003ef8:	2201      	movs	r2, #1
10003efa:	465b      	mov	r3, fp
10003efc:	409a      	lsls	r2, r3
10003efe:	68a3      	ldr	r3, [r4, #8]
10003f00:	421a      	tst	r2, r3
10003f02:	d0fc      	beq.n	10003efe <clock_configure_int_divider+0xe2>
10003f04:	e7c1      	b.n	10003e8a <clock_configure_int_divider+0x6e>
10003f06:	46c0      	nop			@ (mov r8, r8)
10003f08:	40008000 	.word	0x40008000
10003f0c:	20000754 	.word	0x20000754

10003f10 <clock_configure_undivided>:
10003f10:	b5f0      	push	{r4, r5, r6, r7, lr}
10003f12:	4646      	mov	r6, r8
10003f14:	464f      	mov	r7, r9
10003f16:	46d6      	mov	lr, sl
10003f18:	b5c0      	push	{r6, r7, lr}
10003f1a:	001f      	movs	r7, r3
10003f1c:	4b34      	ldr	r3, [pc, #208]	@ (10003ff0 <clock_configure_undivided+0xe0>)
10003f1e:	0044      	lsls	r4, r0, #1
10003f20:	469c      	mov	ip, r3
10003f22:	1824      	adds	r4, r4, r0
10003f24:	00a4      	lsls	r4, r4, #2
10003f26:	4464      	add	r4, ip
10003f28:	6863      	ldr	r3, [r4, #4]
10003f2a:	4688      	mov	r8, r1
10003f2c:	0016      	movs	r6, r2
10003f2e:	2bff      	cmp	r3, #255	@ 0xff
10003f30:	d802      	bhi.n	10003f38 <clock_configure_undivided+0x28>
10003f32:	2380      	movs	r3, #128	@ 0x80
10003f34:	005b      	lsls	r3, r3, #1
10003f36:	6063      	str	r3, [r4, #4]
10003f38:	1f03      	subs	r3, r0, #4
10003f3a:	b2db      	uxtb	r3, r3
10003f3c:	469a      	mov	sl, r3
10003f3e:	2b01      	cmp	r3, #1
10003f40:	d930      	bls.n	10003fa4 <clock_configure_undivided+0x94>
10003f42:	23c0      	movs	r3, #192	@ 0xc0
10003f44:	2280      	movs	r2, #128	@ 0x80
10003f46:	019b      	lsls	r3, r3, #6
10003f48:	18e3      	adds	r3, r4, r3
10003f4a:	0112      	lsls	r2, r2, #4
10003f4c:	601a      	str	r2, [r3, #0]
10003f4e:	4b29      	ldr	r3, [pc, #164]	@ (10003ff4 <clock_configure_undivided+0xe4>)
10003f50:	0085      	lsls	r5, r0, #2
10003f52:	5959      	ldr	r1, [r3, r5]
10003f54:	4699      	mov	r9, r3
10003f56:	2900      	cmp	r1, #0
10003f58:	d11b      	bne.n	10003f92 <clock_configure_undivided+0x82>
10003f5a:	0173      	lsls	r3, r6, #5
10003f5c:	26e0      	movs	r6, #224	@ 0xe0
10003f5e:	6822      	ldr	r2, [r4, #0]
10003f60:	4053      	eors	r3, r2
10003f62:	401e      	ands	r6, r3
10003f64:	2380      	movs	r3, #128	@ 0x80
10003f66:	4652      	mov	r2, sl
10003f68:	015b      	lsls	r3, r3, #5
10003f6a:	18e3      	adds	r3, r4, r3
10003f6c:	601e      	str	r6, [r3, #0]
10003f6e:	2a01      	cmp	r2, #1
10003f70:	d930      	bls.n	10003fd4 <clock_configure_undivided+0xc4>
10003f72:	2380      	movs	r3, #128	@ 0x80
10003f74:	2280      	movs	r2, #128	@ 0x80
10003f76:	019b      	lsls	r3, r3, #6
10003f78:	18e3      	adds	r3, r4, r3
10003f7a:	0112      	lsls	r2, r2, #4
10003f7c:	601a      	str	r2, [r3, #0]
10003f7e:	2380      	movs	r3, #128	@ 0x80
10003f80:	005b      	lsls	r3, r3, #1
10003f82:	6063      	str	r3, [r4, #4]
10003f84:	464b      	mov	r3, r9
10003f86:	515f      	str	r7, [r3, r5]
10003f88:	bce0      	pop	{r5, r6, r7}
10003f8a:	46ba      	mov	sl, r7
10003f8c:	46b1      	mov	r9, r6
10003f8e:	46a8      	mov	r8, r5
10003f90:	bdf0      	pop	{r4, r5, r6, r7, pc}
10003f92:	6958      	ldr	r0, [r3, #20]
10003f94:	f000 f9f2 	bl	1000437c <__wrap___aeabi_uidiv>
10003f98:	3001      	adds	r0, #1
10003f9a:	0043      	lsls	r3, r0, #1
10003f9c:	181b      	adds	r3, r3, r0
10003f9e:	3b03      	subs	r3, #3
10003fa0:	d2fd      	bcs.n	10003f9e <clock_configure_undivided+0x8e>
10003fa2:	e7da      	b.n	10003f5a <clock_configure_undivided+0x4a>
10003fa4:	4643      	mov	r3, r8
10003fa6:	2b01      	cmp	r3, #1
10003fa8:	d1cb      	bne.n	10003f42 <clock_configure_undivided+0x32>
10003faa:	23c0      	movs	r3, #192	@ 0xc0
10003fac:	2203      	movs	r2, #3
10003fae:	019b      	lsls	r3, r3, #6
10003fb0:	18e3      	adds	r3, r4, r3
10003fb2:	601a      	str	r2, [r3, #0]
10003fb4:	3a02      	subs	r2, #2
10003fb6:	68a3      	ldr	r3, [r4, #8]
10003fb8:	421a      	tst	r2, r3
10003fba:	d0fc      	beq.n	10003fb6 <clock_configure_undivided+0xa6>
10003fbc:	0173      	lsls	r3, r6, #5
10003fbe:	26e0      	movs	r6, #224	@ 0xe0
10003fc0:	6822      	ldr	r2, [r4, #0]
10003fc2:	0085      	lsls	r5, r0, #2
10003fc4:	4053      	eors	r3, r2
10003fc6:	401e      	ands	r6, r3
10003fc8:	2380      	movs	r3, #128	@ 0x80
10003fca:	4a0a      	ldr	r2, [pc, #40]	@ (10003ff4 <clock_configure_undivided+0xe4>)
10003fcc:	015b      	lsls	r3, r3, #5
10003fce:	4691      	mov	r9, r2
10003fd0:	18e3      	adds	r3, r4, r3
10003fd2:	601e      	str	r6, [r3, #0]
10003fd4:	4642      	mov	r2, r8
10003fd6:	6821      	ldr	r1, [r4, #0]
10003fd8:	4051      	eors	r1, r2
10003fda:	2203      	movs	r2, #3
10003fdc:	400a      	ands	r2, r1
10003fde:	601a      	str	r2, [r3, #0]
10003fe0:	2301      	movs	r3, #1
10003fe2:	4642      	mov	r2, r8
10003fe4:	4093      	lsls	r3, r2
10003fe6:	68a2      	ldr	r2, [r4, #8]
10003fe8:	4213      	tst	r3, r2
10003fea:	d0fc      	beq.n	10003fe6 <clock_configure_undivided+0xd6>
10003fec:	e7c1      	b.n	10003f72 <clock_configure_undivided+0x62>
10003fee:	46c0      	nop			@ (mov r8, r8)
10003ff0:	40008000 	.word	0x40008000
10003ff4:	20000754 	.word	0x20000754

10003ff8 <clock_get_hz>:
10003ff8:	4b01      	ldr	r3, [pc, #4]	@ (10004000 <clock_get_hz+0x8>)
10003ffa:	0080      	lsls	r0, r0, #2
10003ffc:	58c0      	ldr	r0, [r0, r3]
10003ffe:	4770      	bx	lr
10004000:	20000754 	.word	0x20000754

10004004 <pll_init>:
10004004:	b5f8      	push	{r3, r4, r5, r6, r7, lr}
10004006:	0004      	movs	r4, r0
10004008:	4821      	ldr	r0, [pc, #132]	@ (10004090 <pll_init+0x8c>)
1000400a:	001e      	movs	r6, r3
1000400c:	0017      	movs	r7, r2
1000400e:	000d      	movs	r5, r1
10004010:	f000 f9b4 	bl	1000437c <__wrap___aeabi_uidiv>
10004014:	0001      	movs	r1, r0
10004016:	0038      	movs	r0, r7
10004018:	f000 f9b0 	bl	1000437c <__wrap___aeabi_uidiv>
1000401c:	9b06      	ldr	r3, [sp, #24]
1000401e:	0436      	lsls	r6, r6, #16
10004020:	031b      	lsls	r3, r3, #12
10004022:	431e      	orrs	r6, r3
10004024:	6823      	ldr	r3, [r4, #0]
10004026:	2b00      	cmp	r3, #0
10004028:	db20      	blt.n	1000406c <pll_init+0x68>
1000402a:	4b1a      	ldr	r3, [pc, #104]	@ (10004094 <pll_init+0x90>)
1000402c:	491a      	ldr	r1, [pc, #104]	@ (10004098 <pll_init+0x94>)
1000402e:	18e3      	adds	r3, r4, r3
10004030:	1e5a      	subs	r2, r3, #1
10004032:	4193      	sbcs	r3, r2
10004034:	2280      	movs	r2, #128	@ 0x80
10004036:	0192      	lsls	r2, r2, #6
10004038:	4694      	mov	ip, r2
1000403a:	425b      	negs	r3, r3
1000403c:	0b1b      	lsrs	r3, r3, #12
1000403e:	4a17      	ldr	r2, [pc, #92]	@ (1000409c <pll_init+0x98>)
10004040:	031b      	lsls	r3, r3, #12
10004042:	4463      	add	r3, ip
10004044:	6013      	str	r3, [r2, #0]
10004046:	4a16      	ldr	r2, [pc, #88]	@ (100040a0 <pll_init+0x9c>)
10004048:	6013      	str	r3, [r2, #0]
1000404a:	001f      	movs	r7, r3
1000404c:	680a      	ldr	r2, [r1, #0]
1000404e:	4397      	bics	r7, r2
10004050:	d1fb      	bne.n	1000404a <pll_init+0x46>
10004052:	4b14      	ldr	r3, [pc, #80]	@ (100040a4 <pll_init+0xa0>)
10004054:	6025      	str	r5, [r4, #0]
10004056:	18e2      	adds	r2, r4, r3
10004058:	2321      	movs	r3, #33	@ 0x21
1000405a:	60a0      	str	r0, [r4, #8]
1000405c:	6013      	str	r3, [r2, #0]
1000405e:	6823      	ldr	r3, [r4, #0]
10004060:	2b00      	cmp	r3, #0
10004062:	dafc      	bge.n	1000405e <pll_init+0x5a>
10004064:	2308      	movs	r3, #8
10004066:	60e6      	str	r6, [r4, #12]
10004068:	6013      	str	r3, [r2, #0]
1000406a:	bdf8      	pop	{r3, r4, r5, r6, r7, pc}
1000406c:	233f      	movs	r3, #63	@ 0x3f
1000406e:	6822      	ldr	r2, [r4, #0]
10004070:	4013      	ands	r3, r2
10004072:	42ab      	cmp	r3, r5
10004074:	d1d9      	bne.n	1000402a <pll_init+0x26>
10004076:	68a3      	ldr	r3, [r4, #8]
10004078:	051b      	lsls	r3, r3, #20
1000407a:	0d1b      	lsrs	r3, r3, #20
1000407c:	4283      	cmp	r3, r0
1000407e:	d1d4      	bne.n	1000402a <pll_init+0x26>
10004080:	22ee      	movs	r2, #238	@ 0xee
10004082:	68e3      	ldr	r3, [r4, #12]
10004084:	02d2      	lsls	r2, r2, #11
10004086:	4013      	ands	r3, r2
10004088:	42b3      	cmp	r3, r6
1000408a:	d1ce      	bne.n	1000402a <pll_init+0x26>
1000408c:	e7ed      	b.n	1000406a <pll_init+0x66>
1000408e:	46c0      	nop			@ (mov r8, r8)
10004090:	00b71b00 	.word	0x00b71b00
10004094:	bffd4000 	.word	0xbffd4000
10004098:	4000c008 	.word	0x4000c008
1000409c:	4000e000 	.word	0x4000e000
100040a0:	4000f000 	.word	0x4000f000
100040a4:	00003004 	.word	0x00003004

100040a8 <tick_start>:
100040a8:	2380      	movs	r3, #128	@ 0x80
100040aa:	4a02      	ldr	r2, [pc, #8]	@ (100040b4 <tick_start+0xc>)
100040ac:	009b      	lsls	r3, r3, #2
100040ae:	430b      	orrs	r3, r1
100040b0:	62d3      	str	r3, [r2, #44]	@ 0x2c
100040b2:	4770      	bx	lr
100040b4:	40058000 	.word	0x40058000

100040b8 <xosc_init>:
100040b8:	23aa      	movs	r3, #170	@ 0xaa
100040ba:	4a06      	ldr	r2, [pc, #24]	@ (100040d4 <xosc_init+0x1c>)
100040bc:	011b      	lsls	r3, r3, #4
100040be:	6013      	str	r3, [r2, #0]
100040c0:	232f      	movs	r3, #47	@ 0x2f
100040c2:	4905      	ldr	r1, [pc, #20]	@ (100040d8 <xosc_init+0x20>)
100040c4:	60d3      	str	r3, [r2, #12]
100040c6:	4b05      	ldr	r3, [pc, #20]	@ (100040dc <xosc_init+0x24>)
100040c8:	6019      	str	r1, [r3, #0]
100040ca:	6853      	ldr	r3, [r2, #4]
100040cc:	2b00      	cmp	r3, #0
100040ce:	dafc      	bge.n	100040ca <xosc_init+0x12>
100040d0:	4770      	bx	lr
100040d2:	46c0      	nop			@ (mov r8, r8)
100040d4:	40024000 	.word	0x40024000
100040d8:	00fab000 	.word	0x00fab000
100040dc:	40026000 	.word	0x40026000

100040e0 <first_per_core_initializer>:
100040e0:	4770      	bx	lr
100040e2:	46c0      	nop			@ (mov r8, r8)

100040e4 <hard_assertion_failure>:
100040e4:	b510      	push	{r4, lr}
100040e6:	4801      	ldr	r0, [pc, #4]	@ (100040ec <hard_assertion_failure+0x8>)
100040e8:	f7fe ff32 	bl	10002f50 <panic>
100040ec:	1000727c 	.word	0x1000727c

100040f0 <runtime_run_initializers>:
100040f0:	b570      	push	{r4, r5, r6, lr}
100040f2:	4d07      	ldr	r5, [pc, #28]	@ (10004110 <runtime_run_initializers+0x20>)
100040f4:	4e07      	ldr	r6, [pc, #28]	@ (10004114 <runtime_run_initializers+0x24>)
100040f6:	42b5      	cmp	r5, r6
100040f8:	d209      	bcs.n	1000410e <runtime_run_initializers+0x1e>
100040fa:	2400      	movs	r4, #0
100040fc:	3e01      	subs	r6, #1
100040fe:	1b76      	subs	r6, r6, r5
10004100:	08b6      	lsrs	r6, r6, #2
10004102:	cd08      	ldmia	r5!, {r3}
10004104:	4798      	blx	r3
10004106:	0023      	movs	r3, r4
10004108:	3401      	adds	r4, #1
1000410a:	42b3      	cmp	r3, r6
1000410c:	d1f9      	bne.n	10004102 <runtime_run_initializers+0x12>
1000410e:	bd70      	pop	{r4, r5, r6, pc}
10004110:	10007148 	.word	0x10007148
10004114:	10007184 	.word	0x10007184

10004118 <runtime_run_per_core_initializers>:
10004118:	b570      	push	{r4, r5, r6, lr}
1000411a:	4d07      	ldr	r5, [pc, #28]	@ (10004138 <runtime_run_per_core_initializers+0x20>)
1000411c:	4e07      	ldr	r6, [pc, #28]	@ (1000413c <runtime_run_per_core_initializers+0x24>)
1000411e:	42b5      	cmp	r5, r6
10004120:	d209      	bcs.n	10004136 <runtime_run_per_core_initializers+0x1e>
10004122:	2400      	movs	r4, #0
10004124:	3e01      	subs	r6, #1
10004126:	1b76      	subs	r6, r6, r5
10004128:	08b6      	lsrs	r6, r6, #2
1000412a:	cd08      	ldmia	r5!, {r3}
1000412c:	4798      	blx	r3
1000412e:	0023      	movs	r3, r4
10004130:	3401      	adds	r4, #1
10004132:	42b3      	cmp	r3, r6
10004134:	d1f9      	bne.n	1000412a <runtime_run_per_core_initializers+0x12>
10004136:	bd70      	pop	{r4, r5, r6, pc}
10004138:	1000717c 	.word	0x1000717c
1000413c:	10007184 	.word	0x10007184

10004140 <runtime_init_early_resets>:
10004140:	4b05      	ldr	r3, [pc, #20]	@ (10004158 <runtime_init_early_resets+0x18>)
10004142:	4a06      	ldr	r2, [pc, #24]	@ (1000415c <runtime_init_early_resets+0x1c>)
10004144:	4906      	ldr	r1, [pc, #24]	@ (10004160 <runtime_init_early_resets+0x20>)
10004146:	601a      	str	r2, [r3, #0]
10004148:	4a06      	ldr	r2, [pc, #24]	@ (10004164 <runtime_init_early_resets+0x24>)
1000414a:	4b07      	ldr	r3, [pc, #28]	@ (10004168 <runtime_init_early_resets+0x28>)
1000414c:	601a      	str	r2, [r3, #0]
1000414e:	0010      	movs	r0, r2
10004150:	680b      	ldr	r3, [r1, #0]
10004152:	4398      	bics	r0, r3
10004154:	d1fb      	bne.n	1000414e <runtime_init_early_resets+0xe>
10004156:	4770      	bx	lr
10004158:	4000e000 	.word	0x4000e000
1000415c:	fefbcdbf 	.word	0xfefbcdbf
10004160:	4000c008 	.word	0x4000c008
10004164:	003c7ffe 	.word	0x003c7ffe
10004168:	4000f000 	.word	0x4000f000

1000416c <runtime_init_usb_power_down>:
1000416c:	4b04      	ldr	r3, [pc, #16]	@ (10004180 <runtime_init_usb_power_down+0x14>)
1000416e:	6cdb      	ldr	r3, [r3, #76]	@ 0x4c
10004170:	2b00      	cmp	r3, #0
10004172:	d103      	bne.n	1000417c <runtime_init_usb_power_down+0x10>
10004174:	2280      	movs	r2, #128	@ 0x80
10004176:	4b03      	ldr	r3, [pc, #12]	@ (10004184 <runtime_init_usb_power_down+0x18>)
10004178:	02d2      	lsls	r2, r2, #11
1000417a:	601a      	str	r2, [r3, #0]
1000417c:	4770      	bx	lr
1000417e:	46c0      	nop			@ (mov r8, r8)
10004180:	50110000 	.word	0x50110000
10004184:	5011204c 	.word	0x5011204c

10004188 <runtime_init_post_clock_resets>:
10004188:	4a04      	ldr	r2, [pc, #16]	@ (1000419c <runtime_init_post_clock_resets+0x14>)
1000418a:	4b05      	ldr	r3, [pc, #20]	@ (100041a0 <runtime_init_post_clock_resets+0x18>)
1000418c:	601a      	str	r2, [r3, #0]
1000418e:	4a05      	ldr	r2, [pc, #20]	@ (100041a4 <runtime_init_post_clock_resets+0x1c>)
10004190:	6813      	ldr	r3, [r2, #0]
10004192:	01db      	lsls	r3, r3, #7
10004194:	3380      	adds	r3, #128	@ 0x80
10004196:	d1fb      	bne.n	10004190 <runtime_init_post_clock_resets+0x8>
10004198:	4770      	bx	lr
1000419a:	46c0      	nop			@ (mov r8, r8)
1000419c:	01ffffff 	.word	0x01ffffff
100041a0:	4000f000 	.word	0x4000f000
100041a4:	4000c008 	.word	0x4000c008

100041a8 <runtime_init_rp2040_gpio_ie_disable>:
100041a8:	2240      	movs	r2, #64	@ 0x40
100041aa:	4b03      	ldr	r3, [pc, #12]	@ (100041b8 <runtime_init_rp2040_gpio_ie_disable+0x10>)
100041ac:	679a      	str	r2, [r3, #120]	@ 0x78
100041ae:	675a      	str	r2, [r3, #116]	@ 0x74
100041b0:	671a      	str	r2, [r3, #112]	@ 0x70
100041b2:	66da      	str	r2, [r3, #108]	@ 0x6c
100041b4:	4770      	bx	lr
100041b6:	46c0      	nop			@ (mov r8, r8)
100041b8:	4001f000 	.word	0x4001f000

100041bc <runtime_init_spin_locks_reset>:
100041bc:	b510      	push	{r4, lr}
100041be:	f7fe ff0d 	bl	10002fdc <spin_locks_reset>
100041c2:	bd10      	pop	{r4, pc}

100041c4 <runtime_init_install_ram_vector_table>:
100041c4:	b570      	push	{r4, r5, r6, lr}
100041c6:	4d04      	ldr	r5, [pc, #16]	@ (100041d8 <runtime_init_install_ram_vector_table+0x14>)
100041c8:	4c04      	ldr	r4, [pc, #16]	@ (100041dc <runtime_init_install_ram_vector_table+0x18>)
100041ca:	68a9      	ldr	r1, [r5, #8]
100041cc:	22c0      	movs	r2, #192	@ 0xc0
100041ce:	0020      	movs	r0, r4
100041d0:	f000 ff5a 	bl	10005088 <__wrap___aeabi_memcpy>
100041d4:	60ac      	str	r4, [r5, #8]
100041d6:	bd70      	pop	{r4, r5, r6, pc}
100041d8:	e000ed00 	.word	0xe000ed00
100041dc:	20000000 	.word	0x20000000

100041e0 <runtime_init_clocks>:
100041e0:	2300      	movs	r3, #0
100041e2:	b510      	push	{r4, lr}
100041e4:	4c29      	ldr	r4, [pc, #164]	@ (1000428c <runtime_init_clocks+0xac>)
100041e6:	b082      	sub	sp, #8
100041e8:	67a3      	str	r3, [r4, #120]	@ 0x78
100041ea:	f7ff ff65 	bl	100040b8 <xosc_init>
100041ee:	2201      	movs	r2, #1
100041f0:	4b27      	ldr	r3, [pc, #156]	@ (10004290 <runtime_init_clocks+0xb0>)
100041f2:	601a      	str	r2, [r3, #0]
100041f4:	6c63      	ldr	r3, [r4, #68]	@ 0x44
100041f6:	2b01      	cmp	r3, #1
100041f8:	d1fc      	bne.n	100041f4 <runtime_init_clocks+0x14>
100041fa:	2203      	movs	r2, #3
100041fc:	4b25      	ldr	r3, [pc, #148]	@ (10004294 <runtime_init_clocks+0xb4>)
100041fe:	601a      	str	r2, [r3, #0]
10004200:	4a22      	ldr	r2, [pc, #136]	@ (1000428c <runtime_init_clocks+0xac>)
10004202:	6b93      	ldr	r3, [r2, #56]	@ 0x38
10004204:	2b01      	cmp	r3, #1
10004206:	d1fc      	bne.n	10004202 <runtime_init_clocks+0x22>
10004208:	3301      	adds	r3, #1
1000420a:	9300      	str	r3, [sp, #0]
1000420c:	2101      	movs	r1, #1
1000420e:	4a22      	ldr	r2, [pc, #136]	@ (10004298 <runtime_init_clocks+0xb8>)
10004210:	4822      	ldr	r0, [pc, #136]	@ (1000429c <runtime_init_clocks+0xbc>)
10004212:	3304      	adds	r3, #4
10004214:	f7ff fef6 	bl	10004004 <pll_init>
10004218:	2305      	movs	r3, #5
1000421a:	2101      	movs	r1, #1
1000421c:	9300      	str	r3, [sp, #0]
1000421e:	4a20      	ldr	r2, [pc, #128]	@ (100042a0 <runtime_init_clocks+0xc0>)
10004220:	4820      	ldr	r0, [pc, #128]	@ (100042a4 <runtime_init_clocks+0xc4>)
10004222:	f7ff feef 	bl	10004004 <pll_init>
10004226:	2200      	movs	r2, #0
10004228:	2102      	movs	r1, #2
1000422a:	2004      	movs	r0, #4
1000422c:	4b1e      	ldr	r3, [pc, #120]	@ (100042a8 <runtime_init_clocks+0xc8>)
1000422e:	f7ff fe6f 	bl	10003f10 <clock_configure_undivided>
10004232:	2200      	movs	r2, #0
10004234:	2101      	movs	r1, #1
10004236:	2005      	movs	r0, #5
10004238:	4b1c      	ldr	r3, [pc, #112]	@ (100042ac <runtime_init_clocks+0xcc>)
1000423a:	f7ff fe69 	bl	10003f10 <clock_configure_undivided>
1000423e:	2200      	movs	r2, #0
10004240:	2100      	movs	r1, #0
10004242:	2007      	movs	r0, #7
10004244:	4b1a      	ldr	r3, [pc, #104]	@ (100042b0 <runtime_init_clocks+0xd0>)
10004246:	f7ff fe63 	bl	10003f10 <clock_configure_undivided>
1000424a:	2200      	movs	r2, #0
1000424c:	2100      	movs	r1, #0
1000424e:	2008      	movs	r0, #8
10004250:	4b17      	ldr	r3, [pc, #92]	@ (100042b0 <runtime_init_clocks+0xd0>)
10004252:	f7ff fe5d 	bl	10003f10 <clock_configure_undivided>
10004256:	2380      	movs	r3, #128	@ 0x80
10004258:	00db      	lsls	r3, r3, #3
1000425a:	9300      	str	r3, [sp, #0]
1000425c:	2200      	movs	r2, #0
1000425e:	2100      	movs	r1, #0
10004260:	2009      	movs	r0, #9
10004262:	4b13      	ldr	r3, [pc, #76]	@ (100042b0 <runtime_init_clocks+0xd0>)
10004264:	f7ff fdda 	bl	10003e1c <clock_configure_int_divider>
10004268:	2200      	movs	r2, #0
1000426a:	4b10      	ldr	r3, [pc, #64]	@ (100042ac <runtime_init_clocks+0xcc>)
1000426c:	2100      	movs	r1, #0
1000426e:	2006      	movs	r0, #6
10004270:	f7ff fe4e 	bl	10003f10 <clock_configure_undivided>
10004274:	2004      	movs	r0, #4
10004276:	f7ff febf 	bl	10003ff8 <clock_get_hz>
1000427a:	490e      	ldr	r1, [pc, #56]	@ (100042b4 <runtime_init_clocks+0xd4>)
1000427c:	f000 f87e 	bl	1000437c <__wrap___aeabi_uidiv>
10004280:	0001      	movs	r1, r0
10004282:	2000      	movs	r0, #0
10004284:	f7ff ff10 	bl	100040a8 <tick_start>
10004288:	b002      	add	sp, #8
1000428a:	bd10      	pop	{r4, pc}
1000428c:	40008000 	.word	0x40008000
10004290:	4000b03c 	.word	0x4000b03c
10004294:	4000b030 	.word	0x4000b030
10004298:	59682f00 	.word	0x59682f00
1000429c:	40028000 	.word	0x40028000
100042a0:	47868c00 	.word	0x47868c00
100042a4:	4002c000 	.word	0x4002c000
100042a8:	00b71b00 	.word	0x00b71b00
100042ac:	07735940 	.word	0x07735940
100042b0:	02dc6c00 	.word	0x02dc6c00
100042b4:	000f4240 	.word	0x000f4240

100042b8 <__aeabi_bits_init>:
100042b8:	4801      	ldr	r0, [pc, #4]	@ (100042c0 <__aeabi_bits_init+0x8>)
100042ba:	2104      	movs	r1, #4
100042bc:	4b01      	ldr	r3, [pc, #4]	@ (100042c4 <__aeabi_bits_init+0xc>)
100042be:	4718      	bx	r3
100042c0:	20000380 	.word	0x20000380
100042c4:	100042e9 	.word	0x100042e9

100042c8 <rom_func_lookup>:
100042c8:	2314      	movs	r3, #20
100042ca:	b510      	push	{r4, lr}
100042cc:	0001      	movs	r1, r0
100042ce:	8818      	ldrh	r0, [r3, #0]
100042d0:	3304      	adds	r3, #4
100042d2:	881b      	ldrh	r3, [r3, #0]
100042d4:	4798      	blx	r3
100042d6:	bd10      	pop	{r4, pc}

100042d8 <rom_data_lookup>:
100042d8:	2316      	movs	r3, #22
100042da:	b510      	push	{r4, lr}
100042dc:	0001      	movs	r1, r0
100042de:	8818      	ldrh	r0, [r3, #0]
100042e0:	3302      	adds	r3, #2
100042e2:	881b      	ldrh	r3, [r3, #0]
100042e4:	4798      	blx	r3
100042e6:	bd10      	pop	{r4, pc}

100042e8 <rom_funcs_lookup>:
100042e8:	b5f8      	push	{r3, r4, r5, r6, r7, lr}
100042ea:	4647      	mov	r7, r8
100042ec:	46ce      	mov	lr, r9
100042ee:	b580      	push	{r7, lr}
100042f0:	1e0f      	subs	r7, r1, #0
100042f2:	d019      	beq.n	10004328 <rom_funcs_lookup+0x40>
100042f4:	2314      	movs	r3, #20
100042f6:	4699      	mov	r9, r3
100042f8:	3304      	adds	r3, #4
100042fa:	0004      	movs	r4, r0
100042fc:	2500      	movs	r5, #0
100042fe:	2601      	movs	r6, #1
10004300:	4698      	mov	r8, r3
10004302:	464b      	mov	r3, r9
10004304:	8818      	ldrh	r0, [r3, #0]
10004306:	4643      	mov	r3, r8
10004308:	6821      	ldr	r1, [r4, #0]
1000430a:	881b      	ldrh	r3, [r3, #0]
1000430c:	4798      	blx	r3
1000430e:	c401      	stmia	r4!, {r0}
10004310:	1e43      	subs	r3, r0, #1
10004312:	4198      	sbcs	r0, r3
10004314:	3501      	adds	r5, #1
10004316:	4240      	negs	r0, r0
10004318:	4006      	ands	r6, r0
1000431a:	42af      	cmp	r7, r5
1000431c:	d1f1      	bne.n	10004302 <rom_funcs_lookup+0x1a>
1000431e:	0030      	movs	r0, r6
10004320:	bcc0      	pop	{r6, r7}
10004322:	46b9      	mov	r9, r7
10004324:	46b0      	mov	r8, r6
10004326:	bdf8      	pop	{r3, r4, r5, r6, r7, pc}
10004328:	2601      	movs	r6, #1
1000432a:	e7f8      	b.n	1000431e <rom_funcs_lookup+0x36>

1000432c <__wrap___aeabi_idiv>:
1000432c:	4a12      	ldr	r2, [pc, #72]	@ (10004378 <divmod_s32s32_savestate+0x18>)
1000432e:	6f93      	ldr	r3, [r2, #120]	@ 0x78
10004330:	089b      	lsrs	r3, r3, #2
10004332:	d215      	bcs.n	10004360 <divmod_s32s32_savestate>

10004334 <divmod_s32s32_unsafe>:
10004334:	6690      	str	r0, [r2, #104]	@ 0x68
10004336:	66d1      	str	r1, [r2, #108]	@ 0x6c
10004338:	2900      	cmp	r1, #0
1000433a:	d005      	beq.n	10004348 <divmod_s32s32_unsafe+0x14>
1000433c:	e7ff      	b.n	1000433e <divmod_s32s32_unsafe+0xa>
1000433e:	e7ff      	b.n	10004340 <divmod_s32s32_unsafe+0xc>
10004340:	e7ff      	b.n	10004342 <divmod_s32s32_unsafe+0xe>
10004342:	6f51      	ldr	r1, [r2, #116]	@ 0x74
10004344:	6f10      	ldr	r0, [r2, #112]	@ 0x70
10004346:	4770      	bx	lr
10004348:	b504      	push	{r2, lr}
1000434a:	2180      	movs	r1, #128	@ 0x80
1000434c:	0609      	lsls	r1, r1, #24
1000434e:	17c2      	asrs	r2, r0, #31
10004350:	4051      	eors	r1, r2
10004352:	2800      	cmp	r0, #0
10004354:	d000      	beq.n	10004358 <divmod_s32s32_unsafe+0x24>
10004356:	43c8      	mvns	r0, r1
10004358:	f002 fece 	bl	100070f8 <____aeabi_idiv0_veneer>
1000435c:	2100      	movs	r1, #0
1000435e:	bd04      	pop	{r2, pc}

10004360 <divmod_s32s32_savestate>:
10004360:	b5f0      	push	{r4, r5, r6, r7, lr}
10004362:	6e14      	ldr	r4, [r2, #96]	@ 0x60
10004364:	6e55      	ldr	r5, [r2, #100]	@ 0x64
10004366:	6f57      	ldr	r7, [r2, #116]	@ 0x74
10004368:	6f16      	ldr	r6, [r2, #112]	@ 0x70
1000436a:	f7ff ffe3 	bl	10004334 <divmod_s32s32_unsafe>
1000436e:	6614      	str	r4, [r2, #96]	@ 0x60
10004370:	6655      	str	r5, [r2, #100]	@ 0x64
10004372:	6757      	str	r7, [r2, #116]	@ 0x74
10004374:	6716      	str	r6, [r2, #112]	@ 0x70
10004376:	bdf0      	pop	{r4, r5, r6, r7, pc}
10004378:	d0000000 	.word	0xd0000000

1000437c <__wrap___aeabi_uidiv>:
1000437c:	4a11      	ldr	r2, [pc, #68]	@ (100043c4 <divmod_u32u32_savestate+0x18>)
1000437e:	6f93      	ldr	r3, [r2, #120]	@ 0x78
10004380:	089b      	lsrs	r3, r3, #2
10004382:	d213      	bcs.n	100043ac <divmod_u32u32_savestate>

10004384 <divmod_u32u32_unsafe>:
10004384:	6610      	str	r0, [r2, #96]	@ 0x60
10004386:	6651      	str	r1, [r2, #100]	@ 0x64
10004388:	2900      	cmp	r1, #0
1000438a:	d005      	beq.n	10004398 <divmod_u32u32_unsafe+0x14>
1000438c:	e7ff      	b.n	1000438e <divmod_u32u32_unsafe+0xa>
1000438e:	e7ff      	b.n	10004390 <divmod_u32u32_unsafe+0xc>
10004390:	e7ff      	b.n	10004392 <divmod_u32u32_unsafe+0xe>
10004392:	6f51      	ldr	r1, [r2, #116]	@ 0x74
10004394:	6f10      	ldr	r0, [r2, #112]	@ 0x70
10004396:	4770      	bx	lr
10004398:	b504      	push	{r2, lr}
1000439a:	2800      	cmp	r0, #0
1000439c:	d001      	beq.n	100043a2 <divmod_u32u32_unsafe+0x1e>
1000439e:	2000      	movs	r0, #0
100043a0:	43c0      	mvns	r0, r0
100043a2:	f002 fea9 	bl	100070f8 <____aeabi_idiv0_veneer>
100043a6:	2100      	movs	r1, #0
100043a8:	bd04      	pop	{r2, pc}
100043aa:	46c0      	nop			@ (mov r8, r8)

100043ac <divmod_u32u32_savestate>:
100043ac:	b5f0      	push	{r4, r5, r6, r7, lr}
100043ae:	6e14      	ldr	r4, [r2, #96]	@ 0x60
100043b0:	6e55      	ldr	r5, [r2, #100]	@ 0x64
100043b2:	6f57      	ldr	r7, [r2, #116]	@ 0x74
100043b4:	6f16      	ldr	r6, [r2, #112]	@ 0x70
100043b6:	f7ff ffe5 	bl	10004384 <divmod_u32u32_unsafe>
100043ba:	6614      	str	r4, [r2, #96]	@ 0x60
100043bc:	6655      	str	r5, [r2, #100]	@ 0x64
100043be:	6757      	str	r7, [r2, #116]	@ 0x74
100043c0:	6716      	str	r6, [r2, #112]	@ 0x70
100043c2:	bdf0      	pop	{r4, r5, r6, r7, pc}
100043c4:	d0000000 	.word	0xd0000000

100043c8 <__wrap___aeabi_ldivmod>:
100043c8:	4694      	mov	ip, r2
100043ca:	4a4a      	ldr	r2, [pc, #296]	@ (100044f4 <udiv0+0x1a>)
100043cc:	6f92      	ldr	r2, [r2, #120]	@ 0x78
100043ce:	0892      	lsrs	r2, r2, #2
100043d0:	4662      	mov	r2, ip
100043d2:	d201      	bcs.n	100043d8 <divmod_s64s64_savestate>
100043d4:	e028      	b.n	10004428 <divmod_s64s64_unsafe>
100043d6:	46c0      	nop			@ (mov r8, r8)

100043d8 <divmod_s64s64_savestate>:
100043d8:	b5f0      	push	{r4, r5, r6, r7, lr}
100043da:	4e46      	ldr	r6, [pc, #280]	@ (100044f4 <udiv0+0x1a>)
100043dc:	6e34      	ldr	r4, [r6, #96]	@ 0x60
100043de:	6e75      	ldr	r5, [r6, #100]	@ 0x64
100043e0:	6f77      	ldr	r7, [r6, #116]	@ 0x74
100043e2:	6f36      	ldr	r6, [r6, #112]	@ 0x70
100043e4:	f000 f820 	bl	10004428 <divmod_s64s64_unsafe>
100043e8:	4694      	mov	ip, r2
100043ea:	4a42      	ldr	r2, [pc, #264]	@ (100044f4 <udiv0+0x1a>)
100043ec:	6614      	str	r4, [r2, #96]	@ 0x60
100043ee:	6655      	str	r5, [r2, #100]	@ 0x64
100043f0:	6757      	str	r7, [r2, #116]	@ 0x74
100043f2:	6716      	str	r6, [r2, #112]	@ 0x70
100043f4:	4662      	mov	r2, ip
100043f6:	bdf0      	pop	{r4, r5, r6, r7, pc}

100043f8 <__wrap___aeabi_uldivmod>:
100043f8:	4694      	mov	ip, r2
100043fa:	4a3e      	ldr	r2, [pc, #248]	@ (100044f4 <udiv0+0x1a>)
100043fc:	6f92      	ldr	r2, [r2, #120]	@ 0x78
100043fe:	0892      	lsrs	r2, r2, #2
10004400:	4662      	mov	r2, ip
10004402:	d201      	bcs.n	10004408 <divmod_u64u64_savestate>
10004404:	e054      	b.n	100044b0 <divmod_u64u64_unsafe>
10004406:	46c0      	nop			@ (mov r8, r8)

10004408 <divmod_u64u64_savestate>:
10004408:	b5f0      	push	{r4, r5, r6, r7, lr}
1000440a:	4e3a      	ldr	r6, [pc, #232]	@ (100044f4 <udiv0+0x1a>)
1000440c:	6e34      	ldr	r4, [r6, #96]	@ 0x60
1000440e:	6e75      	ldr	r5, [r6, #100]	@ 0x64
10004410:	6f77      	ldr	r7, [r6, #116]	@ 0x74
10004412:	6f36      	ldr	r6, [r6, #112]	@ 0x70
10004414:	f000 f84c 	bl	100044b0 <divmod_u64u64_unsafe>
10004418:	4694      	mov	ip, r2
1000441a:	4a36      	ldr	r2, [pc, #216]	@ (100044f4 <udiv0+0x1a>)
1000441c:	6614      	str	r4, [r2, #96]	@ 0x60
1000441e:	6655      	str	r5, [r2, #100]	@ 0x64
10004420:	6757      	str	r7, [r2, #116]	@ 0x74
10004422:	6716      	str	r6, [r2, #112]	@ 0x70
10004424:	4662      	mov	r2, ip
10004426:	bdf0      	pop	{r4, r5, r6, r7, pc}

10004428 <divmod_s64s64_unsafe>:
10004428:	2b00      	cmp	r3, #0
1000442a:	db24      	blt.n	10004476 <l42_1+0x26>
1000442c:	d011      	beq.n	10004452 <l42_1+0x2>
1000442e:	2900      	cmp	r1, #0
10004430:	da3e      	bge.n	100044b0 <divmod_u64u64_unsafe>
10004432:	b500      	push	{lr}
10004434:	43c9      	mvns	r1, r1
10004436:	4240      	negs	r0, r0
10004438:	d100      	bne.n	1000443c <l40_1>
1000443a:	3101      	adds	r1, #1

1000443c <l40_1>:
1000443c:	f000 f838 	bl	100044b0 <divmod_u64u64_unsafe>
10004440:	43c9      	mvns	r1, r1
10004442:	4240      	negs	r0, r0
10004444:	d100      	bne.n	10004448 <l41_1>
10004446:	3101      	adds	r1, #1

10004448 <l41_1>:
10004448:	43db      	mvns	r3, r3
1000444a:	4252      	negs	r2, r2
1000444c:	d100      	bne.n	10004450 <l42_1>
1000444e:	3301      	adds	r3, #1

10004450 <l42_1>:
10004450:	bd00      	pop	{pc}
10004452:	2a00      	cmp	r2, #0
10004454:	d1eb      	bne.n	1000442e <divmod_s64s64_unsafe+0x6>
10004456:	2800      	cmp	r0, #0
10004458:	d101      	bne.n	1000445e <l42_1+0xe>
1000445a:	2900      	cmp	r1, #0
1000445c:	d005      	beq.n	1000446a <l42_1+0x1a>
1000445e:	2000      	movs	r0, #0
10004460:	0fc9      	lsrs	r1, r1, #31
10004462:	07c9      	lsls	r1, r1, #31
10004464:	d101      	bne.n	1000446a <l42_1+0x1a>
10004466:	43c0      	mvns	r0, r0
10004468:	0841      	lsrs	r1, r0, #1
1000446a:	b500      	push	{lr}
1000446c:	f002 fe3c 	bl	100070e8 <____aeabi_ldiv0_veneer>
10004470:	2200      	movs	r2, #0
10004472:	2300      	movs	r3, #0
10004474:	bd00      	pop	{pc}
10004476:	b500      	push	{lr}
10004478:	2900      	cmp	r1, #0
1000447a:	db0a      	blt.n	10004492 <l44_1+0x2>
1000447c:	43db      	mvns	r3, r3
1000447e:	4252      	negs	r2, r2
10004480:	d100      	bne.n	10004484 <l43_1>
10004482:	3301      	adds	r3, #1

10004484 <l43_1>:
10004484:	f000 f814 	bl	100044b0 <divmod_u64u64_unsafe>
10004488:	43c9      	mvns	r1, r1
1000448a:	4240      	negs	r0, r0
1000448c:	d100      	bne.n	10004490 <l44_1>
1000448e:	3101      	adds	r1, #1

10004490 <l44_1>:
10004490:	bd00      	pop	{pc}
10004492:	43c9      	mvns	r1, r1
10004494:	4240      	negs	r0, r0
10004496:	d100      	bne.n	1000449a <l45_1>
10004498:	3101      	adds	r1, #1

1000449a <l45_1>:
1000449a:	43db      	mvns	r3, r3
1000449c:	4252      	negs	r2, r2
1000449e:	d100      	bne.n	100044a2 <l46_1>
100044a0:	3301      	adds	r3, #1

100044a2 <l46_1>:
100044a2:	f000 f805 	bl	100044b0 <divmod_u64u64_unsafe>
100044a6:	43db      	mvns	r3, r3
100044a8:	4252      	negs	r2, r2
100044aa:	d100      	bne.n	100044ae <l47_1>
100044ac:	3301      	adds	r3, #1

100044ae <l47_1>:
100044ae:	bd00      	pop	{pc}

100044b0 <divmod_u64u64_unsafe>:
100044b0:	2900      	cmp	r1, #0
100044b2:	d123      	bne.n	100044fc <y64>
100044b4:	2b00      	cmp	r3, #0
100044b6:	d118      	bne.n	100044ea <udiv0+0x10>
100044b8:	2a00      	cmp	r2, #0
100044ba:	d00c      	beq.n	100044d6 <divmod_u64u64_unsafe+0x26>
100044bc:	46bc      	mov	ip, r7
100044be:	4f0d      	ldr	r7, [pc, #52]	@ (100044f4 <udiv0+0x1a>)
100044c0:	6638      	str	r0, [r7, #96]	@ 0x60
100044c2:	667a      	str	r2, [r7, #100]	@ 0x64
100044c4:	2100      	movs	r1, #0
100044c6:	2300      	movs	r3, #0
100044c8:	e7ff      	b.n	100044ca <divmod_u64u64_unsafe+0x1a>
100044ca:	e7ff      	b.n	100044cc <divmod_u64u64_unsafe+0x1c>
100044cc:	e7ff      	b.n	100044ce <divmod_u64u64_unsafe+0x1e>
100044ce:	6f7a      	ldr	r2, [r7, #116]	@ 0x74
100044d0:	6f38      	ldr	r0, [r7, #112]	@ 0x70
100044d2:	4667      	mov	r7, ip
100044d4:	4770      	bx	lr
100044d6:	2800      	cmp	r0, #0
100044d8:	d001      	beq.n	100044de <udiv0+0x4>

100044da <udiv0>:
100044da:	4807      	ldr	r0, [pc, #28]	@ (100044f8 <udiv0+0x1e>)
100044dc:	0001      	movs	r1, r0
100044de:	b500      	push	{lr}
100044e0:	f002 fe02 	bl	100070e8 <____aeabi_ldiv0_veneer>
100044e4:	2200      	movs	r2, #0
100044e6:	2300      	movs	r3, #0
100044e8:	bd00      	pop	{pc}
100044ea:	0002      	movs	r2, r0
100044ec:	000b      	movs	r3, r1
100044ee:	2000      	movs	r0, #0
100044f0:	2100      	movs	r1, #0
100044f2:	4770      	bx	lr
100044f4:	d0000000 	.word	0xd0000000
100044f8:	ffffffff 	.word	0xffffffff

100044fc <y64>:
100044fc:	2b00      	cmp	r3, #0
100044fe:	d000      	beq.n	10004502 <y64+0x6>
10004500:	e0bf      	b.n	10004682 <y64_x48>
10004502:	0c13      	lsrs	r3, r2, #16
10004504:	d128      	bne.n	10004558 <y64_x32>
10004506:	2a00      	cmp	r2, #0
10004508:	d0e7      	beq.n	100044da <udiv0>
1000450a:	b480      	push	{r7}
1000450c:	4f11      	ldr	r7, [pc, #68]	@ (10004554 <y64+0x58>)
1000450e:	6639      	str	r1, [r7, #96]	@ 0x60
10004510:	667a      	str	r2, [r7, #100]	@ 0x64
10004512:	e7ff      	b.n	10004514 <y64+0x18>
10004514:	e7ff      	b.n	10004516 <y64+0x1a>
10004516:	b430      	push	{r4, r5}
10004518:	0c04      	lsrs	r4, r0, #16
1000451a:	6f7b      	ldr	r3, [r7, #116]	@ 0x74
1000451c:	6f39      	ldr	r1, [r7, #112]	@ 0x70
1000451e:	041b      	lsls	r3, r3, #16
10004520:	4323      	orrs	r3, r4
10004522:	663b      	str	r3, [r7, #96]	@ 0x60
10004524:	667a      	str	r2, [r7, #100]	@ 0x64
10004526:	e7ff      	b.n	10004528 <y64+0x2c>
10004528:	e7ff      	b.n	1000452a <y64+0x2e>
1000452a:	e7ff      	b.n	1000452c <y64+0x30>
1000452c:	46c0      	nop			@ (mov r8, r8)
1000452e:	b284      	uxth	r4, r0
10004530:	6f7b      	ldr	r3, [r7, #116]	@ 0x74
10004532:	6f3d      	ldr	r5, [r7, #112]	@ 0x70
10004534:	041b      	lsls	r3, r3, #16
10004536:	4323      	orrs	r3, r4
10004538:	663b      	str	r3, [r7, #96]	@ 0x60
1000453a:	667a      	str	r2, [r7, #100]	@ 0x64
1000453c:	e7ff      	b.n	1000453e <y64+0x42>
1000453e:	e7ff      	b.n	10004540 <y64+0x44>
10004540:	46c0      	nop			@ (mov r8, r8)
10004542:	2300      	movs	r3, #0
10004544:	042c      	lsls	r4, r5, #16
10004546:	0c2d      	lsrs	r5, r5, #16
10004548:	6f7a      	ldr	r2, [r7, #116]	@ 0x74
1000454a:	6f38      	ldr	r0, [r7, #112]	@ 0x70
1000454c:	1900      	adds	r0, r0, r4
1000454e:	4169      	adcs	r1, r5
10004550:	bcb0      	pop	{r4, r5, r7}
10004552:	4770      	bx	lr
10004554:	d0000000 	.word	0xd0000000

10004558 <y64_x32>:
10004558:	b5f0      	push	{r4, r5, r6, r7, lr}
1000455a:	4694      	mov	ip, r2
1000455c:	2500      	movs	r5, #0
1000455e:	0e14      	lsrs	r4, r2, #24
10004560:	d101      	bne.n	10004566 <y64_x32+0xe>
10004562:	0212      	lsls	r2, r2, #8
10004564:	3508      	adds	r5, #8
10004566:	0f14      	lsrs	r4, r2, #28
10004568:	d101      	bne.n	1000456e <y64_x32+0x16>
1000456a:	0112      	lsls	r2, r2, #4
1000456c:	3504      	adds	r5, #4
1000456e:	0f94      	lsrs	r4, r2, #30
10004570:	d101      	bne.n	10004576 <y64_x32+0x1e>
10004572:	0092      	lsls	r2, r2, #2
10004574:	3502      	adds	r5, #2
10004576:	0fd4      	lsrs	r4, r2, #31
10004578:	d101      	bne.n	1000457e <y64_x32+0x26>
1000457a:	0052      	lsls	r2, r2, #1
1000457c:	3501      	adds	r5, #1
1000457e:	0bd4      	lsrs	r4, r2, #15
10004580:	3401      	adds	r4, #1
10004582:	4f25      	ldr	r7, [pc, #148]	@ (10004618 <y64_x32+0xc0>)
10004584:	667c      	str	r4, [r7, #100]	@ 0x64
10004586:	4c25      	ldr	r4, [pc, #148]	@ (1000461c <y64_x32+0xc4>)
10004588:	663c      	str	r4, [r7, #96]	@ 0x60
1000458a:	0c0e      	lsrs	r6, r1, #16
1000458c:	b293      	uxth	r3, r2
1000458e:	e7ff      	b.n	10004590 <y64_x32+0x38>
10004590:	e7ff      	b.n	10004592 <y64_x32+0x3a>
10004592:	e7ff      	b.n	10004594 <y64_x32+0x3c>
10004594:	6f3c      	ldr	r4, [r7, #112]	@ 0x70
10004596:	4366      	muls	r6, r4
10004598:	0c36      	lsrs	r6, r6, #16
1000459a:	0377      	lsls	r7, r6, #13
1000459c:	46be      	mov	lr, r7
1000459e:	4373      	muls	r3, r6
100045a0:	0bdf      	lsrs	r7, r3, #15
100045a2:	045b      	lsls	r3, r3, #17
100045a4:	1ac0      	subs	r0, r0, r3
100045a6:	41b9      	sbcs	r1, r7
100045a8:	0c13      	lsrs	r3, r2, #16
100045aa:	4373      	muls	r3, r6
100045ac:	18db      	adds	r3, r3, r3
100045ae:	1ac9      	subs	r1, r1, r3
100045b0:	08ce      	lsrs	r6, r1, #3
100045b2:	4366      	muls	r6, r4
100045b4:	0c36      	lsrs	r6, r6, #16
100045b6:	44b6      	add	lr, r6
100045b8:	b293      	uxth	r3, r2
100045ba:	4373      	muls	r3, r6
100045bc:	0f1f      	lsrs	r7, r3, #28
100045be:	011b      	lsls	r3, r3, #4
100045c0:	1ac0      	subs	r0, r0, r3
100045c2:	41b9      	sbcs	r1, r7
100045c4:	0c13      	lsrs	r3, r2, #16
100045c6:	4373      	muls	r3, r6
100045c8:	0b1f      	lsrs	r7, r3, #12
100045ca:	051b      	lsls	r3, r3, #20
100045cc:	1ac0      	subs	r0, r0, r3
100045ce:	41b9      	sbcs	r1, r7
100045d0:	0d86      	lsrs	r6, r0, #22
100045d2:	028f      	lsls	r7, r1, #10
100045d4:	433e      	orrs	r6, r7
100045d6:	4366      	muls	r6, r4
100045d8:	0c36      	lsrs	r6, r6, #16
100045da:	2d09      	cmp	r5, #9
100045dc:	db24      	blt.n	10004628 <last0>
100045de:	0a52      	lsrs	r2, r2, #9
100045e0:	4372      	muls	r2, r6
100045e2:	1a80      	subs	r0, r0, r2
100045e4:	0377      	lsls	r7, r6, #13
100045e6:	0a46      	lsrs	r6, r0, #9
100045e8:	4366      	muls	r6, r4
100045ea:	0c36      	lsrs	r6, r6, #16
100045ec:	2316      	movs	r3, #22
100045ee:	1b5b      	subs	r3, r3, r5
100045f0:	40de      	lsrs	r6, r3
100045f2:	40df      	lsrs	r7, r3
100045f4:	19bf      	adds	r7, r7, r6
100045f6:	4664      	mov	r4, ip
100045f8:	4366      	muls	r6, r4
100045fa:	1b82      	subs	r2, r0, r6
100045fc:	4670      	mov	r0, lr
100045fe:	3504      	adds	r5, #4
10004600:	3306      	adds	r3, #6
10004602:	0001      	movs	r1, r0
10004604:	40d9      	lsrs	r1, r3
10004606:	40a8      	lsls	r0, r5
10004608:	19c0      	adds	r0, r0, r7
1000460a:	d300      	bcc.n	1000460e <y64_x32+0xb6>
1000460c:	3101      	adds	r1, #1
1000460e:	42a2      	cmp	r2, r4
10004610:	d206      	bcs.n	10004620 <y64_x32+0xc8>
10004612:	2300      	movs	r3, #0
10004614:	bdf0      	pop	{r4, r5, r6, r7, pc}
10004616:	0000      	.short	0x0000
10004618:	d0000000 	.word	0xd0000000
1000461c:	ffffffff 	.word	0xffffffff
10004620:	1b12      	subs	r2, r2, r4
10004622:	3001      	adds	r0, #1
10004624:	d3f3      	bcc.n	1000460e <y64_x32+0xb6>
10004626:	e7f1      	b.n	1000460c <y64_x32+0xb4>

10004628 <last0>:
10004628:	2709      	movs	r7, #9
1000462a:	1b7f      	subs	r7, r7, r5
1000462c:	40fe      	lsrs	r6, r7
1000462e:	4664      	mov	r4, ip
10004630:	b2a2      	uxth	r2, r4
10004632:	4372      	muls	r2, r6
10004634:	1a80      	subs	r0, r0, r2
10004636:	d200      	bcs.n	1000463a <last0+0x12>
10004638:	3901      	subs	r1, #1
1000463a:	0c22      	lsrs	r2, r4, #16
1000463c:	4372      	muls	r2, r6
1000463e:	0c13      	lsrs	r3, r2, #16
10004640:	0412      	lsls	r2, r2, #16
10004642:	1a82      	subs	r2, r0, r2
10004644:	4199      	sbcs	r1, r3
10004646:	000b      	movs	r3, r1
10004648:	4670      	mov	r0, lr
1000464a:	3504      	adds	r5, #4
1000464c:	3713      	adds	r7, #19
1000464e:	0001      	movs	r1, r0
10004650:	40f9      	lsrs	r1, r7
10004652:	40a8      	lsls	r0, r5
10004654:	1980      	adds	r0, r0, r6
10004656:	d300      	bcc.n	1000465a <last0+0x32>
10004658:	3101      	adds	r1, #1
1000465a:	2b00      	cmp	r3, #0
1000465c:	d102      	bne.n	10004664 <last0+0x3c>
1000465e:	42a2      	cmp	r2, r4
10004660:	d20a      	bcs.n	10004678 <last0+0x50>
10004662:	bdf0      	pop	{r4, r5, r6, r7, pc}
10004664:	3001      	adds	r0, #1
10004666:	d300      	bcc.n	1000466a <last0+0x42>
10004668:	3101      	adds	r1, #1
1000466a:	1b12      	subs	r2, r2, r4
1000466c:	d2fa      	bcs.n	10004664 <last0+0x3c>
1000466e:	3b01      	subs	r3, #1
10004670:	d1f8      	bne.n	10004664 <last0+0x3c>
10004672:	42a2      	cmp	r2, r4
10004674:	d200      	bcs.n	10004678 <last0+0x50>
10004676:	bdf0      	pop	{r4, r5, r6, r7, pc}
10004678:	3001      	adds	r0, #1
1000467a:	d300      	bcc.n	1000467e <last0+0x56>
1000467c:	3101      	adds	r1, #1
1000467e:	1b12      	subs	r2, r2, r4
10004680:	e7f7      	b.n	10004672 <last0+0x4a>

10004682 <y64_x48>:
10004682:	b5f0      	push	{r4, r5, r6, r7, lr}
10004684:	0c1c      	lsrs	r4, r3, #16
10004686:	d000      	beq.n	1000468a <y64_x48+0x8>
10004688:	e080      	b.n	1000478c <y64_x64>
1000468a:	b40c      	push	{r2, r3}
1000468c:	2500      	movs	r5, #0
1000468e:	0a1c      	lsrs	r4, r3, #8
10004690:	d104      	bne.n	1000469c <y64_x48+0x1a>
10004692:	021b      	lsls	r3, r3, #8
10004694:	0e16      	lsrs	r6, r2, #24
10004696:	4333      	orrs	r3, r6
10004698:	0212      	lsls	r2, r2, #8
1000469a:	3508      	adds	r5, #8
1000469c:	0b1c      	lsrs	r4, r3, #12
1000469e:	d104      	bne.n	100046aa <y64_x48+0x28>
100046a0:	011b      	lsls	r3, r3, #4
100046a2:	0f16      	lsrs	r6, r2, #28
100046a4:	4333      	orrs	r3, r6
100046a6:	0112      	lsls	r2, r2, #4
100046a8:	3504      	adds	r5, #4
100046aa:	0b9c      	lsrs	r4, r3, #14
100046ac:	d104      	bne.n	100046b8 <y64_x48+0x36>
100046ae:	009b      	lsls	r3, r3, #2
100046b0:	0f96      	lsrs	r6, r2, #30
100046b2:	4333      	orrs	r3, r6
100046b4:	0092      	lsls	r2, r2, #2
100046b6:	3502      	adds	r5, #2
100046b8:	0bdc      	lsrs	r4, r3, #15
100046ba:	d102      	bne.n	100046c2 <y64_x48+0x40>
100046bc:	1892      	adds	r2, r2, r2
100046be:	415b      	adcs	r3, r3
100046c0:	3501      	adds	r5, #1
100046c2:	001c      	movs	r4, r3
100046c4:	1897      	adds	r7, r2, r2
100046c6:	4164      	adcs	r4, r4
100046c8:	3401      	adds	r4, #1
100046ca:	4f46      	ldr	r7, [pc, #280]	@ (100047e4 <y64_x64+0x58>)
100046cc:	667c      	str	r4, [r7, #100]	@ 0x64
100046ce:	4c46      	ldr	r4, [pc, #280]	@ (100047e8 <y64_x64+0x5c>)
100046d0:	663c      	str	r4, [r7, #96]	@ 0x60
100046d2:	0c0e      	lsrs	r6, r1, #16
100046d4:	e7ff      	b.n	100046d6 <y64_x48+0x54>
100046d6:	e7ff      	b.n	100046d8 <y64_x48+0x56>
100046d8:	e7ff      	b.n	100046da <y64_x48+0x58>
100046da:	46c0      	nop			@ (mov r8, r8)
100046dc:	6f3c      	ldr	r4, [r7, #112]	@ 0x70
100046de:	4366      	muls	r6, r4
100046e0:	0c36      	lsrs	r6, r6, #16
100046e2:	0377      	lsls	r7, r6, #13
100046e4:	46be      	mov	lr, r7
100046e6:	b297      	uxth	r7, r2
100046e8:	4377      	muls	r7, r6
100046ea:	1bc0      	subs	r0, r0, r7
100046ec:	d200      	bcs.n	100046f0 <y64_x48+0x6e>
100046ee:	3901      	subs	r1, #1
100046f0:	1bc0      	subs	r0, r0, r7
100046f2:	d200      	bcs.n	100046f6 <y64_x48+0x74>
100046f4:	3901      	subs	r1, #1
100046f6:	b29f      	uxth	r7, r3
100046f8:	4377      	muls	r7, r6
100046fa:	1bc9      	subs	r1, r1, r7
100046fc:	1bc9      	subs	r1, r1, r7
100046fe:	0c17      	lsrs	r7, r2, #16
10004700:	4377      	muls	r7, r6
10004702:	047e      	lsls	r6, r7, #17
10004704:	0bff      	lsrs	r7, r7, #15
10004706:	1b80      	subs	r0, r0, r6
10004708:	41b9      	sbcs	r1, r7
1000470a:	08ce      	lsrs	r6, r1, #3
1000470c:	4366      	muls	r6, r4
1000470e:	0c36      	lsrs	r6, r6, #16
10004710:	2d0c      	cmp	r5, #12
10004712:	db33      	blt.n	1000477c <last1>
10004714:	44b6      	add	lr, r6
10004716:	0b12      	lsrs	r2, r2, #12
10004718:	051f      	lsls	r7, r3, #20
1000471a:	433a      	orrs	r2, r7
1000471c:	0b1b      	lsrs	r3, r3, #12
1000471e:	b297      	uxth	r7, r2
10004720:	4377      	muls	r7, r6
10004722:	1bc0      	subs	r0, r0, r7
10004724:	d200      	bcs.n	10004728 <y64_x48+0xa6>
10004726:	3901      	subs	r1, #1
10004728:	b29f      	uxth	r7, r3
1000472a:	4377      	muls	r7, r6
1000472c:	1bc9      	subs	r1, r1, r7
1000472e:	0c17      	lsrs	r7, r2, #16
10004730:	4377      	muls	r7, r6
10004732:	043e      	lsls	r6, r7, #16
10004734:	0c3f      	lsrs	r7, r7, #16
10004736:	1b80      	subs	r0, r0, r6
10004738:	41b9      	sbcs	r1, r7
1000473a:	0d86      	lsrs	r6, r0, #22
1000473c:	028f      	lsls	r7, r1, #10
1000473e:	433e      	orrs	r6, r7
10004740:	4366      	muls	r6, r4
10004742:	2729      	movs	r7, #41	@ 0x29
10004744:	1b7f      	subs	r7, r7, r5
10004746:	40fe      	lsrs	r6, r7
10004748:	3d0c      	subs	r5, #12
1000474a:	4677      	mov	r7, lr
1000474c:	40af      	lsls	r7, r5
1000474e:	19bf      	adds	r7, r7, r6
10004750:	bc30      	pop	{r4, r5}
10004752:	b2a2      	uxth	r2, r4
10004754:	b2ab      	uxth	r3, r5
10004756:	4372      	muls	r2, r6
10004758:	4373      	muls	r3, r6
1000475a:	1a80      	subs	r0, r0, r2
1000475c:	4199      	sbcs	r1, r3
1000475e:	0c22      	lsrs	r2, r4, #16
10004760:	4372      	muls	r2, r6
10004762:	0c13      	lsrs	r3, r2, #16
10004764:	0412      	lsls	r2, r2, #16
10004766:	1a80      	subs	r0, r0, r2
10004768:	4199      	sbcs	r1, r3
1000476a:	0002      	movs	r2, r0
1000476c:	000b      	movs	r3, r1
1000476e:	3701      	adds	r7, #1
10004770:	1b00      	subs	r0, r0, r4
10004772:	41a9      	sbcs	r1, r5
10004774:	d2f9      	bcs.n	1000476a <y64_x48+0xe8>
10004776:	1e78      	subs	r0, r7, #1
10004778:	2100      	movs	r1, #0
1000477a:	bdf0      	pop	{r4, r5, r6, r7, pc}

1000477c <last1>:
1000477c:	270c      	movs	r7, #12
1000477e:	1b7f      	subs	r7, r7, r5
10004780:	40fe      	lsrs	r6, r7
10004782:	4677      	mov	r7, lr
10004784:	0b7f      	lsrs	r7, r7, #13
10004786:	40af      	lsls	r7, r5
10004788:	19ff      	adds	r7, r7, r7
1000478a:	e7e0      	b.n	1000474e <y64_x48+0xcc>

1000478c <y64_x64>:
1000478c:	2400      	movs	r4, #0
1000478e:	1c5d      	adds	r5, r3, #1
10004790:	d007      	beq.n	100047a2 <y64_x64+0x16>
10004792:	4f14      	ldr	r7, [pc, #80]	@ (100047e4 <y64_x64+0x58>)
10004794:	667d      	str	r5, [r7, #100]	@ 0x64
10004796:	6639      	str	r1, [r7, #96]	@ 0x60
10004798:	e7ff      	b.n	1000479a <y64_x64+0xe>
1000479a:	e7ff      	b.n	1000479c <y64_x64+0x10>
1000479c:	e7ff      	b.n	1000479e <y64_x64+0x12>
1000479e:	e7ff      	b.n	100047a0 <y64_x64+0x14>
100047a0:	6f3c      	ldr	r4, [r7, #112]	@ 0x70
100047a2:	b295      	uxth	r5, r2
100047a4:	b29e      	uxth	r6, r3
100047a6:	4365      	muls	r5, r4
100047a8:	4366      	muls	r6, r4
100047aa:	1b40      	subs	r0, r0, r5
100047ac:	41b1      	sbcs	r1, r6
100047ae:	0c15      	lsrs	r5, r2, #16
100047b0:	0c1e      	lsrs	r6, r3, #16
100047b2:	4365      	muls	r5, r4
100047b4:	4366      	muls	r6, r4
100047b6:	0436      	lsls	r6, r6, #16
100047b8:	0c2f      	lsrs	r7, r5, #16
100047ba:	433e      	orrs	r6, r7
100047bc:	042d      	lsls	r5, r5, #16
100047be:	1b40      	subs	r0, r0, r5
100047c0:	41b1      	sbcs	r1, r6
100047c2:	4299      	cmp	r1, r3
100047c4:	d204      	bcs.n	100047d0 <y64_x64+0x44>
100047c6:	0002      	movs	r2, r0
100047c8:	000b      	movs	r3, r1
100047ca:	0020      	movs	r0, r4
100047cc:	2100      	movs	r1, #0
100047ce:	bdf0      	pop	{r4, r5, r6, r7, pc}
100047d0:	d101      	bne.n	100047d6 <y64_x64+0x4a>
100047d2:	4290      	cmp	r0, r2
100047d4:	d3f7      	bcc.n	100047c6 <y64_x64+0x3a>
100047d6:	1a80      	subs	r0, r0, r2
100047d8:	4199      	sbcs	r1, r3
100047da:	3401      	adds	r4, #1
100047dc:	4299      	cmp	r1, r3
100047de:	d3f2      	bcc.n	100047c6 <y64_x64+0x3a>
100047e0:	e7f6      	b.n	100047d0 <y64_x64+0x44>
100047e2:	0000      	.short	0x0000
100047e4:	d0000000 	.word	0xd0000000
100047e8:	ffffffff 	.word	0xffffffff

100047ec <__wrap___aeabi_drsub>:
100047ec:	4048      	eors	r0, r1
100047ee:	4041      	eors	r1, r0
100047f0:	4048      	eors	r0, r1

100047f2 <__wrap___aeabi_dsub>:
100047f2:	b418      	push	{r3, r4}
100047f4:	4b1b      	ldr	r3, [pc, #108]	@ (10004864 <__wrap___aeabi_dmul+0x12>)
100047f6:	685b      	ldr	r3, [r3, #4]
100047f8:	46fc      	mov	ip, pc
100047fa:	9301      	str	r3, [sp, #4]
100047fc:	bd08      	pop	{r3, pc}
100047fe:	df04      	.short	0xdf04
10004800:	10004a87 	.word	0x10004a87

10004804 <__wrap___aeabi_dadd>:
10004804:	b418      	push	{r3, r4}
10004806:	4b17      	ldr	r3, [pc, #92]	@ (10004864 <__wrap___aeabi_dmul+0x12>)
10004808:	681b      	ldr	r3, [r3, #0]
1000480a:	46fc      	mov	ip, pc
1000480c:	9301      	str	r3, [sp, #4]
1000480e:	bd08      	pop	{r3, pc}
10004810:	4a91df00 	.word	0x4a91df00
10004814:	1000      	.short	0x1000

10004816 <__wrap___aeabi_ddiv>:
10004816:	4694      	mov	ip, r2
10004818:	4a13      	ldr	r2, [pc, #76]	@ (10004868 <__wrap___aeabi_dmul+0x16>)
1000481a:	6f92      	ldr	r2, [r2, #120]	@ 0x78
1000481c:	0892      	lsrs	r2, r2, #2
1000481e:	d209      	bcs.n	10004834 <ddiv_save_state>
10004820:	4662      	mov	r2, ip

10004822 <ddiv_shim_call>:
10004822:	b418      	push	{r3, r4}
10004824:	4b0f      	ldr	r3, [pc, #60]	@ (10004864 <__wrap___aeabi_dmul+0x12>)
10004826:	68db      	ldr	r3, [r3, #12]
10004828:	46fc      	mov	ip, pc
1000482a:	9301      	str	r3, [sp, #4]
1000482c:	bd08      	pop	{r3, pc}
1000482e:	df0c      	.short	0xdf0c
10004830:	10004d49 	.word	0x10004d49

10004834 <ddiv_save_state>:
10004834:	4a0c      	ldr	r2, [pc, #48]	@ (10004868 <__wrap___aeabi_dmul+0x16>)
10004836:	b5f0      	push	{r4, r5, r6, r7, lr}
10004838:	6e14      	ldr	r4, [r2, #96]	@ 0x60
1000483a:	6e55      	ldr	r5, [r2, #100]	@ 0x64
1000483c:	6f57      	ldr	r7, [r2, #116]	@ 0x74
1000483e:	6f16      	ldr	r6, [r2, #112]	@ 0x70
10004840:	4662      	mov	r2, ip
10004842:	f7ff ffee 	bl	10004822 <ddiv_shim_call>
10004846:	4a08      	ldr	r2, [pc, #32]	@ (10004868 <__wrap___aeabi_dmul+0x16>)
10004848:	6614      	str	r4, [r2, #96]	@ 0x60
1000484a:	6655      	str	r5, [r2, #100]	@ 0x64
1000484c:	6757      	str	r7, [r2, #116]	@ 0x74
1000484e:	6716      	str	r6, [r2, #112]	@ 0x70
10004850:	bdf0      	pop	{r4, r5, r6, r7, pc}

10004852 <__wrap___aeabi_dmul>:
10004852:	b418      	push	{r3, r4}
10004854:	4b03      	ldr	r3, [pc, #12]	@ (10004864 <__wrap___aeabi_dmul+0x12>)
10004856:	689b      	ldr	r3, [r3, #8]
10004858:	46fc      	mov	ip, pc
1000485a:	9301      	str	r3, [sp, #4]
1000485c:	bd08      	pop	{r3, pc}
1000485e:	df08      	.short	0xdf08
10004860:	10004bed 	.word	0x10004bed
10004864:	20000548 	.word	0x20000548
10004868:	d0000000 	.word	0xd0000000

1000486c <__wrap___aeabi_cdrcmple>:
1000486c:	b5ff      	push	{r0, r1, r2, r3, r4, r5, r6, r7, lr}
1000486e:	4050      	eors	r0, r2
10004870:	4042      	eors	r2, r0
10004872:	4050      	eors	r0, r2
10004874:	4059      	eors	r1, r3
10004876:	404b      	eors	r3, r1
10004878:	4059      	eors	r1, r3
1000487a:	e000      	b.n	1000487e <__aeabi_dfcmple_guts>

1000487c <__wrap___aeabi_cdcmpeq>:
1000487c:	b5ff      	push	{r0, r1, r2, r3, r4, r5, r6, r7, lr}

1000487e <__aeabi_dfcmple_guts>:
1000487e:	4f15      	ldr	r7, [pc, #84]	@ (100048d4 <__aeabi_dfcmple_guts+0x56>)
10004880:	004c      	lsls	r4, r1, #1
10004882:	0d64      	lsrs	r4, r4, #21
10004884:	d003      	beq.n	1000488e <__aeabi_dfcmple_guts+0x10>
10004886:	42bc      	cmp	r4, r7
10004888:	d104      	bne.n	10004894 <__aeabi_dfcmple_guts+0x16>
1000488a:	030c      	lsls	r4, r1, #12
1000488c:	d814      	bhi.n	100048b8 <__aeabi_dfcmple_guts+0x3a>
1000488e:	2000      	movs	r0, #0
10004890:	0d09      	lsrs	r1, r1, #20
10004892:	0509      	lsls	r1, r1, #20
10004894:	005c      	lsls	r4, r3, #1
10004896:	0d64      	lsrs	r4, r4, #21
10004898:	d003      	beq.n	100048a2 <__aeabi_dfcmple_guts+0x24>
1000489a:	42bc      	cmp	r4, r7
1000489c:	d104      	bne.n	100048a8 <__aeabi_dfcmple_guts+0x2a>
1000489e:	031c      	lsls	r4, r3, #12
100048a0:	d80a      	bhi.n	100048b8 <__aeabi_dfcmple_guts+0x3a>
100048a2:	2200      	movs	r2, #0
100048a4:	0d1b      	lsrs	r3, r3, #20
100048a6:	051b      	lsls	r3, r3, #20
100048a8:	2601      	movs	r6, #1
100048aa:	404b      	eors	r3, r1
100048ac:	d409      	bmi.n	100048c2 <__aeabi_dfcmple_guts+0x44>
100048ae:	404b      	eors	r3, r1
100048b0:	d503      	bpl.n	100048ba <__aeabi_dfcmple_guts+0x3c>
100048b2:	428b      	cmp	r3, r1
100048b4:	d100      	bne.n	100048b8 <__aeabi_dfcmple_guts+0x3a>
100048b6:	4282      	cmp	r2, r0
100048b8:	bdff      	pop	{r0, r1, r2, r3, r4, r5, r6, r7, pc}
100048ba:	4299      	cmp	r1, r3
100048bc:	d1fc      	bne.n	100048b8 <__aeabi_dfcmple_guts+0x3a>
100048be:	4290      	cmp	r0, r2
100048c0:	bdff      	pop	{r0, r1, r2, r3, r4, r5, r6, r7, pc}
100048c2:	430b      	orrs	r3, r1
100048c4:	18db      	adds	r3, r3, r3
100048c6:	4303      	orrs	r3, r0
100048c8:	4313      	orrs	r3, r2
100048ca:	d0f5      	beq.n	100048b8 <__aeabi_dfcmple_guts+0x3a>
100048cc:	43c9      	mvns	r1, r1
100048ce:	1849      	adds	r1, r1, r1
100048d0:	bdff      	pop	{r0, r1, r2, r3, r4, r5, r6, r7, pc}
100048d2:	0000      	.short	0x0000
100048d4:	000007ff 	.word	0x000007ff

100048d8 <__wrap___aeabi_dcmplt>:
100048d8:	b500      	push	{lr}
100048da:	f7ff ffcf 	bl	1000487c <__wrap___aeabi_cdcmpeq>
100048de:	4180      	sbcs	r0, r0
100048e0:	bd00      	pop	{pc}
100048e2:	46c0      	nop			@ (mov r8, r8)

100048e4 <__wrap___aeabi_dcmpge>:
100048e4:	b500      	push	{lr}
100048e6:	f7ff ffc1 	bl	1000486c <__wrap___aeabi_cdrcmple>
100048ea:	d901      	bls.n	100048f0 <__wrap___aeabi_dcmpge+0xc>
100048ec:	2000      	movs	r0, #0
100048ee:	bd00      	pop	{pc}
100048f0:	2001      	movs	r0, #1
100048f2:	bd00      	pop	{pc}

100048f4 <__wrap___aeabi_dcmpgt>:
100048f4:	b500      	push	{lr}
100048f6:	f7ff ffb9 	bl	1000486c <__wrap___aeabi_cdrcmple>
100048fa:	4180      	sbcs	r0, r0
100048fc:	bd00      	pop	{pc}

100048fe <__wrap___aeabi_dcmpun>:
100048fe:	2001      	movs	r0, #1
10004900:	0540      	lsls	r0, r0, #21
10004902:	004a      	lsls	r2, r1, #1
10004904:	1812      	adds	r2, r2, r0
10004906:	d804      	bhi.n	10004912 <__wrap___aeabi_dcmpun+0x14>
10004908:	005a      	lsls	r2, r3, #1
1000490a:	1812      	adds	r2, r2, r0
1000490c:	d801      	bhi.n	10004912 <__wrap___aeabi_dcmpun+0x14>
1000490e:	2000      	movs	r0, #0
10004910:	4770      	bx	lr
10004912:	2001      	movs	r0, #1
10004914:	4770      	bx	lr
	...

10004918 <__wrap___aeabi_ui2d>:
10004918:	2100      	movs	r1, #0
1000491a:	2800      	cmp	r0, #0
1000491c:	d105      	bne.n	1000492a <__wrap___aeabi_i2d+0xa>
1000491e:	4770      	bx	lr

10004920 <__wrap___aeabi_i2d>:
10004920:	17c1      	asrs	r1, r0, #31
10004922:	4048      	eors	r0, r1
10004924:	1a40      	subs	r0, r0, r1
10004926:	d0fa      	beq.n	1000491e <__wrap___aeabi_ui2d+0x6>
10004928:	07c9      	lsls	r1, r1, #31
1000492a:	b513      	push	{r0, r1, r4, lr}
1000492c:	4b06      	ldr	r3, [pc, #24]	@ (10004948 <__wrap___aeabi_i2d+0x28>)
1000492e:	681b      	ldr	r3, [r3, #0]
10004930:	4798      	blx	r3
10004932:	bc0c      	pop	{r2, r3}
10004934:	1c44      	adds	r4, r0, #1
10004936:	40a2      	lsls	r2, r4
10004938:	0510      	lsls	r0, r2, #20
1000493a:	0b12      	lsrs	r2, r2, #12
1000493c:	4903      	ldr	r1, [pc, #12]	@ (1000494c <__wrap___aeabi_i2d+0x2c>)
1000493e:	1b09      	subs	r1, r1, r4
10004940:	0509      	lsls	r1, r1, #20
10004942:	4319      	orrs	r1, r3
10004944:	4311      	orrs	r1, r2
10004946:	bd10      	pop	{r4, pc}
10004948:	20000cc8 	.word	0x20000cc8
1000494c:	0000041f 	.word	0x0000041f

10004950 <__wrap___aeabi_d2iz>:
10004950:	b510      	push	{r4, lr}
10004952:	004c      	lsls	r4, r1, #1
10004954:	0d62      	lsrs	r2, r4, #21
10004956:	2380      	movs	r3, #128	@ 0x80
10004958:	18d2      	adds	r2, r2, r3
1000495a:	00db      	lsls	r3, r3, #3
1000495c:	1ad2      	subs	r2, r2, r3
1000495e:	055b      	lsls	r3, r3, #21
10004960:	2a7e      	cmp	r2, #126	@ 0x7e
10004962:	dd10      	ble.n	10004986 <__wrap___aeabi_d2iz+0x36>
10004964:	3a9e      	subs	r2, #158	@ 0x9e
10004966:	da13      	bge.n	10004990 <__wrap___aeabi_d2iz+0x40>
10004968:	17cc      	asrs	r4, r1, #31
1000496a:	0309      	lsls	r1, r1, #12
1000496c:	0849      	lsrs	r1, r1, #1
1000496e:	4319      	orrs	r1, r3
10004970:	4252      	negs	r2, r2
10004972:	40d1      	lsrs	r1, r2
10004974:	0064      	lsls	r4, r4, #1
10004976:	3401      	adds	r4, #1
10004978:	3215      	adds	r2, #21
1000497a:	2a20      	cmp	r2, #32
1000497c:	da05      	bge.n	1000498a <__wrap___aeabi_d2iz+0x3a>
1000497e:	40d0      	lsrs	r0, r2
10004980:	4308      	orrs	r0, r1
10004982:	4360      	muls	r0, r4
10004984:	bd10      	pop	{r4, pc}
10004986:	2000      	movs	r0, #0
10004988:	bd10      	pop	{r4, pc}
1000498a:	4608      	mov	r0, r1
1000498c:	4360      	muls	r0, r4
1000498e:	bd10      	pop	{r4, pc}
10004990:	0fc8      	lsrs	r0, r1, #31
10004992:	18c0      	adds	r0, r0, r3
10004994:	3801      	subs	r0, #1
10004996:	bd10      	pop	{r4, pc}

10004998 <__wrap___aeabi_d2uiz>:
10004998:	b418      	push	{r3, r4}
1000499a:	4b04      	ldr	r3, [pc, #16]	@ (100049ac <__wrap___aeabi_d2uiz+0x14>)
1000499c:	6a5b      	ldr	r3, [r3, #36]	@ 0x24
1000499e:	46fc      	mov	ip, pc
100049a0:	9301      	str	r3, [sp, #4]
100049a2:	bd08      	pop	{r3, pc}
100049a4:	4ef9df24 	.word	0x4ef9df24
100049a8:	00001000 	.word	0x00001000
100049ac:	20000548 	.word	0x20000548

100049b0 <__aeabi_double_init>:
100049b0:	2313      	movs	r3, #19
100049b2:	b570      	push	{r4, r5, r6, lr}
100049b4:	781d      	ldrb	r5, [r3, #0]
100049b6:	2d01      	cmp	r5, #1
100049b8:	d019      	beq.n	100049ee <__aeabi_double_init+0x3e>
100049ba:	dd14      	ble.n	100049e6 <__aeabi_double_init+0x36>
100049bc:	481f      	ldr	r0, [pc, #124]	@ (10004a3c <__aeabi_double_init+0x8c>)
100049be:	f7ff fc8b 	bl	100042d8 <rom_data_lookup>
100049c2:	0006      	movs	r6, r0
100049c4:	481e      	ldr	r0, [pc, #120]	@ (10004a40 <__aeabi_double_init+0x90>)
100049c6:	f7ff fc87 	bl	100042d8 <rom_data_lookup>
100049ca:	4c1e      	ldr	r4, [pc, #120]	@ (10004a44 <__aeabi_double_init+0x94>)
100049cc:	2280      	movs	r2, #128	@ 0x80
100049ce:	0031      	movs	r1, r6
100049d0:	0020      	movs	r0, r4
100049d2:	f000 fb59 	bl	10005088 <__wrap___aeabi_memcpy>
100049d6:	2d02      	cmp	r5, #2
100049d8:	d02d      	beq.n	10004a36 <__aeabi_double_init+0x86>
100049da:	481b      	ldr	r0, [pc, #108]	@ (10004a48 <__aeabi_double_init+0x98>)
100049dc:	f7ff fc74 	bl	100042c8 <rom_func_lookup>
100049e0:	4b1a      	ldr	r3, [pc, #104]	@ (10004a4c <__aeabi_double_init+0x9c>)
100049e2:	6018      	str	r0, [r3, #0]
100049e4:	bd70      	pop	{r4, r5, r6, pc}
100049e6:	4b1a      	ldr	r3, [pc, #104]	@ (10004a50 <__aeabi_double_init+0xa0>)
100049e8:	4c16      	ldr	r4, [pc, #88]	@ (10004a44 <__aeabi_double_init+0x94>)
100049ea:	64a3      	str	r3, [r4, #72]	@ 0x48
100049ec:	e7f5      	b.n	100049da <__aeabi_double_init+0x2a>
100049ee:	4b18      	ldr	r3, [pc, #96]	@ (10004a50 <__aeabi_double_init+0xa0>)
100049f0:	4c14      	ldr	r4, [pc, #80]	@ (10004a44 <__aeabi_double_init+0x94>)
100049f2:	6023      	str	r3, [r4, #0]
100049f4:	6063      	str	r3, [r4, #4]
100049f6:	60a3      	str	r3, [r4, #8]
100049f8:	60e3      	str	r3, [r4, #12]
100049fa:	6123      	str	r3, [r4, #16]
100049fc:	6163      	str	r3, [r4, #20]
100049fe:	61a3      	str	r3, [r4, #24]
10004a00:	61e3      	str	r3, [r4, #28]
10004a02:	6223      	str	r3, [r4, #32]
10004a04:	6263      	str	r3, [r4, #36]	@ 0x24
10004a06:	62a3      	str	r3, [r4, #40]	@ 0x28
10004a08:	62e3      	str	r3, [r4, #44]	@ 0x2c
10004a0a:	6323      	str	r3, [r4, #48]	@ 0x30
10004a0c:	6363      	str	r3, [r4, #52]	@ 0x34
10004a0e:	63a3      	str	r3, [r4, #56]	@ 0x38
10004a10:	63e3      	str	r3, [r4, #60]	@ 0x3c
10004a12:	6423      	str	r3, [r4, #64]	@ 0x40
10004a14:	6463      	str	r3, [r4, #68]	@ 0x44
10004a16:	64a3      	str	r3, [r4, #72]	@ 0x48
10004a18:	64e3      	str	r3, [r4, #76]	@ 0x4c
10004a1a:	6523      	str	r3, [r4, #80]	@ 0x50
10004a1c:	6563      	str	r3, [r4, #84]	@ 0x54
10004a1e:	65a3      	str	r3, [r4, #88]	@ 0x58
10004a20:	65e3      	str	r3, [r4, #92]	@ 0x5c
10004a22:	6623      	str	r3, [r4, #96]	@ 0x60
10004a24:	6663      	str	r3, [r4, #100]	@ 0x64
10004a26:	66a3      	str	r3, [r4, #104]	@ 0x68
10004a28:	66e3      	str	r3, [r4, #108]	@ 0x6c
10004a2a:	6723      	str	r3, [r4, #112]	@ 0x70
10004a2c:	6763      	str	r3, [r4, #116]	@ 0x74
10004a2e:	67a3      	str	r3, [r4, #120]	@ 0x78
10004a30:	67e3      	str	r3, [r4, #124]	@ 0x7c
10004a32:	64a3      	str	r3, [r4, #72]	@ 0x48
10004a34:	e7d1      	b.n	100049da <__aeabi_double_init+0x2a>
10004a36:	4b06      	ldr	r3, [pc, #24]	@ (10004a50 <__aeabi_double_init+0xa0>)
10004a38:	64a3      	str	r3, [r4, #72]	@ 0x48
10004a3a:	e7ce      	b.n	100049da <__aeabi_double_init+0x2a>
10004a3c:	00004453 	.word	0x00004453
10004a40:	00004653 	.word	0x00004653
10004a44:	20000548 	.word	0x20000548
10004a48:	0000334c 	.word	0x0000334c
10004a4c:	20000cc8 	.word	0x20000cc8
10004a50:	10004a55 	.word	0x10004a55

10004a54 <double_table_shim_on_use_helper>:
10004a54:	b507      	push	{r0, r1, r2, lr}
10004a56:	4660      	mov	r0, ip
10004a58:	8801      	ldrh	r1, [r0, #0]
10004a5a:	0a0a      	lsrs	r2, r1, #8
10004a5c:	3002      	adds	r0, #2
10004a5e:	2adf      	cmp	r2, #223	@ 0xdf
10004a60:	d1fa      	bne.n	10004a58 <double_table_shim_on_use_helper+0x4>
10004a62:	b2c9      	uxtb	r1, r1
10004a64:	0882      	lsrs	r2, r0, #2
10004a66:	d304      	bcc.n	10004a72 <double_table_shim_on_use_helper+0x1e>
10004a68:	8802      	ldrh	r2, [r0, #0]
10004a6a:	8840      	ldrh	r0, [r0, #2]
10004a6c:	0400      	lsls	r0, r0, #16
10004a6e:	4310      	orrs	r0, r2
10004a70:	e000      	b.n	10004a74 <double_table_shim_on_use_helper+0x20>
10004a72:	6800      	ldr	r0, [r0, #0]
10004a74:	4a01      	ldr	r2, [pc, #4]	@ (10004a7c <double_table_shim_on_use_helper+0x28>)
10004a76:	5050      	str	r0, [r2, r1]
10004a78:	9003      	str	r0, [sp, #12]
10004a7a:	bd07      	pop	{r0, r1, r2, pc}
10004a7c:	20000548 	.word	0x20000548

10004a80 <drsub_shim>:
10004a80:	b40f      	push	{r0, r1, r2, r3}
10004a82:	bc03      	pop	{r0, r1}
10004a84:	bc0c      	pop	{r2, r3}

10004a86 <dsub_shim>:
10004a86:	b5f0      	push	{r4, r5, r6, r7, lr}
10004a88:	2401      	movs	r4, #1
10004a8a:	07e4      	lsls	r4, r4, #31
10004a8c:	4063      	eors	r3, r4
10004a8e:	e000      	b.n	10004a92 <da_entry>

10004a90 <dadd_shim>:
10004a90:	b5f0      	push	{r4, r5, r6, r7, lr}

10004a92 <da_entry>:
10004a92:	0d0c      	lsrs	r4, r1, #20
10004a94:	0fcf      	lsrs	r7, r1, #31
10004a96:	1e66      	subs	r6, r4, #1
10004a98:	0536      	lsls	r6, r6, #20
10004a9a:	1b89      	subs	r1, r1, r6
10004a9c:	0564      	lsls	r4, r4, #21
10004a9e:	d303      	bcc.n	10004aa8 <l8_1>
10004aa0:	43c9      	mvns	r1, r1
10004aa2:	4240      	negs	r0, r0
10004aa4:	d300      	bcc.n	10004aa8 <l8_1>
10004aa6:	3101      	adds	r1, #1

10004aa8 <l8_1>:
10004aa8:	0d64      	lsrs	r4, r4, #21
10004aaa:	d003      	beq.n	10004ab4 <l8_2>
10004aac:	1c66      	adds	r6, r4, #1
10004aae:	0af6      	lsrs	r6, r6, #11
10004ab0:	d007      	beq.n	10004ac2 <l8_3>
10004ab2:	1be4      	subs	r4, r4, r7

10004ab4 <l8_2>:
10004ab4:	2000      	movs	r0, #0
10004ab6:	007f      	lsls	r7, r7, #1
10004ab8:	1c79      	adds	r1, r7, #1
10004aba:	0789      	lsls	r1, r1, #30
10004abc:	1289      	asrs	r1, r1, #10
10004abe:	3c80      	subs	r4, #128	@ 0x80
10004ac0:	0324      	lsls	r4, r4, #12

10004ac2 <l8_3>:
10004ac2:	0d1d      	lsrs	r5, r3, #20
10004ac4:	0fdf      	lsrs	r7, r3, #31
10004ac6:	1e6e      	subs	r6, r5, #1
10004ac8:	0536      	lsls	r6, r6, #20
10004aca:	1b9b      	subs	r3, r3, r6
10004acc:	056d      	lsls	r5, r5, #21
10004ace:	d303      	bcc.n	10004ad8 <l9_1>
10004ad0:	43db      	mvns	r3, r3
10004ad2:	4252      	negs	r2, r2
10004ad4:	d300      	bcc.n	10004ad8 <l9_1>
10004ad6:	3301      	adds	r3, #1

10004ad8 <l9_1>:
10004ad8:	0d6d      	lsrs	r5, r5, #21
10004ada:	d003      	beq.n	10004ae4 <l9_2>
10004adc:	1c6e      	adds	r6, r5, #1
10004ade:	0af6      	lsrs	r6, r6, #11
10004ae0:	d007      	beq.n	10004af2 <l9_3>
10004ae2:	1bed      	subs	r5, r5, r7

10004ae4 <l9_2>:
10004ae4:	2200      	movs	r2, #0
10004ae6:	007f      	lsls	r7, r7, #1
10004ae8:	1c7b      	adds	r3, r7, #1
10004aea:	079b      	lsls	r3, r3, #30
10004aec:	129b      	asrs	r3, r3, #10
10004aee:	3d80      	subs	r5, #128	@ 0x80
10004af0:	032d      	lsls	r5, r5, #12

10004af2 <l9_3>:
10004af2:	1b2f      	subs	r7, r5, r4
10004af4:	1b66      	subs	r6, r4, r5
10004af6:	d458      	bmi.n	10004baa <da_ygtx>
10004af8:	46a4      	mov	ip, r4
10004afa:	2e20      	cmp	r6, #32
10004afc:	da46      	bge.n	10004b8c <da_xrgty>
10004afe:	3720      	adds	r7, #32
10004b00:	0014      	movs	r4, r2
10004b02:	40bc      	lsls	r4, r7

10004b04 <da_xgty0>:
10004b04:	001d      	movs	r5, r3
10004b06:	40bd      	lsls	r5, r7
10004b08:	40f2      	lsrs	r2, r6
10004b0a:	4133      	asrs	r3, r6
10004b0c:	432a      	orrs	r2, r5

10004b0e <da_add>:
10004b0e:	1880      	adds	r0, r0, r2
10004b10:	4159      	adcs	r1, r3

10004b12 <da_pack>:
10004b12:	0fcb      	lsrs	r3, r1, #31
10004b14:	d005      	beq.n	10004b22 <da_pack+0x10>
10004b16:	43c9      	mvns	r1, r1
10004b18:	43c0      	mvns	r0, r0
10004b1a:	2200      	movs	r2, #0
10004b1c:	4264      	negs	r4, r4
10004b1e:	4150      	adcs	r0, r2
10004b20:	4151      	adcs	r1, r2
10004b22:	4662      	mov	r2, ip
10004b24:	0d4d      	lsrs	r5, r1, #21
10004b26:	d128      	bne.n	10004b7a <da_0>
10004b28:	0d0d      	lsrs	r5, r1, #20
10004b2a:	d107      	bne.n	10004b3c <da_1>
10004b2c:	2800      	cmp	r0, #0
10004b2e:	d01f      	beq.n	10004b70 <da_5>

10004b30 <da_2>:
10004b30:	1924      	adds	r4, r4, r4
10004b32:	4140      	adcs	r0, r0
10004b34:	4149      	adcs	r1, r1
10004b36:	3a01      	subs	r2, #1
10004b38:	0d0d      	lsrs	r5, r1, #20
10004b3a:	d0f9      	beq.n	10004b30 <da_2>

10004b3c <da_1>:
10004b3c:	0064      	lsls	r4, r4, #1
10004b3e:	d306      	bcc.n	10004b4e <da_3>

10004b40 <da_4>:
10004b40:	3001      	adds	r0, #1
10004b42:	d300      	bcc.n	10004b46 <da_4+0x6>
10004b44:	3101      	adds	r1, #1
10004b46:	2c00      	cmp	r4, #0
10004b48:	d101      	bne.n	10004b4e <da_3>
10004b4a:	0840      	lsrs	r0, r0, #1
10004b4c:	0040      	lsls	r0, r0, #1

10004b4e <da_3>:
10004b4e:	3a01      	subs	r2, #1
10004b50:	d40b      	bmi.n	10004b6a <da_6>
10004b52:	1c94      	adds	r4, r2, #2
10004b54:	0ae4      	lsrs	r4, r4, #11
10004b56:	d104      	bne.n	10004b62 <da_7>
10004b58:	0512      	lsls	r2, r2, #20
10004b5a:	4411      	add	r1, r2
10004b5c:	07db      	lsls	r3, r3, #31
10004b5e:	4419      	add	r1, r3
10004b60:	bdf0      	pop	{r4, r5, r6, r7, pc}

10004b62 <da_7>:
10004b62:	07d9      	lsls	r1, r3, #31
10004b64:	4b20      	ldr	r3, [pc, #128]	@ (10004be8 <da_xmgty+0x4>)
10004b66:	4319      	orrs	r1, r3
10004b68:	e000      	b.n	10004b6c <da_6+0x2>

10004b6a <da_6>:
10004b6a:	07d9      	lsls	r1, r3, #31
10004b6c:	2000      	movs	r0, #0
10004b6e:	bdf0      	pop	{r4, r5, r6, r7, pc}

10004b70 <da_5>:
10004b70:	2900      	cmp	r1, #0
10004b72:	d1dd      	bne.n	10004b30 <da_2>
10004b74:	2c00      	cmp	r4, #0
10004b76:	d1db      	bne.n	10004b30 <da_2>
10004b78:	bdf0      	pop	{r4, r5, r6, r7, pc}

10004b7a <da_0>:
10004b7a:	3201      	adds	r2, #1
10004b7c:	07c6      	lsls	r6, r0, #31
10004b7e:	0840      	lsrs	r0, r0, #1
10004b80:	07cd      	lsls	r5, r1, #31
10004b82:	4328      	orrs	r0, r5
10004b84:	0849      	lsrs	r1, r1, #1
10004b86:	2e00      	cmp	r6, #0
10004b88:	d0e1      	beq.n	10004b4e <da_3>
10004b8a:	e7d9      	b.n	10004b40 <da_4>

10004b8c <da_xrgty>:
10004b8c:	2e3c      	cmp	r6, #60	@ 0x3c
10004b8e:	da29      	bge.n	10004be4 <da_xmgty>
10004b90:	3e20      	subs	r6, #32
10004b92:	3740      	adds	r7, #64	@ 0x40
10004b94:	0014      	movs	r4, r2
10004b96:	40bc      	lsls	r4, r7
10004b98:	d000      	beq.n	10004b9c <da_xrgty+0x10>
10004b9a:	2401      	movs	r4, #1
10004b9c:	40f2      	lsrs	r2, r6
10004b9e:	4314      	orrs	r4, r2
10004ba0:	001a      	movs	r2, r3
10004ba2:	40bb      	lsls	r3, r7
10004ba4:	431c      	orrs	r4, r3
10004ba6:	17d3      	asrs	r3, r2, #31
10004ba8:	e7ac      	b.n	10004b04 <da_xgty0>

10004baa <da_ygtx>:
10004baa:	46ac      	mov	ip, r5
10004bac:	2f20      	cmp	r7, #32
10004bae:	da08      	bge.n	10004bc2 <da_yrgtx>
10004bb0:	3620      	adds	r6, #32
10004bb2:	0004      	movs	r4, r0
10004bb4:	40b4      	lsls	r4, r6

10004bb6 <da_ygtx0>:
10004bb6:	000d      	movs	r5, r1
10004bb8:	40b5      	lsls	r5, r6
10004bba:	40f8      	lsrs	r0, r7
10004bbc:	4139      	asrs	r1, r7
10004bbe:	4328      	orrs	r0, r5
10004bc0:	e7a5      	b.n	10004b0e <da_add>

10004bc2 <da_yrgtx>:
10004bc2:	2f3c      	cmp	r7, #60	@ 0x3c
10004bc4:	da0c      	bge.n	10004be0 <da_ymgtx>
10004bc6:	3f20      	subs	r7, #32
10004bc8:	3640      	adds	r6, #64	@ 0x40
10004bca:	0004      	movs	r4, r0
10004bcc:	40b4      	lsls	r4, r6
10004bce:	d000      	beq.n	10004bd2 <da_yrgtx+0x10>
10004bd0:	2401      	movs	r4, #1
10004bd2:	40f8      	lsrs	r0, r7
10004bd4:	4304      	orrs	r4, r0
10004bd6:	0008      	movs	r0, r1
10004bd8:	40b1      	lsls	r1, r6
10004bda:	430c      	orrs	r4, r1
10004bdc:	17c1      	asrs	r1, r0, #31
10004bde:	e7ea      	b.n	10004bb6 <da_ygtx0>

10004be0 <da_ymgtx>:
10004be0:	0010      	movs	r0, r2
10004be2:	0019      	movs	r1, r3

10004be4 <da_xmgty>:
10004be4:	2400      	movs	r4, #0
10004be6:	e794      	b.n	10004b12 <da_pack>
10004be8:	7ff00000 	.word	0x7ff00000

10004bec <dmul_shim>:
10004bec:	b5f0      	push	{r4, r5, r6, r7, lr}
10004bee:	0d0c      	lsrs	r4, r1, #20
10004bf0:	1e66      	subs	r6, r4, #1
10004bf2:	0536      	lsls	r6, r6, #20
10004bf4:	1b89      	subs	r1, r1, r6
10004bf6:	0ae6      	lsrs	r6, r4, #11
10004bf8:	0564      	lsls	r4, r4, #21
10004bfa:	0d64      	lsrs	r4, r4, #21
10004bfc:	d002      	beq.n	10004c04 <l12_1>
10004bfe:	1c65      	adds	r5, r4, #1
10004c00:	0aed      	lsrs	r5, r5, #11
10004c02:	d004      	beq.n	10004c0e <l12_2>

10004c04 <l12_1>:
10004c04:	2000      	movs	r0, #0
10004c06:	2101      	movs	r1, #1
10004c08:	0509      	lsls	r1, r1, #20
10004c0a:	3c80      	subs	r4, #128	@ 0x80
10004c0c:	0324      	lsls	r4, r4, #12

10004c0e <l12_2>:
10004c0e:	46a4      	mov	ip, r4
10004c10:	0d1c      	lsrs	r4, r3, #20
10004c12:	1e67      	subs	r7, r4, #1
10004c14:	053f      	lsls	r7, r7, #20
10004c16:	1bdb      	subs	r3, r3, r7
10004c18:	0ae7      	lsrs	r7, r4, #11
10004c1a:	0564      	lsls	r4, r4, #21
10004c1c:	0d64      	lsrs	r4, r4, #21
10004c1e:	d002      	beq.n	10004c26 <l13_1>
10004c20:	1c65      	adds	r5, r4, #1
10004c22:	0aed      	lsrs	r5, r5, #11
10004c24:	d004      	beq.n	10004c30 <l13_2>

10004c26 <l13_1>:
10004c26:	2200      	movs	r2, #0
10004c28:	2301      	movs	r3, #1
10004c2a:	051b      	lsls	r3, r3, #20
10004c2c:	3c80      	subs	r4, #128	@ 0x80
10004c2e:	0324      	lsls	r4, r4, #12

10004c30 <l13_2>:
10004c30:	4077      	eors	r7, r6
10004c32:	4464      	add	r4, ip
10004c34:	b497      	push	{r0, r1, r2, r4, r7}
10004c36:	b284      	uxth	r4, r0
10004c38:	b296      	uxth	r6, r2
10004c3a:	4374      	muls	r4, r6
10004c3c:	0c07      	lsrs	r7, r0, #16
10004c3e:	437e      	muls	r6, r7
10004c40:	0c15      	lsrs	r5, r2, #16
10004c42:	436f      	muls	r7, r5
10004c44:	b280      	uxth	r0, r0
10004c46:	4368      	muls	r0, r5
10004c48:	1836      	adds	r6, r6, r0
10004c4a:	d302      	bcc.n	10004c52 <l14_1>
10004c4c:	2001      	movs	r0, #1
10004c4e:	0400      	lsls	r0, r0, #16
10004c50:	183f      	adds	r7, r7, r0

10004c52 <l14_1>:
10004c52:	0430      	lsls	r0, r6, #16
10004c54:	0c35      	lsrs	r5, r6, #16
10004c56:	1900      	adds	r0, r0, r4
10004c58:	417d      	adcs	r5, r7
10004c5a:	4684      	mov	ip, r0
10004c5c:	b288      	uxth	r0, r1
10004c5e:	b29a      	uxth	r2, r3
10004c60:	4350      	muls	r0, r2
10004c62:	0c0c      	lsrs	r4, r1, #16
10004c64:	4362      	muls	r2, r4
10004c66:	0c1f      	lsrs	r7, r3, #16
10004c68:	437c      	muls	r4, r7
10004c6a:	b28e      	uxth	r6, r1
10004c6c:	437e      	muls	r6, r7
10004c6e:	1992      	adds	r2, r2, r6
10004c70:	d302      	bcc.n	10004c78 <l15_1>
10004c72:	2601      	movs	r6, #1
10004c74:	0436      	lsls	r6, r6, #16
10004c76:	19a4      	adds	r4, r4, r6

10004c78 <l15_1>:
10004c78:	0416      	lsls	r6, r2, #16
10004c7a:	0c17      	lsrs	r7, r2, #16
10004c7c:	1836      	adds	r6, r6, r0
10004c7e:	4167      	adcs	r7, r4
10004c80:	bc01      	pop	{r0}
10004c82:	b281      	uxth	r1, r0
10004c84:	b29a      	uxth	r2, r3
10004c86:	4351      	muls	r1, r2
10004c88:	0c04      	lsrs	r4, r0, #16
10004c8a:	4362      	muls	r2, r4
10004c8c:	0c1b      	lsrs	r3, r3, #16
10004c8e:	435c      	muls	r4, r3
10004c90:	b280      	uxth	r0, r0
10004c92:	4358      	muls	r0, r3
10004c94:	1812      	adds	r2, r2, r0
10004c96:	d302      	bcc.n	10004c9e <l16_1>
10004c98:	2001      	movs	r0, #1
10004c9a:	0400      	lsls	r0, r0, #16
10004c9c:	1824      	adds	r4, r4, r0

10004c9e <l16_1>:
10004c9e:	0410      	lsls	r0, r2, #16
10004ca0:	0c13      	lsrs	r3, r2, #16
10004ca2:	1840      	adds	r0, r0, r1
10004ca4:	4163      	adcs	r3, r4
10004ca6:	182d      	adds	r5, r5, r0
10004ca8:	415e      	adcs	r6, r3
10004caa:	2000      	movs	r0, #0
10004cac:	4147      	adcs	r7, r0
10004cae:	bc06      	pop	{r1, r2}
10004cb0:	b288      	uxth	r0, r1
10004cb2:	b293      	uxth	r3, r2
10004cb4:	4358      	muls	r0, r3
10004cb6:	0c0c      	lsrs	r4, r1, #16
10004cb8:	4363      	muls	r3, r4
10004cba:	0c12      	lsrs	r2, r2, #16
10004cbc:	4354      	muls	r4, r2
10004cbe:	b289      	uxth	r1, r1
10004cc0:	4351      	muls	r1, r2
10004cc2:	185b      	adds	r3, r3, r1
10004cc4:	d302      	bcc.n	10004ccc <l17_1>
10004cc6:	2101      	movs	r1, #1
10004cc8:	0409      	lsls	r1, r1, #16
10004cca:	1864      	adds	r4, r4, r1

10004ccc <l17_1>:
10004ccc:	0419      	lsls	r1, r3, #16
10004cce:	0c1a      	lsrs	r2, r3, #16
10004cd0:	1809      	adds	r1, r1, r0
10004cd2:	4162      	adcs	r2, r4
10004cd4:	186d      	adds	r5, r5, r1
10004cd6:	4156      	adcs	r6, r2
10004cd8:	2000      	movs	r0, #0
10004cda:	4147      	adcs	r7, r0
10004cdc:	bc18      	pop	{r3, r4}
10004cde:	02f9      	lsls	r1, r7, #11
10004ce0:	0d72      	lsrs	r2, r6, #21
10004ce2:	4311      	orrs	r1, r2
10004ce4:	02f0      	lsls	r0, r6, #11
10004ce6:	0d6a      	lsrs	r2, r5, #21
10004ce8:	4310      	orrs	r0, r2
10004cea:	02ed      	lsls	r5, r5, #11
10004cec:	0d0a      	lsrs	r2, r1, #20
10004cee:	d103      	bne.n	10004cf8 <l17_1+0x2c>
10004cf0:	196d      	adds	r5, r5, r5
10004cf2:	4140      	adcs	r0, r0
10004cf4:	4149      	adcs	r1, r1
10004cf6:	3b01      	subs	r3, #1
10004cf8:	4e12      	ldr	r6, [pc, #72]	@ (10004d44 <dm_1+0xa>)
10004cfa:	1b9b      	subs	r3, r3, r6
10004cfc:	0076      	lsls	r6, r6, #1
10004cfe:	42b3      	cmp	r3, r6
10004d00:	d20e      	bcs.n	10004d20 <dm_0>
10004d02:	006d      	lsls	r5, r5, #1
10004d04:	d307      	bcc.n	10004d16 <l17_1+0x4a>
10004d06:	3001      	adds	r0, #1
10004d08:	2600      	movs	r6, #0
10004d0a:	4171      	adcs	r1, r6
10004d0c:	4666      	mov	r6, ip
10004d0e:	4335      	orrs	r5, r6
10004d10:	d101      	bne.n	10004d16 <l17_1+0x4a>
10004d12:	0840      	lsrs	r0, r0, #1
10004d14:	0040      	lsls	r0, r0, #1
10004d16:	051b      	lsls	r3, r3, #20
10004d18:	18c9      	adds	r1, r1, r3

10004d1a <dm_2>:
10004d1a:	07e4      	lsls	r4, r4, #31
10004d1c:	4421      	add	r1, r4
10004d1e:	bdf0      	pop	{r4, r5, r6, r7, pc}

10004d20 <dm_0>:
10004d20:	da0b      	bge.n	10004d3a <dm_1>
10004d22:	3301      	adds	r3, #1
10004d24:	d106      	bne.n	10004d34 <dm_0+0x14>
10004d26:	3001      	adds	r0, #1
10004d28:	d104      	bne.n	10004d34 <dm_0+0x14>
10004d2a:	3101      	adds	r1, #1
10004d2c:	0d4f      	lsrs	r7, r1, #21
10004d2e:	d001      	beq.n	10004d34 <dm_0+0x14>
10004d30:	0849      	lsrs	r1, r1, #1
10004d32:	e7f2      	b.n	10004d1a <dm_2>
10004d34:	07e1      	lsls	r1, r4, #31
10004d36:	2000      	movs	r0, #0
10004d38:	bdf0      	pop	{r4, r5, r6, r7, pc}

10004d3a <dm_1>:
10004d3a:	3601      	adds	r6, #1
10004d3c:	0531      	lsls	r1, r6, #20
10004d3e:	2000      	movs	r0, #0
10004d40:	e7eb      	b.n	10004d1a <dm_2>
10004d42:	0000      	.short	0x0000
10004d44:	000003ff 	.word	0x000003ff

10004d48 <ddiv_shim>:
10004d48:	b5f0      	push	{r4, r5, r6, r7, lr}

10004d4a <ddiv0>:
10004d4a:	0d1c      	lsrs	r4, r3, #20
10004d4c:	1e67      	subs	r7, r4, #1
10004d4e:	053f      	lsls	r7, r7, #20
10004d50:	1bdb      	subs	r3, r3, r7
10004d52:	0ae7      	lsrs	r7, r4, #11
10004d54:	0564      	lsls	r4, r4, #21
10004d56:	0d64      	lsrs	r4, r4, #21
10004d58:	d002      	beq.n	10004d60 <l20_1>
10004d5a:	1c66      	adds	r6, r4, #1
10004d5c:	0af6      	lsrs	r6, r6, #11
10004d5e:	d004      	beq.n	10004d6a <l20_2>

10004d60 <l20_1>:
10004d60:	2200      	movs	r2, #0
10004d62:	2301      	movs	r3, #1
10004d64:	051b      	lsls	r3, r3, #20
10004d66:	3c80      	subs	r4, #128	@ 0x80
10004d68:	0324      	lsls	r4, r4, #12

10004d6a <l20_2>:
10004d6a:	25d0      	movs	r5, #208	@ 0xd0
10004d6c:	062d      	lsls	r5, r5, #24
10004d6e:	2600      	movs	r6, #0
10004d70:	43f6      	mvns	r6, r6
10004d72:	662e      	str	r6, [r5, #96]	@ 0x60
10004d74:	091e      	lsrs	r6, r3, #4
10004d76:	666e      	str	r6, [r5, #100]	@ 0x64
10004d78:	0fce      	lsrs	r6, r1, #31
10004d7a:	19f6      	adds	r6, r6, r7
10004d7c:	46b4      	mov	ip, r6
10004d7e:	0049      	lsls	r1, r1, #1
10004d80:	0d4f      	lsrs	r7, r1, #21
10004d82:	d002      	beq.n	10004d8a <l20_2+0x20>
10004d84:	1c7e      	adds	r6, r7, #1
10004d86:	0af6      	lsrs	r6, r6, #11
10004d88:	d003      	beq.n	10004d92 <l20_2+0x28>
10004d8a:	2000      	movs	r0, #0
10004d8c:	2100      	movs	r1, #0
10004d8e:	3f40      	subs	r7, #64	@ 0x40
10004d90:	033f      	lsls	r7, r7, #12
10004d92:	1b3e      	subs	r6, r7, r4
10004d94:	00b6      	lsls	r6, r6, #2
10004d96:	44b4      	add	ip, r6
10004d98:	3f01      	subs	r7, #1
10004d9a:	057f      	lsls	r7, r7, #21
10004d9c:	1bc9      	subs	r1, r1, r7
10004d9e:	0849      	lsrs	r1, r1, #1
10004da0:	6f2e      	ldr	r6, [r5, #112]	@ 0x70
10004da2:	3601      	adds	r6, #1
10004da4:	0876      	lsrs	r6, r6, #1
10004da6:	029c      	lsls	r4, r3, #10
10004da8:	0d95      	lsrs	r5, r2, #22
10004daa:	4325      	orrs	r5, r4
10004dac:	4375      	muls	r5, r6
10004dae:	13ed      	asrs	r5, r5, #15
10004db0:	4375      	muls	r5, r6
10004db2:	13ad      	asrs	r5, r5, #14
10004db4:	3501      	adds	r5, #1
10004db6:	106d      	asrs	r5, r5, #1
10004db8:	03f6      	lsls	r6, r6, #15
10004dba:	1b76      	subs	r6, r6, r5
10004dbc:	b40c      	push	{r2, r3}
10004dbe:	02cc      	lsls	r4, r1, #11
10004dc0:	0d45      	lsrs	r5, r0, #21
10004dc2:	432c      	orrs	r4, r5
10004dc4:	b2a2      	uxth	r2, r4
10004dc6:	b2b3      	uxth	r3, r6
10004dc8:	435a      	muls	r2, r3
10004dca:	0c27      	lsrs	r7, r4, #16
10004dcc:	437b      	muls	r3, r7
10004dce:	0c35      	lsrs	r5, r6, #16
10004dd0:	436f      	muls	r7, r5
10004dd2:	b2a4      	uxth	r4, r4
10004dd4:	436c      	muls	r4, r5
10004dd6:	191b      	adds	r3, r3, r4
10004dd8:	d302      	bcc.n	10004de0 <l21_1>
10004dda:	2401      	movs	r4, #1
10004ddc:	0424      	lsls	r4, r4, #16
10004dde:	193f      	adds	r7, r7, r4

10004de0 <l21_1>:
10004de0:	041c      	lsls	r4, r3, #16
10004de2:	0c1d      	lsrs	r5, r3, #16
10004de4:	18a4      	adds	r4, r4, r2
10004de6:	417d      	adcs	r5, r7
10004de8:	1924      	adds	r4, r4, r4
10004dea:	416d      	adcs	r5, r5
10004dec:	9a00      	ldr	r2, [sp, #0]
10004dee:	b291      	uxth	r1, r2
10004df0:	b2ac      	uxth	r4, r5
10004df2:	4361      	muls	r1, r4
10004df4:	0c17      	lsrs	r7, r2, #16
10004df6:	437c      	muls	r4, r7
10004df8:	0c2b      	lsrs	r3, r5, #16
10004dfa:	435f      	muls	r7, r3
10004dfc:	b292      	uxth	r2, r2
10004dfe:	435a      	muls	r2, r3
10004e00:	18a4      	adds	r4, r4, r2
10004e02:	d302      	bcc.n	10004e0a <l22_1>
10004e04:	2201      	movs	r2, #1
10004e06:	0412      	lsls	r2, r2, #16
10004e08:	18bf      	adds	r7, r7, r2

10004e0a <l22_1>:
10004e0a:	0422      	lsls	r2, r4, #16
10004e0c:	0c23      	lsrs	r3, r4, #16
10004e0e:	1852      	adds	r2, r2, r1
10004e10:	417b      	adcs	r3, r7
10004e12:	9c01      	ldr	r4, [sp, #4]
10004e14:	436c      	muls	r4, r5
10004e16:	191b      	adds	r3, r3, r4
10004e18:	0e52      	lsrs	r2, r2, #25
10004e1a:	01d9      	lsls	r1, r3, #7
10004e1c:	430a      	orrs	r2, r1
10004e1e:	0144      	lsls	r4, r0, #5
10004e20:	1aa0      	subs	r0, r4, r2
10004e22:	b281      	uxth	r1, r0
10004e24:	b2b2      	uxth	r2, r6
10004e26:	4351      	muls	r1, r2
10004e28:	1403      	asrs	r3, r0, #16
10004e2a:	435a      	muls	r2, r3
10004e2c:	0c36      	lsrs	r6, r6, #16
10004e2e:	4373      	muls	r3, r6
10004e30:	b287      	uxth	r7, r0
10004e32:	4377      	muls	r7, r6
10004e34:	17d6      	asrs	r6, r2, #31
10004e36:	19d2      	adds	r2, r2, r7
10004e38:	2700      	movs	r7, #0
10004e3a:	417e      	adcs	r6, r7
10004e3c:	0436      	lsls	r6, r6, #16
10004e3e:	199b      	adds	r3, r3, r6
10004e40:	0417      	lsls	r7, r2, #16
10004e42:	0c16      	lsrs	r6, r2, #16
10004e44:	187f      	adds	r7, r7, r1
10004e46:	415e      	adcs	r6, r3
10004e48:	1673      	asrs	r3, r6, #25
10004e4a:	18ed      	adds	r5, r5, r3
10004e4c:	01f3      	lsls	r3, r6, #7
10004e4e:	2600      	movs	r6, #0
10004e50:	3380      	adds	r3, #128	@ 0x80
10004e52:	4175      	adcs	r5, r6
10004e54:	0fa9      	lsrs	r1, r5, #30
10004e56:	d106      	bne.n	10004e66 <dd_0>
10004e58:	0064      	lsls	r4, r4, #1
10004e5a:	0a69      	lsrs	r1, r5, #9
10004e5c:	05e8      	lsls	r0, r5, #23
10004e5e:	0a5b      	lsrs	r3, r3, #9
10004e60:	4318      	orrs	r0, r3
10004e62:	d209      	bcs.n	10004e78 <dd_1>
10004e64:	e02f      	b.n	10004ec6 <dd_2>

10004e66 <dd_0>:
10004e66:	2204      	movs	r2, #4
10004e68:	4494      	add	ip, r2
10004e6a:	3380      	adds	r3, #128	@ 0x80
10004e6c:	4175      	adcs	r5, r6
10004e6e:	0aa9      	lsrs	r1, r5, #10
10004e70:	05a8      	lsls	r0, r5, #22
10004e72:	0a9b      	lsrs	r3, r3, #10
10004e74:	4318      	orrs	r0, r3
10004e76:	d326      	bcc.n	10004ec6 <dd_2>

10004e78 <dd_1>:
10004e78:	4140      	adcs	r0, r0
10004e7a:	4149      	adcs	r1, r1
10004e7c:	0424      	lsls	r4, r4, #16
10004e7e:	9a00      	ldr	r2, [sp, #0]
10004e80:	9b01      	ldr	r3, [sp, #4]
10004e82:	000d      	movs	r5, r1
10004e84:	4355      	muls	r5, r2
10004e86:	1b64      	subs	r4, r4, r5
10004e88:	4343      	muls	r3, r0
10004e8a:	1ae4      	subs	r4, r4, r3
10004e8c:	b295      	uxth	r5, r2
10004e8e:	b286      	uxth	r6, r0
10004e90:	4375      	muls	r5, r6
10004e92:	0c17      	lsrs	r7, r2, #16
10004e94:	437e      	muls	r6, r7
10004e96:	0c03      	lsrs	r3, r0, #16
10004e98:	435f      	muls	r7, r3
10004e9a:	b292      	uxth	r2, r2
10004e9c:	435a      	muls	r2, r3
10004e9e:	18b6      	adds	r6, r6, r2
10004ea0:	d302      	bcc.n	10004ea8 <l24_1>
10004ea2:	2201      	movs	r2, #1
10004ea4:	0412      	lsls	r2, r2, #16
10004ea6:	18bf      	adds	r7, r7, r2

10004ea8 <l24_1>:
10004ea8:	0432      	lsls	r2, r6, #16
10004eaa:	0c33      	lsrs	r3, r6, #16
10004eac:	1952      	adds	r2, r2, r5
10004eae:	417b      	adcs	r3, r7
10004eb0:	4252      	negs	r2, r2
10004eb2:	419c      	sbcs	r4, r3
10004eb4:	2c00      	cmp	r4, #0
10004eb6:	d402      	bmi.n	10004ebe <l24_1+0x16>
10004eb8:	2200      	movs	r2, #0
10004eba:	3001      	adds	r0, #1
10004ebc:	4151      	adcs	r1, r2
10004ebe:	0840      	lsrs	r0, r0, #1
10004ec0:	07ca      	lsls	r2, r1, #31
10004ec2:	4310      	orrs	r0, r2
10004ec4:	0849      	lsrs	r1, r1, #1

10004ec6 <dd_2>:
10004ec6:	b002      	add	sp, #8
10004ec8:	4662      	mov	r2, ip
10004eca:	07d7      	lsls	r7, r2, #31
10004ecc:	1092      	asrs	r2, r2, #2
10004ece:	4b08      	ldr	r3, [pc, #32]	@ (10004ef0 <dd_4+0x6>)
10004ed0:	18d2      	adds	r2, r2, r3
10004ed2:	4b08      	ldr	r3, [pc, #32]	@ (10004ef4 <dd_4+0xa>)
10004ed4:	429a      	cmp	r2, r3
10004ed6:	d203      	bcs.n	10004ee0 <dd_3>
10004ed8:	0512      	lsls	r2, r2, #20
10004eda:	1889      	adds	r1, r1, r2

10004edc <dd_5>:
10004edc:	19c9      	adds	r1, r1, r7
10004ede:	bdf0      	pop	{r4, r5, r6, r7, pc}

10004ee0 <dd_3>:
10004ee0:	2000      	movs	r0, #0
10004ee2:	2a00      	cmp	r2, #0
10004ee4:	dc01      	bgt.n	10004eea <dd_4>
10004ee6:	0039      	movs	r1, r7
10004ee8:	bdf0      	pop	{r4, r5, r6, r7, pc}

10004eea <dd_4>:
10004eea:	3301      	adds	r3, #1
10004eec:	0519      	lsls	r1, r3, #20
10004eee:	e7f5      	b.n	10004edc <dd_5>
10004ef0:	000003fd 	.word	0x000003fd
10004ef4:	000007fe 	.word	0x000007fe

10004ef8 <double2uint_shim>:
10004ef8:	2200      	movs	r2, #0

10004efa <double2ufix_shim>:
10004efa:	b500      	push	{lr}
10004efc:	3220      	adds	r2, #32
10004efe:	f000 f804 	bl	10004f0a <double2ufix64_shim>
10004f02:	0008      	movs	r0, r1
10004f04:	bd00      	pop	{pc}
	...

10004f08 <double2uint64_shim>:
10004f08:	2200      	movs	r2, #0

10004f0a <double2ufix64_shim>:
10004f0a:	150b      	asrs	r3, r1, #20
10004f0c:	d40a      	bmi.n	10004f24 <ret_dzero>

10004f0e <d2fix>:
10004f0e:	b510      	push	{r4, lr}
10004f10:	4694      	mov	ip, r2
10004f12:	f000 f831 	bl	10004f78 <dunpacks>
10004f16:	1414      	asrs	r4, r2, #16
10004f18:	3401      	adds	r4, #1
10004f1a:	da00      	bge.n	10004f1e <d2fix+0x10>
10004f1c:	2100      	movs	r1, #0
10004f1e:	17cb      	asrs	r3, r1, #31
10004f20:	4c14      	ldr	r4, [pc, #80]	@ (10004f74 <d2fix_a+0x4a>)
10004f22:	4720      	bx	r4

10004f24 <ret_dzero>:
10004f24:	2000      	movs	r0, #0
10004f26:	2100      	movs	r1, #0
10004f28:	4770      	bx	lr

10004f2a <d2fix_a>:
10004f2a:	4462      	add	r2, ip
10004f2c:	3a34      	subs	r2, #52	@ 0x34
10004f2e:	d40c      	bmi.n	10004f4a <d2fix_a+0x20>
10004f30:	2a0c      	cmp	r2, #12
10004f32:	da07      	bge.n	10004f44 <d2fix_a+0x1a>
10004f34:	0004      	movs	r4, r0
10004f36:	4091      	lsls	r1, r2
10004f38:	4090      	lsls	r0, r2
10004f3a:	4252      	negs	r2, r2
10004f3c:	3220      	adds	r2, #32
10004f3e:	40d4      	lsrs	r4, r2
10004f40:	4321      	orrs	r1, r4
10004f42:	bd10      	pop	{r4, pc}
10004f44:	43d8      	mvns	r0, r3
10004f46:	43d9      	mvns	r1, r3
10004f48:	bd10      	pop	{r4, pc}
10004f4a:	3220      	adds	r2, #32
10004f4c:	d407      	bmi.n	10004f5e <d2fix_a+0x34>
10004f4e:	460c      	mov	r4, r1
10004f50:	4094      	lsls	r4, r2
10004f52:	4252      	negs	r2, r2
10004f54:	3220      	adds	r2, #32
10004f56:	4111      	asrs	r1, r2
10004f58:	40d0      	lsrs	r0, r2
10004f5a:	4320      	orrs	r0, r4
10004f5c:	bd10      	pop	{r4, pc}
10004f5e:	0008      	movs	r0, r1
10004f60:	17c9      	asrs	r1, r1, #31
10004f62:	3220      	adds	r2, #32
10004f64:	d403      	bmi.n	10004f6e <d2fix_a+0x44>
10004f66:	4252      	negs	r2, r2
10004f68:	3220      	adds	r2, #32
10004f6a:	4110      	asrs	r0, r2
10004f6c:	bd10      	pop	{r4, pc}
10004f6e:	0018      	movs	r0, r3
10004f70:	0019      	movs	r1, r3
10004f72:	bd10      	pop	{r4, pc}
10004f74:	10004f2b 	.word	0x10004f2b

10004f78 <dunpacks>:
10004f78:	0d0a      	lsrs	r2, r1, #20
10004f7a:	0fcc      	lsrs	r4, r1, #31
10004f7c:	1e53      	subs	r3, r2, #1
10004f7e:	051b      	lsls	r3, r3, #20
10004f80:	1ac9      	subs	r1, r1, r3
10004f82:	0552      	lsls	r2, r2, #21
10004f84:	d303      	bcc.n	10004f8e <l60_1>
10004f86:	43c9      	mvns	r1, r1
10004f88:	4240      	negs	r0, r0
10004f8a:	d300      	bcc.n	10004f8e <l60_1>
10004f8c:	3101      	adds	r1, #1

10004f8e <l60_1>:
10004f8e:	0d52      	lsrs	r2, r2, #21
10004f90:	d003      	beq.n	10004f9a <l60_2>
10004f92:	1c53      	adds	r3, r2, #1
10004f94:	0adb      	lsrs	r3, r3, #11
10004f96:	d007      	beq.n	10004fa8 <l60_3>
10004f98:	1b12      	subs	r2, r2, r4

10004f9a <l60_2>:
10004f9a:	2000      	movs	r0, #0
10004f9c:	0064      	lsls	r4, r4, #1
10004f9e:	1c61      	adds	r1, r4, #1
10004fa0:	0789      	lsls	r1, r1, #30
10004fa2:	1289      	asrs	r1, r1, #10
10004fa4:	3a80      	subs	r2, #128	@ 0x80
10004fa6:	0312      	lsls	r2, r2, #12

10004fa8 <l60_3>:
10004fa8:	4b01      	ldr	r3, [pc, #4]	@ (10004fb0 <l60_3+0x8>)
10004faa:	1ad2      	subs	r2, r2, r3
10004fac:	4770      	bx	lr
10004fae:	0000      	.short	0x0000
10004fb0:	000003ff 	.word	0x000003ff

10004fb4 <__wrap___aeabi_lmul>:
10004fb4:	4351      	muls	r1, r2
10004fb6:	4343      	muls	r3, r0
10004fb8:	18c9      	adds	r1, r1, r3
10004fba:	468c      	mov	ip, r1
10004fbc:	0c11      	lsrs	r1, r2, #16
10004fbe:	b283      	uxth	r3, r0
10004fc0:	434b      	muls	r3, r1
10004fc2:	b410      	push	{r4}
10004fc4:	0c04      	lsrs	r4, r0, #16
10004fc6:	4361      	muls	r1, r4
10004fc8:	b292      	uxth	r2, r2
10004fca:	b280      	uxth	r0, r0
10004fcc:	4350      	muls	r0, r2
10004fce:	4362      	muls	r2, r4
10004fd0:	041c      	lsls	r4, r3, #16
10004fd2:	0c1b      	lsrs	r3, r3, #16
10004fd4:	1900      	adds	r0, r0, r4
10004fd6:	bc10      	pop	{r4}
10004fd8:	4159      	adcs	r1, r3
10004fda:	0413      	lsls	r3, r2, #16
10004fdc:	0c12      	lsrs	r2, r2, #16
10004fde:	18c0      	adds	r0, r0, r3
10004fe0:	4151      	adcs	r1, r2
10004fe2:	4461      	add	r1, ip
10004fe4:	4770      	bx	lr
	...

10004fe8 <__aeabi_float_init>:
10004fe8:	2313      	movs	r3, #19
10004fea:	b510      	push	{r4, lr}
10004fec:	4812      	ldr	r0, [pc, #72]	@ (10005038 <__aeabi_float_init+0x50>)
10004fee:	781c      	ldrb	r4, [r3, #0]
10004ff0:	f7ff f972 	bl	100042d8 <rom_data_lookup>
10004ff4:	0001      	movs	r1, r0
10004ff6:	2c01      	cmp	r4, #1
10004ff8:	d00a      	beq.n	10005010 <__aeabi_float_init+0x28>
10004ffa:	dd03      	ble.n	10005004 <__aeabi_float_init+0x1c>
10004ffc:	2280      	movs	r2, #128	@ 0x80
10004ffe:	480f      	ldr	r0, [pc, #60]	@ (1000503c <__aeabi_float_init+0x54>)
10005000:	f000 f842 	bl	10005088 <__wrap___aeabi_memcpy>
10005004:	480e      	ldr	r0, [pc, #56]	@ (10005040 <__aeabi_float_init+0x58>)
10005006:	f7ff f95f 	bl	100042c8 <rom_func_lookup>
1000500a:	4b0e      	ldr	r3, [pc, #56]	@ (10005044 <__aeabi_float_init+0x5c>)
1000500c:	6018      	str	r0, [r3, #0]
1000500e:	bd10      	pop	{r4, pc}
10005010:	4c0a      	ldr	r4, [pc, #40]	@ (1000503c <__aeabi_float_init+0x54>)
10005012:	2254      	movs	r2, #84	@ 0x54
10005014:	0020      	movs	r0, r4
10005016:	f000 f837 	bl	10005088 <__wrap___aeabi_memcpy>
1000501a:	4b0b      	ldr	r3, [pc, #44]	@ (10005048 <__aeabi_float_init+0x60>)
1000501c:	6563      	str	r3, [r4, #84]	@ 0x54
1000501e:	65a3      	str	r3, [r4, #88]	@ 0x58
10005020:	65e3      	str	r3, [r4, #92]	@ 0x5c
10005022:	6623      	str	r3, [r4, #96]	@ 0x60
10005024:	6663      	str	r3, [r4, #100]	@ 0x64
10005026:	66a3      	str	r3, [r4, #104]	@ 0x68
10005028:	66e3      	str	r3, [r4, #108]	@ 0x6c
1000502a:	6723      	str	r3, [r4, #112]	@ 0x70
1000502c:	6763      	str	r3, [r4, #116]	@ 0x74
1000502e:	67a3      	str	r3, [r4, #120]	@ 0x78
10005030:	67e3      	str	r3, [r4, #124]	@ 0x7c
10005032:	6223      	str	r3, [r4, #32]
10005034:	61e3      	str	r3, [r4, #28]
10005036:	e7e5      	b.n	10005004 <__aeabi_float_init+0x1c>
10005038:	00004653 	.word	0x00004653
1000503c:	20000648 	.word	0x20000648
10005040:	0000334c 	.word	0x0000334c
10005044:	20000cc8 	.word	0x20000cc8
10005048:	1000504d 	.word	0x1000504d

1000504c <float_table_shim_on_use_helper>:
1000504c:	b507      	push	{r0, r1, r2, lr}
1000504e:	4660      	mov	r0, ip
10005050:	8801      	ldrh	r1, [r0, #0]
10005052:	0a0a      	lsrs	r2, r1, #8
10005054:	3002      	adds	r0, #2
10005056:	2adf      	cmp	r2, #223	@ 0xdf
10005058:	d1fa      	bne.n	10005050 <float_table_shim_on_use_helper+0x4>
1000505a:	b2c9      	uxtb	r1, r1
1000505c:	0882      	lsrs	r2, r0, #2
1000505e:	d304      	bcc.n	1000506a <float_table_shim_on_use_helper+0x1e>
10005060:	8802      	ldrh	r2, [r0, #0]
10005062:	8840      	ldrh	r0, [r0, #2]
10005064:	0400      	lsls	r0, r0, #16
10005066:	4310      	orrs	r0, r2
10005068:	e000      	b.n	1000506c <float_table_shim_on_use_helper+0x20>
1000506a:	6800      	ldr	r0, [r0, #0]
1000506c:	4a01      	ldr	r2, [pc, #4]	@ (10005074 <float_table_shim_on_use_helper+0x28>)
1000506e:	5050      	str	r0, [r2, r1]
10005070:	9003      	str	r0, [sp, #12]
10005072:	bd07      	pop	{r0, r1, r2, pc}
10005074:	20000648 	.word	0x20000648

10005078 <__aeabi_mem_init>:
10005078:	4801      	ldr	r0, [pc, #4]	@ (10005080 <__aeabi_mem_init+0x8>)
1000507a:	2104      	movs	r1, #4
1000507c:	4b01      	ldr	r3, [pc, #4]	@ (10005084 <__aeabi_mem_init+0xc>)
1000507e:	4718      	bx	r3
10005080:	20000390 	.word	0x20000390
10005084:	100042e9 	.word	0x100042e9

10005088 <__wrap___aeabi_memcpy>:
10005088:	4b01      	ldr	r3, [pc, #4]	@ (10005090 <__wrap___aeabi_memcpy+0x8>)
1000508a:	685b      	ldr	r3, [r3, #4]
1000508c:	4718      	bx	r3
1000508e:	0000      	.short	0x0000
10005090:	20000390 	.word	0x20000390

10005094 <_out_buffer>:
10005094:	429a      	cmp	r2, r3
10005096:	d200      	bcs.n	1000509a <_out_buffer+0x6>
10005098:	5488      	strb	r0, [r1, r2]
1000509a:	4770      	bx	lr

1000509c <_out_null>:
1000509c:	4770      	bx	lr
1000509e:	46c0      	nop			@ (mov r8, r8)

100050a0 <_out_rev>:
100050a0:	b5f8      	push	{r3, r4, r5, r6, r7, lr}
100050a2:	4657      	mov	r7, sl
100050a4:	46de      	mov	lr, fp
100050a6:	464e      	mov	r6, r9
100050a8:	4645      	mov	r5, r8
100050aa:	b5e0      	push	{r5, r6, r7, lr}
100050ac:	4699      	mov	r9, r3
100050ae:	9b0a      	ldr	r3, [sp, #40]	@ 0x28
100050b0:	0007      	movs	r7, r0
100050b2:	469a      	mov	sl, r3
100050b4:	9b0d      	ldr	r3, [sp, #52]	@ 0x34
100050b6:	4688      	mov	r8, r1
100050b8:	4693      	mov	fp, r2
100050ba:	9c0b      	ldr	r4, [sp, #44]	@ 0x2c
100050bc:	079b      	lsls	r3, r3, #30
100050be:	d13b      	bne.n	10005138 <_out_rev+0x98>
100050c0:	9b0c      	ldr	r3, [sp, #48]	@ 0x30
100050c2:	429c      	cmp	r4, r3
100050c4:	d23d      	bcs.n	10005142 <_out_rev+0xa2>
100050c6:	1b1e      	subs	r6, r3, r4
100050c8:	940b      	str	r4, [sp, #44]	@ 0x2c
100050ca:	0015      	movs	r5, r2
100050cc:	000c      	movs	r4, r1
100050ce:	445e      	add	r6, fp
100050d0:	002a      	movs	r2, r5
100050d2:	464b      	mov	r3, r9
100050d4:	3501      	adds	r5, #1
100050d6:	0021      	movs	r1, r4
100050d8:	2020      	movs	r0, #32
100050da:	47b8      	blx	r7
100050dc:	42b5      	cmp	r5, r6
100050de:	d1f7      	bne.n	100050d0 <_out_rev+0x30>
100050e0:	46a0      	mov	r8, r4
100050e2:	9c0b      	ldr	r4, [sp, #44]	@ 0x2c
100050e4:	2c00      	cmp	r4, #0
100050e6:	d020      	beq.n	1000512a <_out_rev+0x8a>
100050e8:	4645      	mov	r5, r8
100050ea:	1936      	adds	r6, r6, r4
100050ec:	4653      	mov	r3, sl
100050ee:	1b32      	subs	r2, r6, r4
100050f0:	3c01      	subs	r4, #1
100050f2:	5d18      	ldrb	r0, [r3, r4]
100050f4:	0029      	movs	r1, r5
100050f6:	464b      	mov	r3, r9
100050f8:	47b8      	blx	r7
100050fa:	2c00      	cmp	r4, #0
100050fc:	d1f6      	bne.n	100050ec <_out_rev+0x4c>
100050fe:	002b      	movs	r3, r5
10005100:	0035      	movs	r5, r6
10005102:	4698      	mov	r8, r3
10005104:	9b0d      	ldr	r3, [sp, #52]	@ 0x34
10005106:	079b      	lsls	r3, r3, #30
10005108:	d50f      	bpl.n	1000512a <_out_rev+0x8a>
1000510a:	465b      	mov	r3, fp
1000510c:	1aec      	subs	r4, r5, r3
1000510e:	9b0c      	ldr	r3, [sp, #48]	@ 0x30
10005110:	42a3      	cmp	r3, r4
10005112:	d90a      	bls.n	1000512a <_out_rev+0x8a>
10005114:	4646      	mov	r6, r8
10005116:	4698      	mov	r8, r3
10005118:	002a      	movs	r2, r5
1000511a:	464b      	mov	r3, r9
1000511c:	0031      	movs	r1, r6
1000511e:	2020      	movs	r0, #32
10005120:	3401      	adds	r4, #1
10005122:	47b8      	blx	r7
10005124:	3501      	adds	r5, #1
10005126:	4544      	cmp	r4, r8
10005128:	d3f6      	bcc.n	10005118 <_out_rev+0x78>
1000512a:	0028      	movs	r0, r5
1000512c:	bcf0      	pop	{r4, r5, r6, r7}
1000512e:	46bb      	mov	fp, r7
10005130:	46b2      	mov	sl, r6
10005132:	46a9      	mov	r9, r5
10005134:	46a0      	mov	r8, r4
10005136:	bdf8      	pop	{r3, r4, r5, r6, r7, pc}
10005138:	0016      	movs	r6, r2
1000513a:	0015      	movs	r5, r2
1000513c:	2c00      	cmp	r4, #0
1000513e:	d1d3      	bne.n	100050e8 <_out_rev+0x48>
10005140:	e7e0      	b.n	10005104 <_out_rev+0x64>
10005142:	0016      	movs	r6, r2
10005144:	2c00      	cmp	r4, #0
10005146:	d1cf      	bne.n	100050e8 <_out_rev+0x48>
10005148:	0015      	movs	r5, r2
1000514a:	e7ee      	b.n	1000512a <_out_rev+0x8a>

1000514c <_ntoa_format>:
1000514c:	b5f0      	push	{r4, r5, r6, r7, lr}
1000514e:	464f      	mov	r7, r9
10005150:	4646      	mov	r6, r8
10005152:	46d6      	mov	lr, sl
10005154:	b5c0      	push	{r6, r7, lr}
10005156:	b084      	sub	sp, #16
10005158:	4698      	mov	r8, r3
1000515a:	ab0e      	add	r3, sp, #56	@ 0x38
1000515c:	781b      	ldrb	r3, [r3, #0]
1000515e:	4694      	mov	ip, r2
10005160:	4699      	mov	r9, r3
10005162:	9b12      	ldr	r3, [sp, #72]	@ 0x48
10005164:	9c0d      	ldr	r4, [sp, #52]	@ 0x34
10005166:	9f10      	ldr	r7, [sp, #64]	@ 0x40
10005168:	9e11      	ldr	r6, [sp, #68]	@ 0x44
1000516a:	079a      	lsls	r2, r3, #30
1000516c:	d425      	bmi.n	100051ba <_ntoa_format+0x6e>
1000516e:	2e00      	cmp	r6, #0
10005170:	d165      	bne.n	1000523e <_ntoa_format+0xf2>
10005172:	42bc      	cmp	r4, r7
10005174:	d221      	bcs.n	100051ba <_ntoa_format+0x6e>
10005176:	2201      	movs	r2, #1
10005178:	401a      	ands	r2, r3
1000517a:	4692      	mov	sl, r2
1000517c:	2c20      	cmp	r4, #32
1000517e:	d100      	bne.n	10005182 <_ntoa_format+0x36>
10005180:	e0e9      	b.n	10005356 <_ntoa_format+0x20a>
10005182:	9a0c      	ldr	r2, [sp, #48]	@ 0x30
10005184:	1e55      	subs	r5, r2, #1
10005186:	2230      	movs	r2, #48	@ 0x30
10005188:	e002      	b.n	10005190 <_ntoa_format+0x44>
1000518a:	2c20      	cmp	r4, #32
1000518c:	d100      	bne.n	10005190 <_ntoa_format+0x44>
1000518e:	e07b      	b.n	10005288 <_ntoa_format+0x13c>
10005190:	3401      	adds	r4, #1
10005192:	552a      	strb	r2, [r5, r4]
10005194:	42a7      	cmp	r7, r4
10005196:	d8f8      	bhi.n	1000518a <_ntoa_format+0x3e>
10005198:	4652      	mov	r2, sl
1000519a:	2a00      	cmp	r2, #0
1000519c:	d00d      	beq.n	100051ba <_ntoa_format+0x6e>
1000519e:	42b4      	cmp	r4, r6
100051a0:	d20b      	bcs.n	100051ba <_ntoa_format+0x6e>
100051a2:	9a0c      	ldr	r2, [sp, #48]	@ 0x30
100051a4:	1e55      	subs	r5, r2, #1
100051a6:	2230      	movs	r2, #48	@ 0x30
100051a8:	2c20      	cmp	r4, #32
100051aa:	d102      	bne.n	100051b2 <_ntoa_format+0x66>
100051ac:	e071      	b.n	10005292 <_ntoa_format+0x146>
100051ae:	2c20      	cmp	r4, #32
100051b0:	d02d      	beq.n	1000520e <_ntoa_format+0xc2>
100051b2:	3401      	adds	r4, #1
100051b4:	552a      	strb	r2, [r5, r4]
100051b6:	42b4      	cmp	r4, r6
100051b8:	d1f9      	bne.n	100051ae <_ntoa_format+0x62>
100051ba:	06da      	lsls	r2, r3, #27
100051bc:	d53c      	bpl.n	10005238 <_ntoa_format+0xec>
100051be:	055a      	lsls	r2, r3, #21
100051c0:	d42e      	bmi.n	10005220 <_ntoa_format+0xd4>
100051c2:	2c00      	cmp	r4, #0
100051c4:	d128      	bne.n	10005218 <_ntoa_format+0xcc>
100051c6:	9a0f      	ldr	r2, [sp, #60]	@ 0x3c
100051c8:	2a10      	cmp	r2, #16
100051ca:	d100      	bne.n	100051ce <_ntoa_format+0x82>
100051cc:	e0b6      	b.n	1000533c <_ntoa_format+0x1f0>
100051ce:	2a02      	cmp	r2, #2
100051d0:	d100      	bne.n	100051d4 <_ntoa_format+0x88>
100051d2:	e0bc      	b.n	1000534e <_ntoa_format+0x202>
100051d4:	2230      	movs	r2, #48	@ 0x30
100051d6:	9c0c      	ldr	r4, [sp, #48]	@ 0x30
100051d8:	7022      	strb	r2, [r4, #0]
100051da:	2401      	movs	r4, #1
100051dc:	464a      	mov	r2, r9
100051de:	2a00      	cmp	r2, #0
100051e0:	d165      	bne.n	100052ae <_ntoa_format+0x162>
100051e2:	075a      	lsls	r2, r3, #29
100051e4:	d400      	bmi.n	100051e8 <_ntoa_format+0x9c>
100051e6:	e099      	b.n	1000531c <_ntoa_format+0x1d0>
100051e8:	222b      	movs	r2, #43	@ 0x2b
100051ea:	9d0c      	ldr	r5, [sp, #48]	@ 0x30
100051ec:	552a      	strb	r2, [r5, r4]
100051ee:	3401      	adds	r4, #1
100051f0:	9303      	str	r3, [sp, #12]
100051f2:	9b0c      	ldr	r3, [sp, #48]	@ 0x30
100051f4:	4662      	mov	r2, ip
100051f6:	9300      	str	r3, [sp, #0]
100051f8:	9602      	str	r6, [sp, #8]
100051fa:	4643      	mov	r3, r8
100051fc:	9401      	str	r4, [sp, #4]
100051fe:	f7ff ff4f 	bl	100050a0 <_out_rev>
10005202:	b004      	add	sp, #16
10005204:	bce0      	pop	{r5, r6, r7}
10005206:	46ba      	mov	sl, r7
10005208:	46b1      	mov	r9, r6
1000520a:	46a8      	mov	r8, r5
1000520c:	bdf0      	pop	{r4, r5, r6, r7, pc}
1000520e:	2420      	movs	r4, #32
10005210:	06da      	lsls	r2, r3, #27
10005212:	d5ed      	bpl.n	100051f0 <_ntoa_format+0xa4>
10005214:	055a      	lsls	r2, r3, #21
10005216:	d403      	bmi.n	10005220 <_ntoa_format+0xd4>
10005218:	42a7      	cmp	r7, r4
1000521a:	d066      	beq.n	100052ea <_ntoa_format+0x19e>
1000521c:	42b4      	cmp	r4, r6
1000521e:	d064      	beq.n	100052ea <_ntoa_format+0x19e>
10005220:	9a0f      	ldr	r2, [sp, #60]	@ 0x3c
10005222:	2a10      	cmp	r2, #16
10005224:	d071      	beq.n	1000530a <_ntoa_format+0x1be>
10005226:	2a02      	cmp	r2, #2
10005228:	d057      	beq.n	100052da <_ntoa_format+0x18e>
1000522a:	2c20      	cmp	r4, #32
1000522c:	d0e0      	beq.n	100051f0 <_ntoa_format+0xa4>
1000522e:	0022      	movs	r2, r4
10005230:	3401      	adds	r4, #1
10005232:	2530      	movs	r5, #48	@ 0x30
10005234:	9f0c      	ldr	r7, [sp, #48]	@ 0x30
10005236:	54bd      	strb	r5, [r7, r2]
10005238:	2c20      	cmp	r4, #32
1000523a:	d0d9      	beq.n	100051f0 <_ntoa_format+0xa4>
1000523c:	e7ce      	b.n	100051dc <_ntoa_format+0x90>
1000523e:	2201      	movs	r2, #1
10005240:	0015      	movs	r5, r2
10005242:	401d      	ands	r5, r3
10005244:	46aa      	mov	sl, r5
10005246:	421a      	tst	r2, r3
10005248:	d036      	beq.n	100052b8 <_ntoa_format+0x16c>
1000524a:	464a      	mov	r2, r9
1000524c:	2a00      	cmp	r2, #0
1000524e:	d14a      	bne.n	100052e6 <_ntoa_format+0x19a>
10005250:	320c      	adds	r2, #12
10005252:	421a      	tst	r2, r3
10005254:	d147      	bne.n	100052e6 <_ntoa_format+0x19a>
10005256:	42bc      	cmp	r4, r7
10005258:	d2a1      	bcs.n	1000519e <_ntoa_format+0x52>
1000525a:	2c20      	cmp	r4, #32
1000525c:	d191      	bne.n	10005182 <_ntoa_format+0x36>
1000525e:	2e20      	cmp	r6, #32
10005260:	d817      	bhi.n	10005292 <_ntoa_format+0x146>
10005262:	2420      	movs	r4, #32
10005264:	06da      	lsls	r2, r3, #27
10005266:	d5c3      	bpl.n	100051f0 <_ntoa_format+0xa4>
10005268:	055a      	lsls	r2, r3, #21
1000526a:	d41b      	bmi.n	100052a4 <_ntoa_format+0x158>
1000526c:	2f20      	cmp	r7, #32
1000526e:	d001      	beq.n	10005274 <_ntoa_format+0x128>
10005270:	2e20      	cmp	r6, #32
10005272:	d1d5      	bne.n	10005220 <_ntoa_format+0xd4>
10005274:	221f      	movs	r2, #31
10005276:	9d0f      	ldr	r5, [sp, #60]	@ 0x3c
10005278:	2d10      	cmp	r5, #16
1000527a:	d06f      	beq.n	1000535c <_ntoa_format+0x210>
1000527c:	2d02      	cmp	r5, #2
1000527e:	d1d8      	bne.n	10005232 <_ntoa_format+0xe6>
10005280:	2562      	movs	r5, #98	@ 0x62
10005282:	9f0c      	ldr	r7, [sp, #48]	@ 0x30
10005284:	54bd      	strb	r5, [r7, r2]
10005286:	e7d0      	b.n	1000522a <_ntoa_format+0xde>
10005288:	4652      	mov	r2, sl
1000528a:	2a00      	cmp	r2, #0
1000528c:	d079      	beq.n	10005382 <_ntoa_format+0x236>
1000528e:	2e20      	cmp	r6, #32
10005290:	d9bd      	bls.n	1000520e <_ntoa_format+0xc2>
10005292:	2420      	movs	r4, #32
10005294:	06da      	lsls	r2, r3, #27
10005296:	d5ab      	bpl.n	100051f0 <_ntoa_format+0xa4>
10005298:	055a      	lsls	r2, r3, #21
1000529a:	d403      	bmi.n	100052a4 <_ntoa_format+0x158>
1000529c:	2f20      	cmp	r7, #32
1000529e:	d0e9      	beq.n	10005274 <_ntoa_format+0x128>
100052a0:	2e20      	cmp	r6, #32
100052a2:	d0e7      	beq.n	10005274 <_ntoa_format+0x128>
100052a4:	9a0f      	ldr	r2, [sp, #60]	@ 0x3c
100052a6:	2a10      	cmp	r2, #16
100052a8:	d1a2      	bne.n	100051f0 <_ntoa_format+0xa4>
100052aa:	2420      	movs	r4, #32
100052ac:	e7a0      	b.n	100051f0 <_ntoa_format+0xa4>
100052ae:	222d      	movs	r2, #45	@ 0x2d
100052b0:	9d0c      	ldr	r5, [sp, #48]	@ 0x30
100052b2:	552a      	strb	r2, [r5, r4]
100052b4:	3401      	adds	r4, #1
100052b6:	e79b      	b.n	100051f0 <_ntoa_format+0xa4>
100052b8:	42bc      	cmp	r4, r7
100052ba:	d300      	bcc.n	100052be <_ntoa_format+0x172>
100052bc:	e77d      	b.n	100051ba <_ntoa_format+0x6e>
100052be:	2c20      	cmp	r4, #32
100052c0:	d000      	beq.n	100052c4 <_ntoa_format+0x178>
100052c2:	e75e      	b.n	10005182 <_ntoa_format+0x36>
100052c4:	06da      	lsls	r2, r3, #27
100052c6:	d5f0      	bpl.n	100052aa <_ntoa_format+0x15e>
100052c8:	055a      	lsls	r2, r3, #21
100052ca:	d4ee      	bmi.n	100052aa <_ntoa_format+0x15e>
100052cc:	2f20      	cmp	r7, #32
100052ce:	d062      	beq.n	10005396 <_ntoa_format+0x24a>
100052d0:	2e20      	cmp	r6, #32
100052d2:	d1ea      	bne.n	100052aa <_ntoa_format+0x15e>
100052d4:	0034      	movs	r4, r6
100052d6:	221f      	movs	r2, #31
100052d8:	e7cd      	b.n	10005276 <_ntoa_format+0x12a>
100052da:	2c20      	cmp	r4, #32
100052dc:	d100      	bne.n	100052e0 <_ntoa_format+0x194>
100052de:	e787      	b.n	100051f0 <_ntoa_format+0xa4>
100052e0:	0022      	movs	r2, r4
100052e2:	3401      	adds	r4, #1
100052e4:	e7cc      	b.n	10005280 <_ntoa_format+0x134>
100052e6:	3e01      	subs	r6, #1
100052e8:	e7b5      	b.n	10005256 <_ntoa_format+0x10a>
100052ea:	1e62      	subs	r2, r4, #1
100052ec:	2c01      	cmp	r4, #1
100052ee:	d1c2      	bne.n	10005276 <_ntoa_format+0x12a>
100052f0:	9a0f      	ldr	r2, [sp, #60]	@ 0x3c
100052f2:	2a10      	cmp	r2, #16
100052f4:	d000      	beq.n	100052f8 <_ntoa_format+0x1ac>
100052f6:	e76a      	b.n	100051ce <_ntoa_format+0x82>
100052f8:	069a      	lsls	r2, r3, #26
100052fa:	d53b      	bpl.n	10005374 <_ntoa_format+0x228>
100052fc:	2258      	movs	r2, #88	@ 0x58
100052fe:	9c0c      	ldr	r4, [sp, #48]	@ 0x30
10005300:	7022      	strb	r2, [r4, #0]
10005302:	3a28      	subs	r2, #40	@ 0x28
10005304:	7062      	strb	r2, [r4, #1]
10005306:	2402      	movs	r4, #2
10005308:	e768      	b.n	100051dc <_ntoa_format+0x90>
1000530a:	069a      	lsls	r2, r3, #26
1000530c:	d40e      	bmi.n	1000532c <_ntoa_format+0x1e0>
1000530e:	2c20      	cmp	r4, #32
10005310:	d0cb      	beq.n	100052aa <_ntoa_format+0x15e>
10005312:	2278      	movs	r2, #120	@ 0x78
10005314:	9d0c      	ldr	r5, [sp, #48]	@ 0x30
10005316:	552a      	strb	r2, [r5, r4]
10005318:	3401      	adds	r4, #1
1000531a:	e786      	b.n	1000522a <_ntoa_format+0xde>
1000531c:	071a      	lsls	r2, r3, #28
1000531e:	d400      	bmi.n	10005322 <_ntoa_format+0x1d6>
10005320:	e766      	b.n	100051f0 <_ntoa_format+0xa4>
10005322:	2220      	movs	r2, #32
10005324:	9d0c      	ldr	r5, [sp, #48]	@ 0x30
10005326:	552a      	strb	r2, [r5, r4]
10005328:	3401      	adds	r4, #1
1000532a:	e761      	b.n	100051f0 <_ntoa_format+0xa4>
1000532c:	2c20      	cmp	r4, #32
1000532e:	d0bc      	beq.n	100052aa <_ntoa_format+0x15e>
10005330:	2558      	movs	r5, #88	@ 0x58
10005332:	9a0c      	ldr	r2, [sp, #48]	@ 0x30
10005334:	1912      	adds	r2, r2, r4
10005336:	7015      	strb	r5, [r2, #0]
10005338:	3401      	adds	r4, #1
1000533a:	e776      	b.n	1000522a <_ntoa_format+0xde>
1000533c:	069a      	lsls	r2, r3, #26
1000533e:	d508      	bpl.n	10005352 <_ntoa_format+0x206>
10005340:	2258      	movs	r2, #88	@ 0x58
10005342:	9c0c      	ldr	r4, [sp, #48]	@ 0x30
10005344:	7022      	strb	r2, [r4, #0]
10005346:	2230      	movs	r2, #48	@ 0x30
10005348:	7062      	strb	r2, [r4, #1]
1000534a:	2402      	movs	r4, #2
1000534c:	e746      	b.n	100051dc <_ntoa_format+0x90>
1000534e:	3260      	adds	r2, #96	@ 0x60
10005350:	e7f7      	b.n	10005342 <_ntoa_format+0x1f6>
10005352:	2278      	movs	r2, #120	@ 0x78
10005354:	e7f5      	b.n	10005342 <_ntoa_format+0x1f6>
10005356:	2a00      	cmp	r2, #0
10005358:	d183      	bne.n	10005262 <_ntoa_format+0x116>
1000535a:	e7b3      	b.n	100052c4 <_ntoa_format+0x178>
1000535c:	1ea2      	subs	r2, r4, #2
1000535e:	3c01      	subs	r4, #1
10005360:	069d      	lsls	r5, r3, #26
10005362:	d403      	bmi.n	1000536c <_ntoa_format+0x220>
10005364:	2578      	movs	r5, #120	@ 0x78
10005366:	9f0c      	ldr	r7, [sp, #48]	@ 0x30
10005368:	54bd      	strb	r5, [r7, r2]
1000536a:	e760      	b.n	1000522e <_ntoa_format+0xe2>
1000536c:	2558      	movs	r5, #88	@ 0x58
1000536e:	9f0c      	ldr	r7, [sp, #48]	@ 0x30
10005370:	54bd      	strb	r5, [r7, r2]
10005372:	e75c      	b.n	1000522e <_ntoa_format+0xe2>
10005374:	2278      	movs	r2, #120	@ 0x78
10005376:	9c0c      	ldr	r4, [sp, #48]	@ 0x30
10005378:	7022      	strb	r2, [r4, #0]
1000537a:	3a48      	subs	r2, #72	@ 0x48
1000537c:	7062      	strb	r2, [r4, #1]
1000537e:	2402      	movs	r4, #2
10005380:	e72c      	b.n	100051dc <_ntoa_format+0x90>
10005382:	06da      	lsls	r2, r3, #27
10005384:	d400      	bmi.n	10005388 <_ntoa_format+0x23c>
10005386:	e733      	b.n	100051f0 <_ntoa_format+0xa4>
10005388:	055a      	lsls	r2, r3, #21
1000538a:	d48b      	bmi.n	100052a4 <_ntoa_format+0x158>
1000538c:	2f20      	cmp	r7, #32
1000538e:	d000      	beq.n	10005392 <_ntoa_format+0x246>
10005390:	e744      	b.n	1000521c <_ntoa_format+0xd0>
10005392:	221f      	movs	r2, #31
10005394:	e76f      	b.n	10005276 <_ntoa_format+0x12a>
10005396:	003c      	movs	r4, r7
10005398:	221f      	movs	r2, #31
1000539a:	e76c      	b.n	10005276 <_ntoa_format+0x12a>

1000539c <_out_char>:
1000539c:	b510      	push	{r4, lr}
1000539e:	2800      	cmp	r0, #0
100053a0:	d100      	bne.n	100053a4 <_out_char+0x8>
100053a2:	bd10      	pop	{r4, pc}
100053a4:	f001 fb74 	bl	10006a90 <__wrap_putchar>
100053a8:	e7fb      	b.n	100053a2 <_out_char+0x6>
100053aa:	46c0      	nop			@ (mov r8, r8)

100053ac <_out_fct>:
100053ac:	000b      	movs	r3, r1
100053ae:	b510      	push	{r4, lr}
100053b0:	2800      	cmp	r0, #0
100053b2:	d002      	beq.n	100053ba <_out_fct+0xe>
100053b4:	6849      	ldr	r1, [r1, #4]
100053b6:	681b      	ldr	r3, [r3, #0]
100053b8:	4798      	blx	r3
100053ba:	bd10      	pop	{r4, pc}

100053bc <_etoa>:
100053bc:	b5f0      	push	{r4, r5, r6, r7, lr}
100053be:	4657      	mov	r7, sl
100053c0:	464e      	mov	r6, r9
100053c2:	4645      	mov	r5, r8
100053c4:	46de      	mov	lr, fp
100053c6:	b5e0      	push	{r5, r6, r7, lr}
100053c8:	b099      	sub	sp, #100	@ 0x64
100053ca:	4682      	mov	sl, r0
100053cc:	4689      	mov	r9, r1
100053ce:	4690      	mov	r8, r2
100053d0:	9308      	str	r3, [sp, #32]
100053d2:	9a22      	ldr	r2, [sp, #136]	@ 0x88
100053d4:	9b23      	ldr	r3, [sp, #140]	@ 0x8c
100053d6:	0010      	movs	r0, r2
100053d8:	0019      	movs	r1, r3
100053da:	f7ff fa90 	bl	100048fe <__wrap___aeabi_dcmpun>
100053de:	2800      	cmp	r0, #0
100053e0:	d000      	beq.n	100053e4 <_etoa+0x28>
100053e2:	e0cd      	b.n	10005580 <_etoa+0x1c4>
100053e4:	9822      	ldr	r0, [sp, #136]	@ 0x88
100053e6:	9923      	ldr	r1, [sp, #140]	@ 0x8c
100053e8:	2201      	movs	r2, #1
100053ea:	4bd9      	ldr	r3, [pc, #868]	@ (10005750 <_etoa+0x394>)
100053ec:	4252      	negs	r2, r2
100053ee:	f7ff fa81 	bl	100048f4 <__wrap___aeabi_dcmpgt>
100053f2:	2800      	cmp	r0, #0
100053f4:	d000      	beq.n	100053f8 <_etoa+0x3c>
100053f6:	e0c3      	b.n	10005580 <_etoa+0x1c4>
100053f8:	9822      	ldr	r0, [sp, #136]	@ 0x88
100053fa:	9923      	ldr	r1, [sp, #140]	@ 0x8c
100053fc:	2201      	movs	r2, #1
100053fe:	4bd5      	ldr	r3, [pc, #852]	@ (10005754 <_etoa+0x398>)
10005400:	4252      	negs	r2, r2
10005402:	f7ff fa69 	bl	100048d8 <__wrap___aeabi_dcmplt>
10005406:	2800      	cmp	r0, #0
10005408:	d000      	beq.n	1000540c <_etoa+0x50>
1000540a:	e0b9      	b.n	10005580 <_etoa+0x1c4>
1000540c:	9822      	ldr	r0, [sp, #136]	@ 0x88
1000540e:	9923      	ldr	r1, [sp, #140]	@ 0x8c
10005410:	2200      	movs	r2, #0
10005412:	2300      	movs	r3, #0
10005414:	f7ff fa60 	bl	100048d8 <__wrap___aeabi_dcmplt>
10005418:	2800      	cmp	r0, #0
1000541a:	d000      	beq.n	1000541e <_etoa+0x62>
1000541c:	e1f1      	b.n	10005802 <_etoa+0x446>
1000541e:	9e22      	ldr	r6, [sp, #136]	@ 0x88
10005420:	9f23      	ldr	r7, [sp, #140]	@ 0x8c
10005422:	2380      	movs	r3, #128	@ 0x80
10005424:	9a26      	ldr	r2, [sp, #152]	@ 0x98
10005426:	00db      	lsls	r3, r3, #3
10005428:	401a      	ands	r2, r3
1000542a:	920d      	str	r2, [sp, #52]	@ 0x34
1000542c:	9a26      	ldr	r2, [sp, #152]	@ 0x98
1000542e:	421a      	tst	r2, r3
10005430:	d101      	bne.n	10005436 <_etoa+0x7a>
10005432:	2306      	movs	r3, #6
10005434:	9324      	str	r3, [sp, #144]	@ 0x90
10005436:	2380      	movs	r3, #128	@ 0x80
10005438:	9a26      	ldr	r2, [sp, #152]	@ 0x98
1000543a:	011b      	lsls	r3, r3, #4
1000543c:	401a      	ands	r2, r3
1000543e:	003b      	movs	r3, r7
10005440:	4693      	mov	fp, r2
10005442:	9609      	str	r6, [sp, #36]	@ 0x24
10005444:	4333      	orrs	r3, r6
10005446:	d000      	beq.n	1000544a <_etoa+0x8e>
10005448:	e0b3      	b.n	100055b2 <_etoa+0x1f6>
1000544a:	2a00      	cmp	r2, #0
1000544c:	d000      	beq.n	10005450 <_etoa+0x94>
1000544e:	e1c2      	b.n	100057d6 <_etoa+0x41a>
10005450:	2300      	movs	r3, #0
10005452:	2400      	movs	r4, #0
10005454:	930a      	str	r3, [sp, #40]	@ 0x28
10005456:	940b      	str	r4, [sp, #44]	@ 0x2c
10005458:	2300      	movs	r3, #0
1000545a:	2504      	movs	r5, #4
1000545c:	9309      	str	r3, [sp, #36]	@ 0x24
1000545e:	9b25      	ldr	r3, [sp, #148]	@ 0x94
10005460:	2400      	movs	r4, #0
10005462:	42ab      	cmp	r3, r5
10005464:	d900      	bls.n	10005468 <_etoa+0xac>
10005466:	1b5c      	subs	r4, r3, r5
10005468:	2302      	movs	r3, #2
1000546a:	9a26      	ldr	r2, [sp, #152]	@ 0x98
1000546c:	401a      	ands	r2, r3
1000546e:	920c      	str	r2, [sp, #48]	@ 0x30
10005470:	9a26      	ldr	r2, [sp, #152]	@ 0x98
10005472:	4213      	tst	r3, r2
10005474:	d003      	beq.n	1000547e <_etoa+0xc2>
10005476:	426b      	negs	r3, r5
10005478:	416b      	adcs	r3, r5
1000547a:	425b      	negs	r3, r3
1000547c:	401c      	ands	r4, r3
1000547e:	9b09      	ldr	r3, [sp, #36]	@ 0x24
10005480:	2b00      	cmp	r3, #0
10005482:	d007      	beq.n	10005494 <_etoa+0xd8>
10005484:	9a0a      	ldr	r2, [sp, #40]	@ 0x28
10005486:	9b0b      	ldr	r3, [sp, #44]	@ 0x2c
10005488:	0030      	movs	r0, r6
1000548a:	0039      	movs	r1, r7
1000548c:	f7ff f9c3 	bl	10004816 <__wrap___aeabi_ddiv>
10005490:	0006      	movs	r6, r0
10005492:	000f      	movs	r7, r1
10005494:	9822      	ldr	r0, [sp, #136]	@ 0x88
10005496:	9923      	ldr	r1, [sp, #140]	@ 0x8c
10005498:	2200      	movs	r2, #0
1000549a:	2300      	movs	r3, #0
1000549c:	f7ff fa1c 	bl	100048d8 <__wrap___aeabi_dcmplt>
100054a0:	2800      	cmp	r0, #0
100054a2:	d003      	beq.n	100054ac <_etoa+0xf0>
100054a4:	2180      	movs	r1, #128	@ 0x80
100054a6:	0609      	lsls	r1, r1, #24
100054a8:	187b      	adds	r3, r7, r1
100054aa:	001f      	movs	r7, r3
100054ac:	9a26      	ldr	r2, [sp, #152]	@ 0x98
100054ae:	4baa      	ldr	r3, [pc, #680]	@ (10005758 <_etoa+0x39c>)
100054b0:	9600      	str	r6, [sp, #0]
100054b2:	9701      	str	r7, [sp, #4]
100054b4:	4013      	ands	r3, r2
100054b6:	9e08      	ldr	r6, [sp, #32]
100054b8:	9304      	str	r3, [sp, #16]
100054ba:	9b24      	ldr	r3, [sp, #144]	@ 0x90
100054bc:	9403      	str	r4, [sp, #12]
100054be:	9302      	str	r3, [sp, #8]
100054c0:	4642      	mov	r2, r8
100054c2:	0033      	movs	r3, r6
100054c4:	4649      	mov	r1, r9
100054c6:	4650      	mov	r0, sl
100054c8:	f000 f9aa 	bl	10005820 <_ftoa>
100054cc:	0004      	movs	r4, r0
100054ce:	2d00      	cmp	r5, #0
100054d0:	d067      	beq.n	100055a2 <_etoa+0x1e6>
100054d2:	2020      	movs	r0, #32
100054d4:	9a26      	ldr	r2, [sp, #152]	@ 0x98
100054d6:	4649      	mov	r1, r9
100054d8:	4002      	ands	r2, r0
100054da:	0013      	movs	r3, r2
100054dc:	425a      	negs	r2, r3
100054de:	4153      	adcs	r3, r2
100054e0:	425b      	negs	r3, r3
100054e2:	1c62      	adds	r2, r4, #1
100054e4:	4018      	ands	r0, r3
100054e6:	920a      	str	r2, [sp, #40]	@ 0x28
100054e8:	0033      	movs	r3, r6
100054ea:	0022      	movs	r2, r4
100054ec:	3045      	adds	r0, #69	@ 0x45
100054ee:	47d0      	blx	sl
100054f0:	9a09      	ldr	r2, [sp, #36]	@ 0x24
100054f2:	1e6f      	subs	r7, r5, #1
100054f4:	17d3      	asrs	r3, r2, #31
100054f6:	18d4      	adds	r4, r2, r3
100054f8:	405c      	eors	r4, r3
100054fa:	0fd3      	lsrs	r3, r2, #31
100054fc:	469b      	mov	fp, r3
100054fe:	2500      	movs	r5, #0
10005500:	e001      	b.n	10005506 <_etoa+0x14a>
10005502:	2d20      	cmp	r5, #32
10005504:	d013      	beq.n	1000552e <_etoa+0x172>
10005506:	aa08      	add	r2, sp, #32
10005508:	4694      	mov	ip, r2
1000550a:	231f      	movs	r3, #31
1000550c:	0020      	movs	r0, r4
1000550e:	4463      	add	r3, ip
10005510:	210a      	movs	r1, #10
10005512:	3501      	adds	r5, #1
10005514:	195e      	adds	r6, r3, r5
10005516:	f7fe ff31 	bl	1000437c <__wrap___aeabi_uidiv>
1000551a:	3130      	adds	r1, #48	@ 0x30
1000551c:	7031      	strb	r1, [r6, #0]
1000551e:	0020      	movs	r0, r4
10005520:	210a      	movs	r1, #10
10005522:	f7fe ff2b 	bl	1000437c <__wrap___aeabi_uidiv>
10005526:	0026      	movs	r6, r4
10005528:	0004      	movs	r4, r0
1000552a:	2e09      	cmp	r6, #9
1000552c:	d8e9      	bhi.n	10005502 <_etoa+0x146>
1000552e:	2305      	movs	r3, #5
10005530:	9306      	str	r3, [sp, #24]
10005532:	2300      	movs	r3, #0
10005534:	9304      	str	r3, [sp, #16]
10005536:	330a      	adds	r3, #10
10005538:	9303      	str	r3, [sp, #12]
1000553a:	465b      	mov	r3, fp
1000553c:	9e08      	ldr	r6, [sp, #32]
1000553e:	9302      	str	r3, [sp, #8]
10005540:	ab10      	add	r3, sp, #64	@ 0x40
10005542:	9a0a      	ldr	r2, [sp, #40]	@ 0x28
10005544:	9300      	str	r3, [sp, #0]
10005546:	4649      	mov	r1, r9
10005548:	0033      	movs	r3, r6
1000554a:	4650      	mov	r0, sl
1000554c:	9705      	str	r7, [sp, #20]
1000554e:	9501      	str	r5, [sp, #4]
10005550:	f7ff fdfc 	bl	1000514c <_ntoa_format>
10005554:	9a0c      	ldr	r2, [sp, #48]	@ 0x30
10005556:	0004      	movs	r4, r0
10005558:	2a00      	cmp	r2, #0
1000555a:	d022      	beq.n	100055a2 <_etoa+0x1e6>
1000555c:	4642      	mov	r2, r8
1000555e:	1a85      	subs	r5, r0, r2
10005560:	9a25      	ldr	r2, [sp, #148]	@ 0x94
10005562:	42aa      	cmp	r2, r5
10005564:	d91d      	bls.n	100055a2 <_etoa+0x1e6>
10005566:	46b0      	mov	r8, r6
10005568:	4657      	mov	r7, sl
1000556a:	0016      	movs	r6, r2
1000556c:	0022      	movs	r2, r4
1000556e:	4643      	mov	r3, r8
10005570:	4649      	mov	r1, r9
10005572:	2020      	movs	r0, #32
10005574:	3501      	adds	r5, #1
10005576:	47b8      	blx	r7
10005578:	3401      	adds	r4, #1
1000557a:	42ae      	cmp	r6, r5
1000557c:	d8f6      	bhi.n	1000556c <_etoa+0x1b0>
1000557e:	e010      	b.n	100055a2 <_etoa+0x1e6>
10005580:	9b26      	ldr	r3, [sp, #152]	@ 0x98
10005582:	4642      	mov	r2, r8
10005584:	9304      	str	r3, [sp, #16]
10005586:	9b25      	ldr	r3, [sp, #148]	@ 0x94
10005588:	4649      	mov	r1, r9
1000558a:	9303      	str	r3, [sp, #12]
1000558c:	9b24      	ldr	r3, [sp, #144]	@ 0x90
1000558e:	4650      	mov	r0, sl
10005590:	9302      	str	r3, [sp, #8]
10005592:	9b22      	ldr	r3, [sp, #136]	@ 0x88
10005594:	9c23      	ldr	r4, [sp, #140]	@ 0x8c
10005596:	9300      	str	r3, [sp, #0]
10005598:	9401      	str	r4, [sp, #4]
1000559a:	9b08      	ldr	r3, [sp, #32]
1000559c:	f000 f940 	bl	10005820 <_ftoa>
100055a0:	0004      	movs	r4, r0
100055a2:	0020      	movs	r0, r4
100055a4:	b019      	add	sp, #100	@ 0x64
100055a6:	bcf0      	pop	{r4, r5, r6, r7}
100055a8:	46bb      	mov	fp, r7
100055aa:	46b2      	mov	sl, r6
100055ac:	46a9      	mov	r9, r5
100055ae:	46a0      	mov	r8, r4
100055b0:	bdf0      	pop	{r4, r5, r6, r7, pc}
100055b2:	4b6a      	ldr	r3, [pc, #424]	@ (1000575c <_etoa+0x3a0>)
100055b4:	0078      	lsls	r0, r7, #1
100055b6:	469c      	mov	ip, r3
100055b8:	0d40      	lsrs	r0, r0, #21
100055ba:	4460      	add	r0, ip
100055bc:	f7ff f9b0 	bl	10004920 <__wrap___aeabi_i2d>
100055c0:	4a67      	ldr	r2, [pc, #412]	@ (10005760 <_etoa+0x3a4>)
100055c2:	4b68      	ldr	r3, [pc, #416]	@ (10005764 <_etoa+0x3a8>)
100055c4:	f7ff f945 	bl	10004852 <__wrap___aeabi_dmul>
100055c8:	4a67      	ldr	r2, [pc, #412]	@ (10005768 <_etoa+0x3ac>)
100055ca:	4b68      	ldr	r3, [pc, #416]	@ (1000576c <_etoa+0x3b0>)
100055cc:	f7ff f91a 	bl	10004804 <__wrap___aeabi_dadd>
100055d0:	4a67      	ldr	r2, [pc, #412]	@ (10005770 <_etoa+0x3b4>)
100055d2:	033b      	lsls	r3, r7, #12
100055d4:	0b1b      	lsrs	r3, r3, #12
100055d6:	431a      	orrs	r2, r3
100055d8:	0004      	movs	r4, r0
100055da:	000d      	movs	r5, r1
100055dc:	9809      	ldr	r0, [sp, #36]	@ 0x24
100055de:	0011      	movs	r1, r2
100055e0:	4b64      	ldr	r3, [pc, #400]	@ (10005774 <_etoa+0x3b8>)
100055e2:	2200      	movs	r2, #0
100055e4:	f7ff f905 	bl	100047f2 <__wrap___aeabi_dsub>
100055e8:	4a63      	ldr	r2, [pc, #396]	@ (10005778 <_etoa+0x3bc>)
100055ea:	4b64      	ldr	r3, [pc, #400]	@ (1000577c <_etoa+0x3c0>)
100055ec:	f7ff f931 	bl	10004852 <__wrap___aeabi_dmul>
100055f0:	0002      	movs	r2, r0
100055f2:	000b      	movs	r3, r1
100055f4:	0020      	movs	r0, r4
100055f6:	0029      	movs	r1, r5
100055f8:	f7ff f904 	bl	10004804 <__wrap___aeabi_dadd>
100055fc:	f7ff f9a8 	bl	10004950 <__wrap___aeabi_d2iz>
10005600:	9009      	str	r0, [sp, #36]	@ 0x24
10005602:	f7ff f98d 	bl	10004920 <__wrap___aeabi_i2d>
10005606:	4a5e      	ldr	r2, [pc, #376]	@ (10005780 <_etoa+0x3c4>)
10005608:	4b5e      	ldr	r3, [pc, #376]	@ (10005784 <_etoa+0x3c8>)
1000560a:	0004      	movs	r4, r0
1000560c:	000d      	movs	r5, r1
1000560e:	f7ff f920 	bl	10004852 <__wrap___aeabi_dmul>
10005612:	2200      	movs	r2, #0
10005614:	4b5c      	ldr	r3, [pc, #368]	@ (10005788 <_etoa+0x3cc>)
10005616:	f7ff f8f5 	bl	10004804 <__wrap___aeabi_dadd>
1000561a:	f7ff f999 	bl	10004950 <__wrap___aeabi_d2iz>
1000561e:	4a5b      	ldr	r2, [pc, #364]	@ (1000578c <_etoa+0x3d0>)
10005620:	4b5b      	ldr	r3, [pc, #364]	@ (10005790 <_etoa+0x3d4>)
10005622:	0029      	movs	r1, r5
10005624:	900c      	str	r0, [sp, #48]	@ 0x30
10005626:	0020      	movs	r0, r4
10005628:	f7ff f913 	bl	10004852 <__wrap___aeabi_dmul>
1000562c:	0004      	movs	r4, r0
1000562e:	980c      	ldr	r0, [sp, #48]	@ 0x30
10005630:	000d      	movs	r5, r1
10005632:	f7ff f975 	bl	10004920 <__wrap___aeabi_i2d>
10005636:	4a57      	ldr	r2, [pc, #348]	@ (10005794 <_etoa+0x3d8>)
10005638:	4b57      	ldr	r3, [pc, #348]	@ (10005798 <_etoa+0x3dc>)
1000563a:	f7ff f90a 	bl	10004852 <__wrap___aeabi_dmul>
1000563e:	0002      	movs	r2, r0
10005640:	000b      	movs	r3, r1
10005642:	0020      	movs	r0, r4
10005644:	0029      	movs	r1, r5
10005646:	f7ff f8d4 	bl	100047f2 <__wrap___aeabi_dsub>
1000564a:	0004      	movs	r4, r0
1000564c:	000d      	movs	r5, r1
1000564e:	0002      	movs	r2, r0
10005650:	000b      	movs	r3, r1
10005652:	940a      	str	r4, [sp, #40]	@ 0x28
10005654:	950b      	str	r5, [sp, #44]	@ 0x2c
10005656:	f7ff f8fc 	bl	10004852 <__wrap___aeabi_dmul>
1000565a:	0004      	movs	r4, r0
1000565c:	000d      	movs	r5, r1
1000565e:	980a      	ldr	r0, [sp, #40]	@ 0x28
10005660:	990b      	ldr	r1, [sp, #44]	@ 0x2c
10005662:	0002      	movs	r2, r0
10005664:	000b      	movs	r3, r1
10005666:	f7ff f8cd 	bl	10004804 <__wrap___aeabi_dadd>
1000566a:	2200      	movs	r2, #0
1000566c:	900e      	str	r0, [sp, #56]	@ 0x38
1000566e:	910f      	str	r1, [sp, #60]	@ 0x3c
10005670:	4b4a      	ldr	r3, [pc, #296]	@ (1000579c <_etoa+0x3e0>)
10005672:	0020      	movs	r0, r4
10005674:	0029      	movs	r1, r5
10005676:	f7ff f8ce 	bl	10004816 <__wrap___aeabi_ddiv>
1000567a:	2200      	movs	r2, #0
1000567c:	4b48      	ldr	r3, [pc, #288]	@ (100057a0 <_etoa+0x3e4>)
1000567e:	f7ff f8c1 	bl	10004804 <__wrap___aeabi_dadd>
10005682:	0002      	movs	r2, r0
10005684:	000b      	movs	r3, r1
10005686:	0020      	movs	r0, r4
10005688:	0029      	movs	r1, r5
1000568a:	f7ff f8c4 	bl	10004816 <__wrap___aeabi_ddiv>
1000568e:	2200      	movs	r2, #0
10005690:	4b44      	ldr	r3, [pc, #272]	@ (100057a4 <_etoa+0x3e8>)
10005692:	f7ff f8b7 	bl	10004804 <__wrap___aeabi_dadd>
10005696:	0002      	movs	r2, r0
10005698:	000b      	movs	r3, r1
1000569a:	0020      	movs	r0, r4
1000569c:	0029      	movs	r1, r5
1000569e:	f7ff f8ba 	bl	10004816 <__wrap___aeabi_ddiv>
100056a2:	9a0a      	ldr	r2, [sp, #40]	@ 0x28
100056a4:	9b0b      	ldr	r3, [sp, #44]	@ 0x2c
100056a6:	000d      	movs	r5, r1
100056a8:	2180      	movs	r1, #128	@ 0x80
100056aa:	0004      	movs	r4, r0
100056ac:	05c9      	lsls	r1, r1, #23
100056ae:	2000      	movs	r0, #0
100056b0:	f7ff f89f 	bl	100047f2 <__wrap___aeabi_dsub>
100056b4:	0002      	movs	r2, r0
100056b6:	000b      	movs	r3, r1
100056b8:	0020      	movs	r0, r4
100056ba:	0029      	movs	r1, r5
100056bc:	f7ff f8a2 	bl	10004804 <__wrap___aeabi_dadd>
100056c0:	0002      	movs	r2, r0
100056c2:	000b      	movs	r3, r1
100056c4:	980e      	ldr	r0, [sp, #56]	@ 0x38
100056c6:	990f      	ldr	r1, [sp, #60]	@ 0x3c
100056c8:	f7ff f8a5 	bl	10004816 <__wrap___aeabi_ddiv>
100056cc:	2200      	movs	r2, #0
100056ce:	4b28      	ldr	r3, [pc, #160]	@ (10005770 <_etoa+0x3b4>)
100056d0:	f7ff f898 	bl	10004804 <__wrap___aeabi_dadd>
100056d4:	4b34      	ldr	r3, [pc, #208]	@ (100057a8 <_etoa+0x3ec>)
100056d6:	9c0c      	ldr	r4, [sp, #48]	@ 0x30
100056d8:	469c      	mov	ip, r3
100056da:	4464      	add	r4, ip
100056dc:	0523      	lsls	r3, r4, #20
100056de:	2200      	movs	r2, #0
100056e0:	f7ff f8b7 	bl	10004852 <__wrap___aeabi_dmul>
100056e4:	0004      	movs	r4, r0
100056e6:	000d      	movs	r5, r1
100056e8:	0002      	movs	r2, r0
100056ea:	000b      	movs	r3, r1
100056ec:	0030      	movs	r0, r6
100056ee:	0039      	movs	r1, r7
100056f0:	940a      	str	r4, [sp, #40]	@ 0x28
100056f2:	950b      	str	r5, [sp, #44]	@ 0x2c
100056f4:	f7ff f8f0 	bl	100048d8 <__wrap___aeabi_dcmplt>
100056f8:	2800      	cmp	r0, #0
100056fa:	d15d      	bne.n	100057b8 <_etoa+0x3fc>
100056fc:	0023      	movs	r3, r4
100056fe:	002a      	movs	r2, r5
10005700:	25c6      	movs	r5, #198	@ 0xc6
10005702:	9909      	ldr	r1, [sp, #36]	@ 0x24
10005704:	3163      	adds	r1, #99	@ 0x63
10005706:	428d      	cmp	r5, r1
10005708:	41ad      	sbcs	r5, r5
1000570a:	4659      	mov	r1, fp
1000570c:	426d      	negs	r5, r5
1000570e:	3504      	adds	r5, #4
10005710:	2900      	cmp	r1, #0
10005712:	d100      	bne.n	10005716 <_etoa+0x35a>
10005714:	e6a3      	b.n	1000545e <_etoa+0xa2>
10005716:	4313      	orrs	r3, r2
10005718:	d063      	beq.n	100057e2 <_etoa+0x426>
1000571a:	0030      	movs	r0, r6
1000571c:	0039      	movs	r1, r7
1000571e:	4a23      	ldr	r2, [pc, #140]	@ (100057ac <_etoa+0x3f0>)
10005720:	4b23      	ldr	r3, [pc, #140]	@ (100057b0 <_etoa+0x3f4>)
10005722:	f7ff f8df 	bl	100048e4 <__wrap___aeabi_dcmpge>
10005726:	2800      	cmp	r0, #0
10005728:	d007      	beq.n	1000573a <_etoa+0x37e>
1000572a:	2200      	movs	r2, #0
1000572c:	0030      	movs	r0, r6
1000572e:	0039      	movs	r1, r7
10005730:	4b20      	ldr	r3, [pc, #128]	@ (100057b4 <_etoa+0x3f8>)
10005732:	f7ff f8d1 	bl	100048d8 <__wrap___aeabi_dcmplt>
10005736:	2800      	cmp	r0, #0
10005738:	d153      	bne.n	100057e2 <_etoa+0x426>
1000573a:	9b24      	ldr	r3, [sp, #144]	@ 0x90
1000573c:	2b00      	cmp	r3, #0
1000573e:	d100      	bne.n	10005742 <_etoa+0x386>
10005740:	e68d      	b.n	1000545e <_etoa+0xa2>
10005742:	9b0d      	ldr	r3, [sp, #52]	@ 0x34
10005744:	1e5a      	subs	r2, r3, #1
10005746:	4193      	sbcs	r3, r2
10005748:	9a24      	ldr	r2, [sp, #144]	@ 0x90
1000574a:	1ad3      	subs	r3, r2, r3
1000574c:	9324      	str	r3, [sp, #144]	@ 0x90
1000574e:	e686      	b.n	1000545e <_etoa+0xa2>
10005750:	7fefffff 	.word	0x7fefffff
10005754:	ffefffff 	.word	0xffefffff
10005758:	fffff7ff 	.word	0xfffff7ff
1000575c:	fffffc01 	.word	0xfffffc01
10005760:	509f79fb 	.word	0x509f79fb
10005764:	3fd34413 	.word	0x3fd34413
10005768:	8b60c8b3 	.word	0x8b60c8b3
1000576c:	3fc68a28 	.word	0x3fc68a28
10005770:	3ff00000 	.word	0x3ff00000
10005774:	3ff80000 	.word	0x3ff80000
10005778:	636f4361 	.word	0x636f4361
1000577c:	3fd287a7 	.word	0x3fd287a7
10005780:	0979a371 	.word	0x0979a371
10005784:	400a934f 	.word	0x400a934f
10005788:	3fe00000 	.word	0x3fe00000
1000578c:	bbb55516 	.word	0xbbb55516
10005790:	40026bb1 	.word	0x40026bb1
10005794:	fefa39ef 	.word	0xfefa39ef
10005798:	3fe62e42 	.word	0x3fe62e42
1000579c:	402c0000 	.word	0x402c0000
100057a0:	40240000 	.word	0x40240000
100057a4:	40180000 	.word	0x40180000
100057a8:	000003ff 	.word	0x000003ff
100057ac:	eb1c432d 	.word	0xeb1c432d
100057b0:	3f1a36e2 	.word	0x3f1a36e2
100057b4:	412e8480 	.word	0x412e8480
100057b8:	9b09      	ldr	r3, [sp, #36]	@ 0x24
100057ba:	2200      	movs	r2, #0
100057bc:	3b01      	subs	r3, #1
100057be:	9309      	str	r3, [sp, #36]	@ 0x24
100057c0:	0020      	movs	r0, r4
100057c2:	4b16      	ldr	r3, [pc, #88]	@ (1000581c <_etoa+0x460>)
100057c4:	0029      	movs	r1, r5
100057c6:	f7ff f826 	bl	10004816 <__wrap___aeabi_ddiv>
100057ca:	000a      	movs	r2, r1
100057cc:	0001      	movs	r1, r0
100057ce:	0003      	movs	r3, r0
100057d0:	910a      	str	r1, [sp, #40]	@ 0x28
100057d2:	920b      	str	r2, [sp, #44]	@ 0x2c
100057d4:	e794      	b.n	10005700 <_etoa+0x344>
100057d6:	2300      	movs	r3, #0
100057d8:	2400      	movs	r4, #0
100057da:	930a      	str	r3, [sp, #40]	@ 0x28
100057dc:	940b      	str	r4, [sp, #44]	@ 0x2c
100057de:	2300      	movs	r3, #0
100057e0:	9309      	str	r3, [sp, #36]	@ 0x24
100057e2:	9a24      	ldr	r2, [sp, #144]	@ 0x90
100057e4:	9b09      	ldr	r3, [sp, #36]	@ 0x24
100057e6:	429a      	cmp	r2, r3
100057e8:	dd14      	ble.n	10005814 <_etoa+0x458>
100057ea:	1ad3      	subs	r3, r2, r3
100057ec:	3b01      	subs	r3, #1
100057ee:	9324      	str	r3, [sp, #144]	@ 0x90
100057f0:	2380      	movs	r3, #128	@ 0x80
100057f2:	9a26      	ldr	r2, [sp, #152]	@ 0x98
100057f4:	00db      	lsls	r3, r3, #3
100057f6:	431a      	orrs	r2, r3
100057f8:	2300      	movs	r3, #0
100057fa:	2500      	movs	r5, #0
100057fc:	9226      	str	r2, [sp, #152]	@ 0x98
100057fe:	9309      	str	r3, [sp, #36]	@ 0x24
10005800:	e62d      	b.n	1000545e <_etoa+0xa2>
10005802:	2280      	movs	r2, #128	@ 0x80
10005804:	0612      	lsls	r2, r2, #24
10005806:	4694      	mov	ip, r2
10005808:	9b22      	ldr	r3, [sp, #136]	@ 0x88
1000580a:	001e      	movs	r6, r3
1000580c:	9b23      	ldr	r3, [sp, #140]	@ 0x8c
1000580e:	4463      	add	r3, ip
10005810:	001f      	movs	r7, r3
10005812:	e606      	b.n	10005422 <_etoa+0x66>
10005814:	2300      	movs	r3, #0
10005816:	9324      	str	r3, [sp, #144]	@ 0x90
10005818:	e7ea      	b.n	100057f0 <_etoa+0x434>
1000581a:	46c0      	nop			@ (mov r8, r8)
1000581c:	40240000 	.word	0x40240000

10005820 <_ftoa>:
10005820:	b5f0      	push	{r4, r5, r6, r7, lr}
10005822:	4645      	mov	r5, r8
10005824:	46de      	mov	lr, fp
10005826:	464e      	mov	r6, r9
10005828:	4657      	mov	r7, sl
1000582a:	b5e0      	push	{r5, r6, r7, lr}
1000582c:	b095      	sub	sp, #84	@ 0x54
1000582e:	468b      	mov	fp, r1
10005830:	4690      	mov	r8, r2
10005832:	4699      	mov	r9, r3
10005834:	9a1e      	ldr	r2, [sp, #120]	@ 0x78
10005836:	9b1f      	ldr	r3, [sp, #124]	@ 0x7c
10005838:	900a      	str	r0, [sp, #40]	@ 0x28
1000583a:	0019      	movs	r1, r3
1000583c:	0010      	movs	r0, r2
1000583e:	9d20      	ldr	r5, [sp, #128]	@ 0x80
10005840:	f7ff f85d 	bl	100048fe <__wrap___aeabi_dcmpun>
10005844:	2800      	cmp	r0, #0
10005846:	d000      	beq.n	1000584a <_ftoa+0x2a>
10005848:	e1b0      	b.n	10005bac <_ftoa+0x38c>
1000584a:	981e      	ldr	r0, [sp, #120]	@ 0x78
1000584c:	991f      	ldr	r1, [sp, #124]	@ 0x7c
1000584e:	2201      	movs	r2, #1
10005850:	4bc7      	ldr	r3, [pc, #796]	@ (10005b70 <_ftoa+0x350>)
10005852:	4252      	negs	r2, r2
10005854:	f7ff f840 	bl	100048d8 <__wrap___aeabi_dcmplt>
10005858:	2800      	cmp	r0, #0
1000585a:	d000      	beq.n	1000585e <_ftoa+0x3e>
1000585c:	e137      	b.n	10005ace <_ftoa+0x2ae>
1000585e:	981e      	ldr	r0, [sp, #120]	@ 0x78
10005860:	991f      	ldr	r1, [sp, #124]	@ 0x7c
10005862:	2201      	movs	r2, #1
10005864:	4bc3      	ldr	r3, [pc, #780]	@ (10005b74 <_ftoa+0x354>)
10005866:	4252      	negs	r2, r2
10005868:	f7ff f844 	bl	100048f4 <__wrap___aeabi_dcmpgt>
1000586c:	2800      	cmp	r0, #0
1000586e:	d000      	beq.n	10005872 <_ftoa+0x52>
10005870:	e0a7      	b.n	100059c2 <_ftoa+0x1a2>
10005872:	981e      	ldr	r0, [sp, #120]	@ 0x78
10005874:	991f      	ldr	r1, [sp, #124]	@ 0x7c
10005876:	2200      	movs	r2, #0
10005878:	4bbf      	ldr	r3, [pc, #764]	@ (10005b78 <_ftoa+0x358>)
1000587a:	f7ff f83b 	bl	100048f4 <__wrap___aeabi_dcmpgt>
1000587e:	2800      	cmp	r0, #0
10005880:	d000      	beq.n	10005884 <_ftoa+0x64>
10005882:	e088      	b.n	10005996 <_ftoa+0x176>
10005884:	981e      	ldr	r0, [sp, #120]	@ 0x78
10005886:	991f      	ldr	r1, [sp, #124]	@ 0x7c
10005888:	2200      	movs	r2, #0
1000588a:	4bbc      	ldr	r3, [pc, #752]	@ (10005b7c <_ftoa+0x35c>)
1000588c:	f7ff f824 	bl	100048d8 <__wrap___aeabi_dcmplt>
10005890:	2800      	cmp	r0, #0
10005892:	d000      	beq.n	10005896 <_ftoa+0x76>
10005894:	e07f      	b.n	10005996 <_ftoa+0x176>
10005896:	981e      	ldr	r0, [sp, #120]	@ 0x78
10005898:	991f      	ldr	r1, [sp, #124]	@ 0x7c
1000589a:	2200      	movs	r2, #0
1000589c:	2300      	movs	r3, #0
1000589e:	f7ff f81b 	bl	100048d8 <__wrap___aeabi_dcmplt>
100058a2:	2800      	cmp	r0, #0
100058a4:	d000      	beq.n	100058a8 <_ftoa+0x88>
100058a6:	e0fa      	b.n	10005a9e <_ftoa+0x27e>
100058a8:	2300      	movs	r3, #0
100058aa:	930b      	str	r3, [sp, #44]	@ 0x2c
100058ac:	2380      	movs	r3, #128	@ 0x80
100058ae:	9c22      	ldr	r4, [sp, #136]	@ 0x88
100058b0:	9a22      	ldr	r2, [sp, #136]	@ 0x88
100058b2:	00db      	lsls	r3, r3, #3
100058b4:	401c      	ands	r4, r3
100058b6:	421a      	tst	r2, r3
100058b8:	d100      	bne.n	100058bc <_ftoa+0x9c>
100058ba:	e102      	b.n	10005ac2 <_ftoa+0x2a2>
100058bc:	2d09      	cmp	r5, #9
100058be:	d800      	bhi.n	100058c2 <_ftoa+0xa2>
100058c0:	e17c      	b.n	10005bbc <_ftoa+0x39c>
100058c2:	a906      	add	r1, sp, #24
100058c4:	468c      	mov	ip, r1
100058c6:	002c      	movs	r4, r5
100058c8:	2217      	movs	r2, #23
100058ca:	2300      	movs	r3, #0
100058cc:	2130      	movs	r1, #48	@ 0x30
100058ce:	3c09      	subs	r4, #9
100058d0:	4462      	add	r2, ip
100058d2:	3301      	adds	r3, #1
100058d4:	54d1      	strb	r1, [r2, r3]
100058d6:	1aef      	subs	r7, r5, r3
100058d8:	2b20      	cmp	r3, #32
100058da:	d100      	bne.n	100058de <_ftoa+0xbe>
100058dc:	e132      	b.n	10005b44 <_ftoa+0x324>
100058de:	42a3      	cmp	r3, r4
100058e0:	d1f7      	bne.n	100058d2 <_ftoa+0xb2>
100058e2:	2200      	movs	r2, #0
100058e4:	4ba4      	ldr	r3, [pc, #656]	@ (10005b78 <_ftoa+0x358>)
100058e6:	9206      	str	r2, [sp, #24]
100058e8:	9307      	str	r3, [sp, #28]
100058ea:	981e      	ldr	r0, [sp, #120]	@ 0x78
100058ec:	991f      	ldr	r1, [sp, #124]	@ 0x7c
100058ee:	f7ff f82f 	bl	10004950 <__wrap___aeabi_d2iz>
100058f2:	0005      	movs	r5, r0
100058f4:	f7ff f814 	bl	10004920 <__wrap___aeabi_i2d>
100058f8:	0002      	movs	r2, r0
100058fa:	000b      	movs	r3, r1
100058fc:	981e      	ldr	r0, [sp, #120]	@ 0x78
100058fe:	991f      	ldr	r1, [sp, #124]	@ 0x7c
10005900:	f7fe ff77 	bl	100047f2 <__wrap___aeabi_dsub>
10005904:	9a06      	ldr	r2, [sp, #24]
10005906:	9b07      	ldr	r3, [sp, #28]
10005908:	f7fe ffa3 	bl	10004852 <__wrap___aeabi_dmul>
1000590c:	9008      	str	r0, [sp, #32]
1000590e:	9109      	str	r1, [sp, #36]	@ 0x24
10005910:	f7ff f842 	bl	10004998 <__wrap___aeabi_d2uiz>
10005914:	0006      	movs	r6, r0
10005916:	f7fe ffff 	bl	10004918 <__wrap___aeabi_ui2d>
1000591a:	0002      	movs	r2, r0
1000591c:	000b      	movs	r3, r1
1000591e:	9808      	ldr	r0, [sp, #32]
10005920:	9909      	ldr	r1, [sp, #36]	@ 0x24
10005922:	f7fe ff66 	bl	100047f2 <__wrap___aeabi_dsub>
10005926:	2200      	movs	r2, #0
10005928:	4b95      	ldr	r3, [pc, #596]	@ (10005b80 <_ftoa+0x360>)
1000592a:	9008      	str	r0, [sp, #32]
1000592c:	9109      	str	r1, [sp, #36]	@ 0x24
1000592e:	f7fe ffe1 	bl	100048f4 <__wrap___aeabi_dcmpgt>
10005932:	2800      	cmp	r0, #0
10005934:	d100      	bne.n	10005938 <_ftoa+0x118>
10005936:	e0d2      	b.n	10005ade <_ftoa+0x2be>
10005938:	3601      	adds	r6, #1
1000593a:	0030      	movs	r0, r6
1000593c:	f7fe ffec 	bl	10004918 <__wrap___aeabi_ui2d>
10005940:	9a06      	ldr	r2, [sp, #24]
10005942:	9b07      	ldr	r3, [sp, #28]
10005944:	f7fe ffce 	bl	100048e4 <__wrap___aeabi_dcmpge>
10005948:	2800      	cmp	r0, #0
1000594a:	d001      	beq.n	10005950 <_ftoa+0x130>
1000594c:	2600      	movs	r6, #0
1000594e:	3501      	adds	r5, #1
10005950:	46aa      	mov	sl, r5
10005952:	2f00      	cmp	r7, #0
10005954:	d000      	beq.n	10005958 <_ftoa+0x138>
10005956:	e098      	b.n	10005a8a <_ftoa+0x26a>
10005958:	0028      	movs	r0, r5
1000595a:	f7fe ffe1 	bl	10004920 <__wrap___aeabi_i2d>
1000595e:	0002      	movs	r2, r0
10005960:	000b      	movs	r3, r1
10005962:	981e      	ldr	r0, [sp, #120]	@ 0x78
10005964:	991f      	ldr	r1, [sp, #124]	@ 0x7c
10005966:	f7fe ff44 	bl	100047f2 <__wrap___aeabi_dsub>
1000596a:	4b85      	ldr	r3, [pc, #532]	@ (10005b80 <_ftoa+0x360>)
1000596c:	2200      	movs	r2, #0
1000596e:	0006      	movs	r6, r0
10005970:	000f      	movs	r7, r1
10005972:	f7fe ffb1 	bl	100048d8 <__wrap___aeabi_dcmplt>
10005976:	ab0c      	add	r3, sp, #48	@ 0x30
10005978:	469a      	mov	sl, r3
1000597a:	2800      	cmp	r0, #0
1000597c:	d145      	bne.n	10005a0a <_ftoa+0x1ea>
1000597e:	2200      	movs	r2, #0
10005980:	0030      	movs	r0, r6
10005982:	0039      	movs	r1, r7
10005984:	4b7e      	ldr	r3, [pc, #504]	@ (10005b80 <_ftoa+0x360>)
10005986:	f7fe ffb5 	bl	100048f4 <__wrap___aeabi_dcmpgt>
1000598a:	2800      	cmp	r0, #0
1000598c:	d13d      	bne.n	10005a0a <_ftoa+0x1ea>
1000598e:	07eb      	lsls	r3, r5, #31
10005990:	d53b      	bpl.n	10005a0a <_ftoa+0x1ea>
10005992:	3501      	adds	r5, #1
10005994:	e039      	b.n	10005a0a <_ftoa+0x1ea>
10005996:	9b22      	ldr	r3, [sp, #136]	@ 0x88
10005998:	4642      	mov	r2, r8
1000599a:	9304      	str	r3, [sp, #16]
1000599c:	9b21      	ldr	r3, [sp, #132]	@ 0x84
1000599e:	4659      	mov	r1, fp
100059a0:	9303      	str	r3, [sp, #12]
100059a2:	980a      	ldr	r0, [sp, #40]	@ 0x28
100059a4:	9b1e      	ldr	r3, [sp, #120]	@ 0x78
100059a6:	9c1f      	ldr	r4, [sp, #124]	@ 0x7c
100059a8:	9502      	str	r5, [sp, #8]
100059aa:	9300      	str	r3, [sp, #0]
100059ac:	9401      	str	r4, [sp, #4]
100059ae:	464b      	mov	r3, r9
100059b0:	f7ff fd04 	bl	100053bc <_etoa>
100059b4:	b015      	add	sp, #84	@ 0x54
100059b6:	bcf0      	pop	{r4, r5, r6, r7}
100059b8:	46bb      	mov	fp, r7
100059ba:	46b2      	mov	sl, r6
100059bc:	46a9      	mov	r9, r5
100059be:	46a0      	mov	r8, r4
100059c0:	bdf0      	pop	{r4, r5, r6, r7, pc}
100059c2:	9b22      	ldr	r3, [sp, #136]	@ 0x88
100059c4:	075b      	lsls	r3, r3, #29
100059c6:	d467      	bmi.n	10005a98 <_ftoa+0x278>
100059c8:	2203      	movs	r2, #3
100059ca:	4b6e      	ldr	r3, [pc, #440]	@ (10005b84 <_ftoa+0x364>)
100059cc:	9922      	ldr	r1, [sp, #136]	@ 0x88
100059ce:	9201      	str	r2, [sp, #4]
100059d0:	9103      	str	r1, [sp, #12]
100059d2:	9921      	ldr	r1, [sp, #132]	@ 0x84
100059d4:	9102      	str	r1, [sp, #8]
100059d6:	9300      	str	r3, [sp, #0]
100059d8:	4642      	mov	r2, r8
100059da:	464b      	mov	r3, r9
100059dc:	4659      	mov	r1, fp
100059de:	980a      	ldr	r0, [sp, #40]	@ 0x28
100059e0:	f7ff fb5e 	bl	100050a0 <_out_rev>
100059e4:	e7e6      	b.n	100059b4 <_ftoa+0x194>
100059e6:	aa06      	add	r2, sp, #24
100059e8:	4694      	mov	ip, r2
100059ea:	2317      	movs	r3, #23
100059ec:	0028      	movs	r0, r5
100059ee:	4463      	add	r3, ip
100059f0:	210a      	movs	r1, #10
100059f2:	3401      	adds	r4, #1
100059f4:	191e      	adds	r6, r3, r4
100059f6:	f7fe fc99 	bl	1000432c <__wrap___aeabi_idiv>
100059fa:	3130      	adds	r1, #48	@ 0x30
100059fc:	0028      	movs	r0, r5
100059fe:	7031      	strb	r1, [r6, #0]
10005a00:	210a      	movs	r1, #10
10005a02:	f7fe fc93 	bl	1000432c <__wrap___aeabi_idiv>
10005a06:	1e05      	subs	r5, r0, #0
10005a08:	d076      	beq.n	10005af8 <_ftoa+0x2d8>
10005a0a:	2c20      	cmp	r4, #32
10005a0c:	d1eb      	bne.n	100059e6 <_ftoa+0x1c6>
10005a0e:	2303      	movs	r3, #3
10005a10:	9a22      	ldr	r2, [sp, #136]	@ 0x88
10005a12:	4013      	ands	r3, r2
10005a14:	2b01      	cmp	r3, #1
10005a16:	d11d      	bne.n	10005a54 <_ftoa+0x234>
10005a18:	9b21      	ldr	r3, [sp, #132]	@ 0x84
10005a1a:	2b00      	cmp	r3, #0
10005a1c:	d01a      	beq.n	10005a54 <_ftoa+0x234>
10005a1e:	9b0b      	ldr	r3, [sp, #44]	@ 0x2c
10005a20:	2b00      	cmp	r3, #0
10005a22:	d000      	beq.n	10005a26 <_ftoa+0x206>
10005a24:	e0bb      	b.n	10005b9e <_ftoa+0x37e>
10005a26:	9a22      	ldr	r2, [sp, #136]	@ 0x88
10005a28:	330c      	adds	r3, #12
10005a2a:	4213      	tst	r3, r2
10005a2c:	d000      	beq.n	10005a30 <_ftoa+0x210>
10005a2e:	e0b6      	b.n	10005b9e <_ftoa+0x37e>
10005a30:	9b21      	ldr	r3, [sp, #132]	@ 0x84
10005a32:	42a3      	cmp	r3, r4
10005a34:	d800      	bhi.n	10005a38 <_ftoa+0x218>
10005a36:	e087      	b.n	10005b48 <_ftoa+0x328>
10005a38:	ab06      	add	r3, sp, #24
10005a3a:	469c      	mov	ip, r3
10005a3c:	2217      	movs	r2, #23
10005a3e:	2330      	movs	r3, #48	@ 0x30
10005a40:	4462      	add	r2, ip
10005a42:	e004      	b.n	10005a4e <_ftoa+0x22e>
10005a44:	9921      	ldr	r1, [sp, #132]	@ 0x84
10005a46:	3401      	adds	r4, #1
10005a48:	5513      	strb	r3, [r2, r4]
10005a4a:	428c      	cmp	r4, r1
10005a4c:	d059      	beq.n	10005b02 <_ftoa+0x2e2>
10005a4e:	2c20      	cmp	r4, #32
10005a50:	d1f8      	bne.n	10005a44 <_ftoa+0x224>
10005a52:	2420      	movs	r4, #32
10005a54:	9b22      	ldr	r3, [sp, #136]	@ 0x88
10005a56:	9401      	str	r4, [sp, #4]
10005a58:	9303      	str	r3, [sp, #12]
10005a5a:	9b21      	ldr	r3, [sp, #132]	@ 0x84
10005a5c:	9302      	str	r3, [sp, #8]
10005a5e:	4653      	mov	r3, sl
10005a60:	e7b9      	b.n	100059d6 <_ftoa+0x1b6>
10005a62:	aa06      	add	r2, sp, #24
10005a64:	4694      	mov	ip, r2
10005a66:	2317      	movs	r3, #23
10005a68:	210a      	movs	r1, #10
10005a6a:	4463      	add	r3, ip
10005a6c:	0030      	movs	r0, r6
10005a6e:	3401      	adds	r4, #1
10005a70:	191d      	adds	r5, r3, r4
10005a72:	f7fe fc83 	bl	1000437c <__wrap___aeabi_uidiv>
10005a76:	3130      	adds	r1, #48	@ 0x30
10005a78:	7029      	strb	r1, [r5, #0]
10005a7a:	0030      	movs	r0, r6
10005a7c:	210a      	movs	r1, #10
10005a7e:	3f01      	subs	r7, #1
10005a80:	f7fe fc7c 	bl	1000437c <__wrap___aeabi_uidiv>
10005a84:	2e09      	cmp	r6, #9
10005a86:	d946      	bls.n	10005b16 <_ftoa+0x2f6>
10005a88:	0006      	movs	r6, r0
10005a8a:	2c20      	cmp	r4, #32
10005a8c:	d1e9      	bne.n	10005a62 <_ftoa+0x242>
10005a8e:	4655      	mov	r5, sl
10005a90:	ab0c      	add	r3, sp, #48	@ 0x30
10005a92:	2420      	movs	r4, #32
10005a94:	469a      	mov	sl, r3
10005a96:	e7b8      	b.n	10005a0a <_ftoa+0x1ea>
10005a98:	2204      	movs	r2, #4
10005a9a:	4b3b      	ldr	r3, [pc, #236]	@ (10005b88 <_ftoa+0x368>)
10005a9c:	e796      	b.n	100059cc <_ftoa+0x1ac>
10005a9e:	9a1e      	ldr	r2, [sp, #120]	@ 0x78
10005aa0:	9b1f      	ldr	r3, [sp, #124]	@ 0x7c
10005aa2:	2000      	movs	r0, #0
10005aa4:	2100      	movs	r1, #0
10005aa6:	f7fe fea4 	bl	100047f2 <__wrap___aeabi_dsub>
10005aaa:	2301      	movs	r3, #1
10005aac:	930b      	str	r3, [sp, #44]	@ 0x2c
10005aae:	2380      	movs	r3, #128	@ 0x80
10005ab0:	9c22      	ldr	r4, [sp, #136]	@ 0x88
10005ab2:	9a22      	ldr	r2, [sp, #136]	@ 0x88
10005ab4:	00db      	lsls	r3, r3, #3
10005ab6:	901e      	str	r0, [sp, #120]	@ 0x78
10005ab8:	911f      	str	r1, [sp, #124]	@ 0x7c
10005aba:	401c      	ands	r4, r3
10005abc:	421a      	tst	r2, r3
10005abe:	d000      	beq.n	10005ac2 <_ftoa+0x2a2>
10005ac0:	e6fc      	b.n	100058bc <_ftoa+0x9c>
10005ac2:	2200      	movs	r2, #0
10005ac4:	4b31      	ldr	r3, [pc, #196]	@ (10005b8c <_ftoa+0x36c>)
10005ac6:	2706      	movs	r7, #6
10005ac8:	9206      	str	r2, [sp, #24]
10005aca:	9307      	str	r3, [sp, #28]
10005acc:	e70d      	b.n	100058ea <_ftoa+0xca>
10005ace:	9b22      	ldr	r3, [sp, #136]	@ 0x88
10005ad0:	9303      	str	r3, [sp, #12]
10005ad2:	9b21      	ldr	r3, [sp, #132]	@ 0x84
10005ad4:	9302      	str	r3, [sp, #8]
10005ad6:	2304      	movs	r3, #4
10005ad8:	9301      	str	r3, [sp, #4]
10005ada:	4b2d      	ldr	r3, [pc, #180]	@ (10005b90 <_ftoa+0x370>)
10005adc:	e77b      	b.n	100059d6 <_ftoa+0x1b6>
10005ade:	2200      	movs	r2, #0
10005ae0:	9808      	ldr	r0, [sp, #32]
10005ae2:	9909      	ldr	r1, [sp, #36]	@ 0x24
10005ae4:	4b26      	ldr	r3, [pc, #152]	@ (10005b80 <_ftoa+0x360>)
10005ae6:	f7fe fef7 	bl	100048d8 <__wrap___aeabi_dcmplt>
10005aea:	2800      	cmp	r0, #0
10005aec:	d000      	beq.n	10005af0 <_ftoa+0x2d0>
10005aee:	e72f      	b.n	10005950 <_ftoa+0x130>
10005af0:	2e00      	cmp	r6, #0
10005af2:	d14f      	bne.n	10005b94 <_ftoa+0x374>
10005af4:	3601      	adds	r6, #1
10005af6:	e72b      	b.n	10005950 <_ftoa+0x130>
10005af8:	2303      	movs	r3, #3
10005afa:	9a22      	ldr	r2, [sp, #136]	@ 0x88
10005afc:	4013      	ands	r3, r2
10005afe:	2b01      	cmp	r3, #1
10005b00:	d066      	beq.n	10005bd0 <_ftoa+0x3b0>
10005b02:	2c20      	cmp	r4, #32
10005b04:	d0a6      	beq.n	10005a54 <_ftoa+0x234>
10005b06:	9b0b      	ldr	r3, [sp, #44]	@ 0x2c
10005b08:	2b00      	cmp	r3, #0
10005b0a:	d01f      	beq.n	10005b4c <_ftoa+0x32c>
10005b0c:	232d      	movs	r3, #45	@ 0x2d
10005b0e:	4652      	mov	r2, sl
10005b10:	5513      	strb	r3, [r2, r4]
10005b12:	3401      	adds	r4, #1
10005b14:	e79e      	b.n	10005a54 <_ftoa+0x234>
10005b16:	4655      	mov	r5, sl
10005b18:	2c20      	cmp	r4, #32
10005b1a:	d0b9      	beq.n	10005a90 <_ftoa+0x270>
10005b1c:	2330      	movs	r3, #48	@ 0x30
10005b1e:	193a      	adds	r2, r7, r4
10005b20:	2f00      	cmp	r7, #0
10005b22:	d008      	beq.n	10005b36 <_ftoa+0x316>
10005b24:	2017      	movs	r0, #23
10005b26:	a906      	add	r1, sp, #24
10005b28:	3401      	adds	r4, #1
10005b2a:	1809      	adds	r1, r1, r0
10005b2c:	550b      	strb	r3, [r1, r4]
10005b2e:	2c20      	cmp	r4, #32
10005b30:	d0ae      	beq.n	10005a90 <_ftoa+0x270>
10005b32:	4294      	cmp	r4, r2
10005b34:	d1f6      	bne.n	10005b24 <_ftoa+0x304>
10005b36:	ab0c      	add	r3, sp, #48	@ 0x30
10005b38:	469a      	mov	sl, r3
10005b3a:	232e      	movs	r3, #46	@ 0x2e
10005b3c:	4652      	mov	r2, sl
10005b3e:	5513      	strb	r3, [r2, r4]
10005b40:	3401      	adds	r4, #1
10005b42:	e762      	b.n	10005a0a <_ftoa+0x1ea>
10005b44:	2420      	movs	r4, #32
10005b46:	e6cc      	b.n	100058e2 <_ftoa+0xc2>
10005b48:	2c20      	cmp	r4, #32
10005b4a:	d083      	beq.n	10005a54 <_ftoa+0x234>
10005b4c:	9b22      	ldr	r3, [sp, #136]	@ 0x88
10005b4e:	075b      	lsls	r3, r3, #29
10005b50:	d408      	bmi.n	10005b64 <_ftoa+0x344>
10005b52:	9b22      	ldr	r3, [sp, #136]	@ 0x88
10005b54:	071b      	lsls	r3, r3, #28
10005b56:	d400      	bmi.n	10005b5a <_ftoa+0x33a>
10005b58:	e77c      	b.n	10005a54 <_ftoa+0x234>
10005b5a:	2320      	movs	r3, #32
10005b5c:	4652      	mov	r2, sl
10005b5e:	5513      	strb	r3, [r2, r4]
10005b60:	3401      	adds	r4, #1
10005b62:	e777      	b.n	10005a54 <_ftoa+0x234>
10005b64:	232b      	movs	r3, #43	@ 0x2b
10005b66:	4652      	mov	r2, sl
10005b68:	5513      	strb	r3, [r2, r4]
10005b6a:	3401      	adds	r4, #1
10005b6c:	e772      	b.n	10005a54 <_ftoa+0x234>
10005b6e:	46c0      	nop			@ (mov r8, r8)
10005b70:	ffefffff 	.word	0xffefffff
10005b74:	7fefffff 	.word	0x7fefffff
10005b78:	41cdcd65 	.word	0x41cdcd65
10005b7c:	c1cdcd65 	.word	0xc1cdcd65
10005b80:	3fe00000 	.word	0x3fe00000
10005b84:	100072c8 	.word	0x100072c8
10005b88:	100072c0 	.word	0x100072c0
10005b8c:	412e8480 	.word	0x412e8480
10005b90:	100072d0 	.word	0x100072d0
10005b94:	07f3      	lsls	r3, r6, #31
10005b96:	d400      	bmi.n	10005b9a <_ftoa+0x37a>
10005b98:	e6da      	b.n	10005950 <_ftoa+0x130>
10005b9a:	3601      	adds	r6, #1
10005b9c:	e6d8      	b.n	10005950 <_ftoa+0x130>
10005b9e:	9b21      	ldr	r3, [sp, #132]	@ 0x84
10005ba0:	3b01      	subs	r3, #1
10005ba2:	9321      	str	r3, [sp, #132]	@ 0x84
10005ba4:	42a3      	cmp	r3, r4
10005ba6:	d900      	bls.n	10005baa <_ftoa+0x38a>
10005ba8:	e746      	b.n	10005a38 <_ftoa+0x218>
10005baa:	e7aa      	b.n	10005b02 <_ftoa+0x2e2>
10005bac:	9b22      	ldr	r3, [sp, #136]	@ 0x88
10005bae:	9303      	str	r3, [sp, #12]
10005bb0:	9b21      	ldr	r3, [sp, #132]	@ 0x84
10005bb2:	9302      	str	r3, [sp, #8]
10005bb4:	2303      	movs	r3, #3
10005bb6:	9301      	str	r3, [sp, #4]
10005bb8:	4b07      	ldr	r3, [pc, #28]	@ (10005bd8 <_ftoa+0x3b8>)
10005bba:	e70c      	b.n	100059d6 <_ftoa+0x1b6>
10005bbc:	4b07      	ldr	r3, [pc, #28]	@ (10005bdc <_ftoa+0x3bc>)
10005bbe:	00ea      	lsls	r2, r5, #3
10005bc0:	189b      	adds	r3, r3, r2
10005bc2:	685c      	ldr	r4, [r3, #4]
10005bc4:	681b      	ldr	r3, [r3, #0]
10005bc6:	002f      	movs	r7, r5
10005bc8:	9306      	str	r3, [sp, #24]
10005bca:	9407      	str	r4, [sp, #28]
10005bcc:	2400      	movs	r4, #0
10005bce:	e68c      	b.n	100058ea <_ftoa+0xca>
10005bd0:	9b21      	ldr	r3, [sp, #132]	@ 0x84
10005bd2:	2b00      	cmp	r3, #0
10005bd4:	d095      	beq.n	10005b02 <_ftoa+0x2e2>
10005bd6:	e722      	b.n	10005a1e <_ftoa+0x1fe>
10005bd8:	100072cc 	.word	0x100072cc
10005bdc:	1005fcd8 	.word	0x1005fcd8

10005be0 <_vsnprintf>:
10005be0:	b5f0      	push	{r4, r5, r6, r7, lr}
10005be2:	4657      	mov	r7, sl
10005be4:	46de      	mov	lr, fp
10005be6:	464e      	mov	r6, r9
10005be8:	4645      	mov	r5, r8
10005bea:	b5e0      	push	{r5, r6, r7, lr}
10005bec:	b0a5      	sub	sp, #148	@ 0x94
10005bee:	001f      	movs	r7, r3
10005bf0:	9b2e      	ldr	r3, [sp, #184]	@ 0xb8
10005bf2:	4691      	mov	r9, r2
10005bf4:	930d      	str	r3, [sp, #52]	@ 0x34
10005bf6:	4aca      	ldr	r2, [pc, #808]	@ (10005f20 <_vsnprintf+0x340>)
10005bf8:	4bca      	ldr	r3, [pc, #808]	@ (10005f24 <_vsnprintf+0x344>)
10005bfa:	4682      	mov	sl, r0
10005bfc:	468b      	mov	fp, r1
10005bfe:	601a      	str	r2, [r3, #0]
10005c00:	2900      	cmp	r1, #0
10005c02:	d100      	bne.n	10005c06 <_vsnprintf+0x26>
10005c04:	e229      	b.n	1000605a <_vsnprintf+0x47a>
10005c06:	2300      	movs	r3, #0
10005c08:	7838      	ldrb	r0, [r7, #0]
10005c0a:	4698      	mov	r8, r3
10005c0c:	2800      	cmp	r0, #0
10005c0e:	d100      	bne.n	10005c12 <_vsnprintf+0x32>
10005c10:	e22b      	b.n	1000606a <_vsnprintf+0x48a>
10005c12:	4bc5      	ldr	r3, [pc, #788]	@ (10005f28 <_vsnprintf+0x348>)
10005c14:	4644      	mov	r4, r8
10005c16:	930c      	str	r3, [sp, #48]	@ 0x30
10005c18:	4bc4      	ldr	r3, [pc, #784]	@ (10005f2c <_vsnprintf+0x34c>)
10005c1a:	4655      	mov	r5, sl
10005c1c:	464e      	mov	r6, r9
10005c1e:	930e      	str	r3, [sp, #56]	@ 0x38
10005c20:	e00a      	b.n	10005c38 <_vsnprintf+0x58>
10005c22:	1c63      	adds	r3, r4, #1
10005c24:	4698      	mov	r8, r3
10005c26:	0022      	movs	r2, r4
10005c28:	0033      	movs	r3, r6
10005c2a:	4659      	mov	r1, fp
10005c2c:	47a8      	blx	r5
10005c2e:	4644      	mov	r4, r8
10005c30:	7838      	ldrb	r0, [r7, #0]
10005c32:	2800      	cmp	r0, #0
10005c34:	d100      	bne.n	10005c38 <_vsnprintf+0x58>
10005c36:	e087      	b.n	10005d48 <_vsnprintf+0x168>
10005c38:	3701      	adds	r7, #1
10005c3a:	2825      	cmp	r0, #37	@ 0x25
10005c3c:	d1f1      	bne.n	10005c22 <_vsnprintf+0x42>
10005c3e:	2308      	movs	r3, #8
10005c40:	469a      	mov	sl, r3
10005c42:	3b04      	subs	r3, #4
10005c44:	4699      	mov	r9, r3
10005c46:	3b02      	subs	r3, #2
10005c48:	4698      	mov	r8, r3
10005c4a:	3b01      	subs	r3, #1
10005c4c:	2200      	movs	r2, #0
10005c4e:	469c      	mov	ip, r3
10005c50:	940b      	str	r4, [sp, #44]	@ 0x2c
10005c52:	7838      	ldrb	r0, [r7, #0]
10005c54:	1c79      	adds	r1, r7, #1
10005c56:	0003      	movs	r3, r0
10005c58:	3b20      	subs	r3, #32
10005c5a:	b2db      	uxtb	r3, r3
10005c5c:	2b10      	cmp	r3, #16
10005c5e:	d803      	bhi.n	10005c68 <_vsnprintf+0x88>
10005c60:	9c0c      	ldr	r4, [sp, #48]	@ 0x30
10005c62:	009b      	lsls	r3, r3, #2
10005c64:	58e3      	ldr	r3, [r4, r3]
10005c66:	469f      	mov	pc, r3
10005c68:	0003      	movs	r3, r0
10005c6a:	3b30      	subs	r3, #48	@ 0x30
10005c6c:	9c0b      	ldr	r4, [sp, #44]	@ 0x2c
10005c6e:	920b      	str	r2, [sp, #44]	@ 0x2c
10005c70:	2b09      	cmp	r3, #9
10005c72:	d93a      	bls.n	10005cea <_vsnprintf+0x10a>
10005c74:	2300      	movs	r3, #0
10005c76:	4698      	mov	r8, r3
10005c78:	282a      	cmp	r0, #42	@ 0x2a
10005c7a:	d100      	bne.n	10005c7e <_vsnprintf+0x9e>
10005c7c:	e0dd      	b.n	10005e3a <_vsnprintf+0x25a>
10005c7e:	2300      	movs	r3, #0
10005c80:	469a      	mov	sl, r3
10005c82:	282e      	cmp	r0, #46	@ 0x2e
10005c84:	d04b      	beq.n	10005d1e <_vsnprintf+0x13e>
10005c86:	0003      	movs	r3, r0
10005c88:	3b68      	subs	r3, #104	@ 0x68
10005c8a:	b2db      	uxtb	r3, r3
10005c8c:	2b12      	cmp	r3, #18
10005c8e:	d81e      	bhi.n	10005cce <_vsnprintf+0xee>
10005c90:	9a0e      	ldr	r2, [sp, #56]	@ 0x38
10005c92:	009b      	lsls	r3, r3, #2
10005c94:	58d3      	ldr	r3, [r2, r3]
10005c96:	469f      	mov	pc, r3
10005c98:	4663      	mov	r3, ip
10005c9a:	000f      	movs	r7, r1
10005c9c:	431a      	orrs	r2, r3
10005c9e:	e7d8      	b.n	10005c52 <_vsnprintf+0x72>
10005ca0:	4643      	mov	r3, r8
10005ca2:	000f      	movs	r7, r1
10005ca4:	431a      	orrs	r2, r3
10005ca6:	e7d4      	b.n	10005c52 <_vsnprintf+0x72>
10005ca8:	464b      	mov	r3, r9
10005caa:	000f      	movs	r7, r1
10005cac:	431a      	orrs	r2, r3
10005cae:	e7d0      	b.n	10005c52 <_vsnprintf+0x72>
10005cb0:	2310      	movs	r3, #16
10005cb2:	000f      	movs	r7, r1
10005cb4:	431a      	orrs	r2, r3
10005cb6:	e7cc      	b.n	10005c52 <_vsnprintf+0x72>
10005cb8:	4653      	mov	r3, sl
10005cba:	000f      	movs	r7, r1
10005cbc:	431a      	orrs	r2, r3
10005cbe:	e7c8      	b.n	10005c52 <_vsnprintf+0x72>
10005cc0:	2380      	movs	r3, #128	@ 0x80
10005cc2:	005b      	lsls	r3, r3, #1
10005cc4:	9a0b      	ldr	r2, [sp, #44]	@ 0x2c
10005cc6:	7878      	ldrb	r0, [r7, #1]
10005cc8:	431a      	orrs	r2, r3
10005cca:	920b      	str	r2, [sp, #44]	@ 0x2c
10005ccc:	3101      	adds	r1, #1
10005cce:	000f      	movs	r7, r1
10005cd0:	2867      	cmp	r0, #103	@ 0x67
10005cd2:	d84f      	bhi.n	10005d74 <_vsnprintf+0x194>
10005cd4:	2824      	cmp	r0, #36	@ 0x24
10005cd6:	d9a4      	bls.n	10005c22 <_vsnprintf+0x42>
10005cd8:	0003      	movs	r3, r0
10005cda:	3b25      	subs	r3, #37	@ 0x25
10005cdc:	b2db      	uxtb	r3, r3
10005cde:	2b42      	cmp	r3, #66	@ 0x42
10005ce0:	d89f      	bhi.n	10005c22 <_vsnprintf+0x42>
10005ce2:	4993      	ldr	r1, [pc, #588]	@ (10005f30 <_vsnprintf+0x350>)
10005ce4:	009b      	lsls	r3, r3, #2
10005ce6:	58cb      	ldr	r3, [r1, r3]
10005ce8:	469f      	mov	pc, r3
10005cea:	2300      	movs	r3, #0
10005cec:	4698      	mov	r8, r3
10005cee:	9b0b      	ldr	r3, [sp, #44]	@ 0x2c
10005cf0:	4647      	mov	r7, r8
10005cf2:	469c      	mov	ip, r3
10005cf4:	e000      	b.n	10005cf8 <_vsnprintf+0x118>
10005cf6:	3101      	adds	r1, #1
10005cf8:	00bb      	lsls	r3, r7, #2
10005cfa:	19db      	adds	r3, r3, r7
10005cfc:	005b      	lsls	r3, r3, #1
10005cfe:	181f      	adds	r7, r3, r0
10005d00:	7808      	ldrb	r0, [r1, #0]
10005d02:	3f30      	subs	r7, #48	@ 0x30
10005d04:	0003      	movs	r3, r0
10005d06:	3b30      	subs	r3, #48	@ 0x30
10005d08:	2b09      	cmp	r3, #9
10005d0a:	d9f4      	bls.n	10005cf6 <_vsnprintf+0x116>
10005d0c:	4663      	mov	r3, ip
10005d0e:	930b      	str	r3, [sp, #44]	@ 0x2c
10005d10:	2300      	movs	r3, #0
10005d12:	46b8      	mov	r8, r7
10005d14:	469a      	mov	sl, r3
10005d16:	000f      	movs	r7, r1
10005d18:	3101      	adds	r1, #1
10005d1a:	282e      	cmp	r0, #46	@ 0x2e
10005d1c:	d1b3      	bne.n	10005c86 <_vsnprintf+0xa6>
10005d1e:	2080      	movs	r0, #128	@ 0x80
10005d20:	9a0b      	ldr	r2, [sp, #44]	@ 0x2c
10005d22:	00c0      	lsls	r0, r0, #3
10005d24:	4302      	orrs	r2, r0
10005d26:	920b      	str	r2, [sp, #44]	@ 0x2c
10005d28:	2230      	movs	r2, #48	@ 0x30
10005d2a:	4252      	negs	r2, r2
10005d2c:	4694      	mov	ip, r2
10005d2e:	7878      	ldrb	r0, [r7, #1]
10005d30:	000b      	movs	r3, r1
10005d32:	4484      	add	ip, r0
10005d34:	4662      	mov	r2, ip
10005d36:	2a09      	cmp	r2, #9
10005d38:	d800      	bhi.n	10005d3c <_vsnprintf+0x15c>
10005d3a:	e1aa      	b.n	10006092 <_vsnprintf+0x4b2>
10005d3c:	282a      	cmp	r0, #42	@ 0x2a
10005d3e:	d100      	bne.n	10005d42 <_vsnprintf+0x162>
10005d40:	e1b9      	b.n	100060b6 <_vsnprintf+0x4d6>
10005d42:	000f      	movs	r7, r1
10005d44:	3101      	adds	r1, #1
10005d46:	e79e      	b.n	10005c86 <_vsnprintf+0xa6>
10005d48:	46a0      	mov	r8, r4
10005d4a:	46aa      	mov	sl, r5
10005d4c:	46b1      	mov	r9, r6
10005d4e:	45c8      	cmp	r8, r9
10005d50:	d303      	bcc.n	10005d5a <_vsnprintf+0x17a>
10005d52:	2301      	movs	r3, #1
10005d54:	425b      	negs	r3, r3
10005d56:	444b      	add	r3, r9
10005d58:	4698      	mov	r8, r3
10005d5a:	464b      	mov	r3, r9
10005d5c:	4642      	mov	r2, r8
10005d5e:	4659      	mov	r1, fp
10005d60:	2000      	movs	r0, #0
10005d62:	47d0      	blx	sl
10005d64:	0020      	movs	r0, r4
10005d66:	b025      	add	sp, #148	@ 0x94
10005d68:	bcf0      	pop	{r4, r5, r6, r7}
10005d6a:	46bb      	mov	fp, r7
10005d6c:	46b2      	mov	sl, r6
10005d6e:	46a9      	mov	r9, r5
10005d70:	46a0      	mov	r8, r4
10005d72:	bdf0      	pop	{r4, r5, r6, r7, pc}
10005d74:	0001      	movs	r1, r0
10005d76:	3969      	subs	r1, #105	@ 0x69
10005d78:	b2c9      	uxtb	r1, r1
10005d7a:	290f      	cmp	r1, #15
10005d7c:	d900      	bls.n	10005d80 <_vsnprintf+0x1a0>
10005d7e:	e750      	b.n	10005c22 <_vsnprintf+0x42>
10005d80:	2301      	movs	r3, #1
10005d82:	408b      	lsls	r3, r1
10005d84:	469c      	mov	ip, r3
10005d86:	4b6b      	ldr	r3, [pc, #428]	@ (10005f34 <_vsnprintf+0x354>)
10005d88:	4699      	mov	r9, r3
10005d8a:	4663      	mov	r3, ip
10005d8c:	464a      	mov	r2, r9
10005d8e:	4013      	ands	r3, r2
10005d90:	930f      	str	r3, [sp, #60]	@ 0x3c
10005d92:	4662      	mov	r2, ip
10005d94:	464b      	mov	r3, r9
10005d96:	421a      	tst	r2, r3
10005d98:	d000      	beq.n	10005d9c <_vsnprintf+0x1bc>
10005d9a:	e168      	b.n	1000606e <_vsnprintf+0x48e>
10005d9c:	290a      	cmp	r1, #10
10005d9e:	d056      	beq.n	10005e4e <_vsnprintf+0x26e>
10005da0:	2907      	cmp	r1, #7
10005da2:	d000      	beq.n	10005da6 <_vsnprintf+0x1c6>
10005da4:	e73d      	b.n	10005c22 <_vsnprintf+0x42>
10005da6:	9b0d      	ldr	r3, [sp, #52]	@ 0x34
10005da8:	cb02      	ldmia	r3!, {r1}
10005daa:	4698      	mov	r8, r3
10005dac:	2900      	cmp	r1, #0
10005dae:	d000      	beq.n	10005db2 <_vsnprintf+0x1d2>
10005db0:	e192      	b.n	100060d8 <_vsnprintf+0x4f8>
10005db2:	9b0b      	ldr	r3, [sp, #44]	@ 0x2c
10005db4:	2110      	movs	r1, #16
10005db6:	001a      	movs	r2, r3
10005db8:	438a      	bics	r2, r1
10005dba:	0010      	movs	r0, r2
10005dbc:	3111      	adds	r1, #17
10005dbe:	4308      	orrs	r0, r1
10005dc0:	4681      	mov	r9, r0
10005dc2:	2080      	movs	r0, #128	@ 0x80
10005dc4:	001a      	movs	r2, r3
10005dc6:	00c0      	lsls	r0, r0, #3
10005dc8:	4002      	ands	r2, r0
10005dca:	0011      	movs	r1, r2
10005dcc:	4203      	tst	r3, r0
10005dce:	d11c      	bne.n	10005e0a <_vsnprintf+0x22a>
10005dd0:	ab14      	add	r3, sp, #80	@ 0x50
10005dd2:	469c      	mov	ip, r3
10005dd4:	221f      	movs	r2, #31
10005dd6:	230f      	movs	r3, #15
10005dd8:	4462      	add	r2, ip
10005dda:	950d      	str	r5, [sp, #52]	@ 0x34
10005ddc:	469c      	mov	ip, r3
10005dde:	0015      	movs	r5, r2
10005de0:	9b0f      	ldr	r3, [sp, #60]	@ 0x3c
10005de2:	940b      	str	r4, [sp, #44]	@ 0x2c
10005de4:	e002      	b.n	10005dec <_vsnprintf+0x20c>
10005de6:	2b20      	cmp	r3, #32
10005de8:	d00c      	beq.n	10005e04 <_vsnprintf+0x224>
10005dea:	0011      	movs	r1, r2
10005dec:	4664      	mov	r4, ip
10005dee:	400c      	ands	r4, r1
10005df0:	0020      	movs	r0, r4
10005df2:	3037      	adds	r0, #55	@ 0x37
10005df4:	2c09      	cmp	r4, #9
10005df6:	d800      	bhi.n	10005dfa <_vsnprintf+0x21a>
10005df8:	3807      	subs	r0, #7
10005dfa:	3301      	adds	r3, #1
10005dfc:	54e8      	strb	r0, [r5, r3]
10005dfe:	090a      	lsrs	r2, r1, #4
10005e00:	290f      	cmp	r1, #15
10005e02:	d8f0      	bhi.n	10005de6 <_vsnprintf+0x206>
10005e04:	9c0b      	ldr	r4, [sp, #44]	@ 0x2c
10005e06:	9d0d      	ldr	r5, [sp, #52]	@ 0x34
10005e08:	930f      	str	r3, [sp, #60]	@ 0x3c
10005e0a:	464b      	mov	r3, r9
10005e0c:	2208      	movs	r2, #8
10005e0e:	9306      	str	r3, [sp, #24]
10005e10:	4653      	mov	r3, sl
10005e12:	9205      	str	r2, [sp, #20]
10005e14:	3208      	adds	r2, #8
10005e16:	9203      	str	r2, [sp, #12]
10005e18:	2200      	movs	r2, #0
10005e1a:	9304      	str	r3, [sp, #16]
10005e1c:	9b0f      	ldr	r3, [sp, #60]	@ 0x3c
10005e1e:	9202      	str	r2, [sp, #8]
10005e20:	9301      	str	r3, [sp, #4]
10005e22:	ab1c      	add	r3, sp, #112	@ 0x70
10005e24:	0022      	movs	r2, r4
10005e26:	9300      	str	r3, [sp, #0]
10005e28:	4659      	mov	r1, fp
10005e2a:	0033      	movs	r3, r6
10005e2c:	0028      	movs	r0, r5
10005e2e:	f7ff f98d 	bl	1000514c <_ntoa_format>
10005e32:	4643      	mov	r3, r8
10005e34:	0004      	movs	r4, r0
10005e36:	930d      	str	r3, [sp, #52]	@ 0x34
10005e38:	e6fa      	b.n	10005c30 <_vsnprintf+0x50>
10005e3a:	9b0d      	ldr	r3, [sp, #52]	@ 0x34
10005e3c:	cb04      	ldmia	r3!, {r2}
10005e3e:	4690      	mov	r8, r2
10005e40:	2a00      	cmp	r2, #0
10005e42:	db79      	blt.n	10005f38 <_vsnprintf+0x358>
10005e44:	7878      	ldrb	r0, [r7, #1]
10005e46:	930d      	str	r3, [sp, #52]	@ 0x34
10005e48:	000f      	movs	r7, r1
10005e4a:	3101      	adds	r1, #1
10005e4c:	e717      	b.n	10005c7e <_vsnprintf+0x9e>
10005e4e:	9b0d      	ldr	r3, [sp, #52]	@ 0x34
10005e50:	cb02      	ldmia	r3!, {r1}
10005e52:	9314      	str	r3, [sp, #80]	@ 0x50
10005e54:	780b      	ldrb	r3, [r1, #0]
10005e56:	469c      	mov	ip, r3
10005e58:	0018      	movs	r0, r3
10005e5a:	4653      	mov	r3, sl
10005e5c:	2b00      	cmp	r3, #0
10005e5e:	d100      	bne.n	10005e62 <_vsnprintf+0x282>
10005e60:	e134      	b.n	100060cc <_vsnprintf+0x4ec>
10005e62:	2800      	cmp	r0, #0
10005e64:	d015      	beq.n	10005e92 <_vsnprintf+0x2b2>
10005e66:	4653      	mov	r3, sl
10005e68:	3b01      	subs	r3, #1
10005e6a:	3301      	adds	r3, #1
10005e6c:	4699      	mov	r9, r3
10005e6e:	940d      	str	r4, [sp, #52]	@ 0x34
10005e70:	9c0b      	ldr	r4, [sp, #44]	@ 0x2c
10005e72:	4489      	add	r9, r1
10005e74:	464a      	mov	r2, r9
10005e76:	000b      	movs	r3, r1
10005e78:	46a1      	mov	r9, r4
10005e7a:	e001      	b.n	10005e80 <_vsnprintf+0x2a0>
10005e7c:	4293      	cmp	r3, r2
10005e7e:	d003      	beq.n	10005e88 <_vsnprintf+0x2a8>
10005e80:	785c      	ldrb	r4, [r3, #1]
10005e82:	3301      	adds	r3, #1
10005e84:	2c00      	cmp	r4, #0
10005e86:	d1f9      	bne.n	10005e7c <_vsnprintf+0x29c>
10005e88:	464a      	mov	r2, r9
10005e8a:	1a5b      	subs	r3, r3, r1
10005e8c:	9c0d      	ldr	r4, [sp, #52]	@ 0x34
10005e8e:	920b      	str	r2, [sp, #44]	@ 0x2c
10005e90:	930f      	str	r3, [sp, #60]	@ 0x3c
10005e92:	2380      	movs	r3, #128	@ 0x80
10005e94:	00db      	lsls	r3, r3, #3
10005e96:	4699      	mov	r9, r3
10005e98:	9a0b      	ldr	r2, [sp, #44]	@ 0x2c
10005e9a:	4013      	ands	r3, r2
10005e9c:	930d      	str	r3, [sp, #52]	@ 0x34
10005e9e:	464b      	mov	r3, r9
10005ea0:	421a      	tst	r2, r3
10005ea2:	d004      	beq.n	10005eae <_vsnprintf+0x2ce>
10005ea4:	9b0f      	ldr	r3, [sp, #60]	@ 0x3c
10005ea6:	4553      	cmp	r3, sl
10005ea8:	d901      	bls.n	10005eae <_vsnprintf+0x2ce>
10005eaa:	4653      	mov	r3, sl
10005eac:	930f      	str	r3, [sp, #60]	@ 0x3c
10005eae:	2302      	movs	r3, #2
10005eb0:	4699      	mov	r9, r3
10005eb2:	9a0b      	ldr	r2, [sp, #44]	@ 0x2c
10005eb4:	4013      	ands	r3, r2
10005eb6:	930b      	str	r3, [sp, #44]	@ 0x2c
10005eb8:	464b      	mov	r3, r9
10005eba:	4213      	tst	r3, r2
10005ebc:	d100      	bne.n	10005ec0 <_vsnprintf+0x2e0>
10005ebe:	e1f5      	b.n	100062ac <_vsnprintf+0x6cc>
10005ec0:	4663      	mov	r3, ip
10005ec2:	2b00      	cmp	r3, #0
10005ec4:	d100      	bne.n	10005ec8 <_vsnprintf+0x2e8>
10005ec6:	e1d6      	b.n	10006276 <_vsnprintf+0x696>
10005ec8:	9b0d      	ldr	r3, [sp, #52]	@ 0x34
10005eca:	2b00      	cmp	r3, #0
10005ecc:	d100      	bne.n	10005ed0 <_vsnprintf+0x2f0>
10005ece:	e182      	b.n	100061d6 <_vsnprintf+0x5f6>
10005ed0:	1b0b      	subs	r3, r1, r4
10005ed2:	46d1      	mov	r9, sl
10005ed4:	0031      	movs	r1, r6
10005ed6:	469a      	mov	sl, r3
10005ed8:	003b      	movs	r3, r7
10005eda:	44a1      	add	r9, r4
10005edc:	002e      	movs	r6, r5
10005ede:	465f      	mov	r7, fp
10005ee0:	464d      	mov	r5, r9
10005ee2:	0022      	movs	r2, r4
10005ee4:	469b      	mov	fp, r3
10005ee6:	4689      	mov	r9, r1
10005ee8:	e009      	b.n	10005efe <_vsnprintf+0x31e>
10005eea:	464b      	mov	r3, r9
10005eec:	0039      	movs	r1, r7
10005eee:	1c54      	adds	r4, r2, #1
10005ef0:	47b0      	blx	r6
10005ef2:	4653      	mov	r3, sl
10005ef4:	5d18      	ldrb	r0, [r3, r4]
10005ef6:	2800      	cmp	r0, #0
10005ef8:	d100      	bne.n	10005efc <_vsnprintf+0x31c>
10005efa:	e192      	b.n	10006222 <_vsnprintf+0x642>
10005efc:	0022      	movs	r2, r4
10005efe:	4295      	cmp	r5, r2
10005f00:	d1f3      	bne.n	10005eea <_vsnprintf+0x30a>
10005f02:	464b      	mov	r3, r9
10005f04:	465a      	mov	r2, fp
10005f06:	46a9      	mov	r9, r5
10005f08:	46bb      	mov	fp, r7
10005f0a:	0035      	movs	r5, r6
10005f0c:	0017      	movs	r7, r2
10005f0e:	001e      	movs	r6, r3
10005f10:	464c      	mov	r4, r9
10005f12:	9b0b      	ldr	r3, [sp, #44]	@ 0x2c
10005f14:	2b00      	cmp	r3, #0
10005f16:	d000      	beq.n	10005f1a <_vsnprintf+0x33a>
10005f18:	e1ad      	b.n	10006276 <_vsnprintf+0x696>
10005f1a:	9b14      	ldr	r3, [sp, #80]	@ 0x50
10005f1c:	930d      	str	r3, [sp, #52]	@ 0x34
10005f1e:	e687      	b.n	10005c30 <_vsnprintf+0x50>
10005f20:	10005be1 	.word	0x10005be1
10005f24:	20000c44 	.word	0x20000c44
10005f28:	1005fb38 	.word	0x1005fb38
10005f2c:	1005fb7c 	.word	0x1005fb7c
10005f30:	1005fbc8 	.word	0x1005fbc8
10005f34:	00009041 	.word	0x00009041
10005f38:	9a0b      	ldr	r2, [sp, #44]	@ 0x2c
10005f3a:	3828      	subs	r0, #40	@ 0x28
10005f3c:	4302      	orrs	r2, r0
10005f3e:	920b      	str	r2, [sp, #44]	@ 0x2c
10005f40:	4642      	mov	r2, r8
10005f42:	4252      	negs	r2, r2
10005f44:	7878      	ldrb	r0, [r7, #1]
10005f46:	4690      	mov	r8, r2
10005f48:	000f      	movs	r7, r1
10005f4a:	930d      	str	r3, [sp, #52]	@ 0x34
10005f4c:	3101      	adds	r1, #1
10005f4e:	e696      	b.n	10005c7e <_vsnprintf+0x9e>
10005f50:	7878      	ldrb	r0, [r7, #1]
10005f52:	286c      	cmp	r0, #108	@ 0x6c
10005f54:	d100      	bne.n	10005f58 <_vsnprintf+0x378>
10005f56:	e15d      	b.n	10006214 <_vsnprintf+0x634>
10005f58:	2380      	movs	r3, #128	@ 0x80
10005f5a:	9a0b      	ldr	r2, [sp, #44]	@ 0x2c
10005f5c:	005b      	lsls	r3, r3, #1
10005f5e:	431a      	orrs	r2, r3
10005f60:	920b      	str	r2, [sp, #44]	@ 0x2c
10005f62:	3101      	adds	r1, #1
10005f64:	e6b3      	b.n	10005cce <_vsnprintf+0xee>
10005f66:	2380      	movs	r3, #128	@ 0x80
10005f68:	009b      	lsls	r3, r3, #2
10005f6a:	e6ab      	b.n	10005cc4 <_vsnprintf+0xe4>
10005f6c:	7878      	ldrb	r0, [r7, #1]
10005f6e:	2868      	cmp	r0, #104	@ 0x68
10005f70:	d100      	bne.n	10005f74 <_vsnprintf+0x394>
10005f72:	e148      	b.n	10006206 <_vsnprintf+0x626>
10005f74:	2380      	movs	r3, #128	@ 0x80
10005f76:	9a0b      	ldr	r2, [sp, #44]	@ 0x2c
10005f78:	3101      	adds	r1, #1
10005f7a:	431a      	orrs	r2, r3
10005f7c:	920b      	str	r2, [sp, #44]	@ 0x2c
10005f7e:	e6a6      	b.n	10005cce <_vsnprintf+0xee>
10005f80:	2867      	cmp	r0, #103	@ 0x67
10005f82:	d100      	bne.n	10005f86 <_vsnprintf+0x3a6>
10005f84:	e0b2      	b.n	100060ec <_vsnprintf+0x50c>
10005f86:	2847      	cmp	r0, #71	@ 0x47
10005f88:	d100      	bne.n	10005f8c <_vsnprintf+0x3ac>
10005f8a:	e11a      	b.n	100061c2 <_vsnprintf+0x5e2>
10005f8c:	2845      	cmp	r0, #69	@ 0x45
10005f8e:	d100      	bne.n	10005f92 <_vsnprintf+0x3b2>
10005f90:	e11c      	b.n	100061cc <_vsnprintf+0x5ec>
10005f92:	9a0b      	ldr	r2, [sp, #44]	@ 0x2c
10005f94:	2107      	movs	r1, #7
10005f96:	9204      	str	r2, [sp, #16]
10005f98:	4642      	mov	r2, r8
10005f9a:	9b0d      	ldr	r3, [sp, #52]	@ 0x34
10005f9c:	9203      	str	r2, [sp, #12]
10005f9e:	3307      	adds	r3, #7
10005fa0:	4652      	mov	r2, sl
10005fa2:	438b      	bics	r3, r1
10005fa4:	0019      	movs	r1, r3
10005fa6:	9202      	str	r2, [sp, #8]
10005fa8:	c90c      	ldmia	r1!, {r2, r3}
10005faa:	0028      	movs	r0, r5
10005fac:	9200      	str	r2, [sp, #0]
10005fae:	9301      	str	r3, [sp, #4]
10005fb0:	910d      	str	r1, [sp, #52]	@ 0x34
10005fb2:	0022      	movs	r2, r4
10005fb4:	0033      	movs	r3, r6
10005fb6:	4659      	mov	r1, fp
10005fb8:	f7ff fa00 	bl	100053bc <_etoa>
10005fbc:	0004      	movs	r4, r0
10005fbe:	e637      	b.n	10005c30 <_vsnprintf+0x50>
10005fc0:	2846      	cmp	r0, #70	@ 0x46
10005fc2:	d100      	bne.n	10005fc6 <_vsnprintf+0x3e6>
10005fc4:	e08d      	b.n	100060e2 <_vsnprintf+0x502>
10005fc6:	9a0b      	ldr	r2, [sp, #44]	@ 0x2c
10005fc8:	2107      	movs	r1, #7
10005fca:	9204      	str	r2, [sp, #16]
10005fcc:	4642      	mov	r2, r8
10005fce:	9b0d      	ldr	r3, [sp, #52]	@ 0x34
10005fd0:	9203      	str	r2, [sp, #12]
10005fd2:	3307      	adds	r3, #7
10005fd4:	4652      	mov	r2, sl
10005fd6:	438b      	bics	r3, r1
10005fd8:	0019      	movs	r1, r3
10005fda:	9202      	str	r2, [sp, #8]
10005fdc:	c90c      	ldmia	r1!, {r2, r3}
10005fde:	0028      	movs	r0, r5
10005fe0:	9200      	str	r2, [sp, #0]
10005fe2:	9301      	str	r3, [sp, #4]
10005fe4:	910d      	str	r1, [sp, #52]	@ 0x34
10005fe6:	0022      	movs	r2, r4
10005fe8:	0033      	movs	r3, r6
10005fea:	4659      	mov	r1, fp
10005fec:	f7ff fc18 	bl	10005820 <_ftoa>
10005ff0:	0004      	movs	r4, r0
10005ff2:	e61d      	b.n	10005c30 <_vsnprintf+0x50>
10005ff4:	1c63      	adds	r3, r4, #1
10005ff6:	4698      	mov	r8, r3
10005ff8:	0022      	movs	r2, r4
10005ffa:	0033      	movs	r3, r6
10005ffc:	4659      	mov	r1, fp
10005ffe:	2025      	movs	r0, #37	@ 0x25
10006000:	47a8      	blx	r5
10006002:	4644      	mov	r4, r8
10006004:	e614      	b.n	10005c30 <_vsnprintf+0x50>
10006006:	9b0d      	ldr	r3, [sp, #52]	@ 0x34
10006008:	3304      	adds	r3, #4
1000600a:	930f      	str	r3, [sp, #60]	@ 0x3c
1000600c:	1c63      	adds	r3, r4, #1
1000600e:	4699      	mov	r9, r3
10006010:	9b0b      	ldr	r3, [sp, #44]	@ 0x2c
10006012:	079a      	lsls	r2, r3, #30
10006014:	d400      	bmi.n	10006018 <_vsnprintf+0x438>
10006016:	e10a      	b.n	1000622e <_vsnprintf+0x64e>
10006018:	9b0d      	ldr	r3, [sp, #52]	@ 0x34
1000601a:	0022      	movs	r2, r4
1000601c:	7818      	ldrb	r0, [r3, #0]
1000601e:	4659      	mov	r1, fp
10006020:	0033      	movs	r3, r6
10006022:	47a8      	blx	r5
10006024:	4643      	mov	r3, r8
10006026:	4444      	add	r4, r8
10006028:	2b01      	cmp	r3, #1
1000602a:	d800      	bhi.n	1000602e <_vsnprintf+0x44e>
1000602c:	e16f      	b.n	1000630e <_vsnprintf+0x72e>
1000602e:	46b0      	mov	r8, r6
10006030:	002e      	movs	r6, r5
10006032:	0025      	movs	r5, r4
10006034:	464c      	mov	r4, r9
10006036:	46b9      	mov	r9, r7
10006038:	465f      	mov	r7, fp
1000603a:	0022      	movs	r2, r4
1000603c:	4643      	mov	r3, r8
1000603e:	3401      	adds	r4, #1
10006040:	0039      	movs	r1, r7
10006042:	2020      	movs	r0, #32
10006044:	47b0      	blx	r6
10006046:	42ac      	cmp	r4, r5
10006048:	d1f7      	bne.n	1000603a <_vsnprintf+0x45a>
1000604a:	002c      	movs	r4, r5
1000604c:	46bb      	mov	fp, r7
1000604e:	0035      	movs	r5, r6
10006050:	464f      	mov	r7, r9
10006052:	4646      	mov	r6, r8
10006054:	9b0f      	ldr	r3, [sp, #60]	@ 0x3c
10006056:	930d      	str	r3, [sp, #52]	@ 0x34
10006058:	e5ea      	b.n	10005c30 <_vsnprintf+0x50>
1000605a:	4bd6      	ldr	r3, [pc, #856]	@ (100063b4 <_vsnprintf+0x7d4>)
1000605c:	7838      	ldrb	r0, [r7, #0]
1000605e:	469a      	mov	sl, r3
10006060:	2300      	movs	r3, #0
10006062:	4698      	mov	r8, r3
10006064:	2800      	cmp	r0, #0
10006066:	d000      	beq.n	1000606a <_vsnprintf+0x48a>
10006068:	e5d3      	b.n	10005c12 <_vsnprintf+0x32>
1000606a:	2400      	movs	r4, #0
1000606c:	e66f      	b.n	10005d4e <_vsnprintf+0x16e>
1000606e:	286f      	cmp	r0, #111	@ 0x6f
10006070:	d042      	beq.n	100060f8 <_vsnprintf+0x518>
10006072:	d800      	bhi.n	10006076 <_vsnprintf+0x496>
10006074:	e1fd      	b.n	10006472 <_vsnprintf+0x892>
10006076:	2310      	movs	r3, #16
10006078:	2878      	cmp	r0, #120	@ 0x78
1000607a:	d100      	bne.n	1000607e <_vsnprintf+0x49e>
1000607c:	e09b      	b.n	100061b6 <_vsnprintf+0x5d6>
1000607e:	9a0b      	ldr	r2, [sp, #44]	@ 0x2c
10006080:	439a      	bics	r2, r3
10006082:	920b      	str	r2, [sp, #44]	@ 0x2c
10006084:	230a      	movs	r3, #10
10006086:	469c      	mov	ip, r3
10006088:	2300      	movs	r3, #0
1000608a:	9314      	str	r3, [sp, #80]	@ 0x50
1000608c:	330a      	adds	r3, #10
1000608e:	930f      	str	r3, [sp, #60]	@ 0x3c
10006090:	e038      	b.n	10006104 <_vsnprintf+0x524>
10006092:	4657      	mov	r7, sl
10006094:	9a0b      	ldr	r2, [sp, #44]	@ 0x2c
10006096:	00b9      	lsls	r1, r7, #2
10006098:	19c9      	adds	r1, r1, r7
1000609a:	0049      	lsls	r1, r1, #1
1000609c:	3301      	adds	r3, #1
1000609e:	180f      	adds	r7, r1, r0
100060a0:	7818      	ldrb	r0, [r3, #0]
100060a2:	3f30      	subs	r7, #48	@ 0x30
100060a4:	0001      	movs	r1, r0
100060a6:	3930      	subs	r1, #48	@ 0x30
100060a8:	2909      	cmp	r1, #9
100060aa:	d9f4      	bls.n	10006096 <_vsnprintf+0x4b6>
100060ac:	46ba      	mov	sl, r7
100060ae:	920b      	str	r2, [sp, #44]	@ 0x2c
100060b0:	001f      	movs	r7, r3
100060b2:	1c59      	adds	r1, r3, #1
100060b4:	e5e7      	b.n	10005c86 <_vsnprintf+0xa6>
100060b6:	9b0d      	ldr	r3, [sp, #52]	@ 0x34
100060b8:	78b8      	ldrb	r0, [r7, #2]
100060ba:	cb04      	ldmia	r3!, {r2}
100060bc:	3702      	adds	r7, #2
100060be:	43d1      	mvns	r1, r2
100060c0:	17c9      	asrs	r1, r1, #31
100060c2:	400a      	ands	r2, r1
100060c4:	4692      	mov	sl, r2
100060c6:	930d      	str	r3, [sp, #52]	@ 0x34
100060c8:	1c79      	adds	r1, r7, #1
100060ca:	e5dc      	b.n	10005c86 <_vsnprintf+0xa6>
100060cc:	2800      	cmp	r0, #0
100060ce:	d100      	bne.n	100060d2 <_vsnprintf+0x4f2>
100060d0:	e6df      	b.n	10005e92 <_vsnprintf+0x2b2>
100060d2:	2302      	movs	r3, #2
100060d4:	425b      	negs	r3, r3
100060d6:	e6c8      	b.n	10005e6a <_vsnprintf+0x28a>
100060d8:	2021      	movs	r0, #33	@ 0x21
100060da:	9a0b      	ldr	r2, [sp, #44]	@ 0x2c
100060dc:	4302      	orrs	r2, r0
100060de:	4691      	mov	r9, r2
100060e0:	e676      	b.n	10005dd0 <_vsnprintf+0x1f0>
100060e2:	2320      	movs	r3, #32
100060e4:	9a0b      	ldr	r2, [sp, #44]	@ 0x2c
100060e6:	431a      	orrs	r2, r3
100060e8:	920b      	str	r2, [sp, #44]	@ 0x2c
100060ea:	e76c      	b.n	10005fc6 <_vsnprintf+0x3e6>
100060ec:	2380      	movs	r3, #128	@ 0x80
100060ee:	9a0b      	ldr	r2, [sp, #44]	@ 0x2c
100060f0:	011b      	lsls	r3, r3, #4
100060f2:	431a      	orrs	r2, r3
100060f4:	920b      	str	r2, [sp, #44]	@ 0x2c
100060f6:	e74c      	b.n	10005f92 <_vsnprintf+0x3b2>
100060f8:	2308      	movs	r3, #8
100060fa:	469c      	mov	ip, r3
100060fc:	2300      	movs	r3, #0
100060fe:	9314      	str	r3, [sp, #80]	@ 0x50
10006100:	3308      	adds	r3, #8
10006102:	930f      	str	r3, [sp, #60]	@ 0x3c
10006104:	980b      	ldr	r0, [sp, #44]	@ 0x2c
10006106:	2380      	movs	r3, #128	@ 0x80
10006108:	0002      	movs	r2, r0
1000610a:	00db      	lsls	r3, r3, #3
1000610c:	401a      	ands	r2, r3
1000610e:	0011      	movs	r1, r2
10006110:	0002      	movs	r2, r0
10006112:	4218      	tst	r0, r3
10006114:	d000      	beq.n	10006118 <_vsnprintf+0x538>
10006116:	e080      	b.n	1000621a <_vsnprintf+0x63a>
10006118:	230c      	movs	r3, #12
1000611a:	439a      	bics	r2, r3
1000611c:	0010      	movs	r0, r2
1000611e:	2380      	movs	r3, #128	@ 0x80
10006120:	0002      	movs	r2, r0
10006122:	009b      	lsls	r3, r3, #2
10006124:	401a      	ands	r2, r3
10006126:	920b      	str	r2, [sp, #44]	@ 0x2c
10006128:	4218      	tst	r0, r3
1000612a:	d000      	beq.n	1000612e <_vsnprintf+0x54e>
1000612c:	e0f1      	b.n	10006312 <_vsnprintf+0x732>
1000612e:	2380      	movs	r3, #128	@ 0x80
10006130:	0002      	movs	r2, r0
10006132:	005b      	lsls	r3, r3, #1
10006134:	401a      	ands	r2, r3
10006136:	4691      	mov	r9, r2
10006138:	9a0d      	ldr	r2, [sp, #52]	@ 0x34
1000613a:	3204      	adds	r2, #4
1000613c:	9214      	str	r2, [sp, #80]	@ 0x50
1000613e:	4218      	tst	r0, r3
10006140:	d000      	beq.n	10006144 <_vsnprintf+0x564>
10006142:	e2c3      	b.n	100066cc <_vsnprintf+0xaec>
10006144:	0643      	lsls	r3, r0, #25
10006146:	d500      	bpl.n	1000614a <_vsnprintf+0x56a>
10006148:	e0d7      	b.n	100062fa <_vsnprintf+0x71a>
1000614a:	0603      	lsls	r3, r0, #24
1000614c:	d400      	bmi.n	10006150 <_vsnprintf+0x570>
1000614e:	e321      	b.n	10006794 <_vsnprintf+0xbb4>
10006150:	9b0d      	ldr	r3, [sp, #52]	@ 0x34
10006152:	881b      	ldrh	r3, [r3, #0]
10006154:	9309      	str	r3, [sp, #36]	@ 0x24
10006156:	2b00      	cmp	r3, #0
10006158:	d000      	beq.n	1000615c <_vsnprintf+0x57c>
1000615a:	e12d      	b.n	100063b8 <_vsnprintf+0x7d8>
1000615c:	3310      	adds	r3, #16
1000615e:	4398      	bics	r0, r3
10006160:	2900      	cmp	r1, #0
10006162:	d100      	bne.n	10006166 <_vsnprintf+0x586>
10006164:	e128      	b.n	100063b8 <_vsnprintf+0x7d8>
10006166:	2300      	movs	r3, #0
10006168:	4699      	mov	r9, r3
1000616a:	4643      	mov	r3, r8
1000616c:	9305      	str	r3, [sp, #20]
1000616e:	4653      	mov	r3, sl
10006170:	9304      	str	r3, [sp, #16]
10006172:	9b0f      	ldr	r3, [sp, #60]	@ 0x3c
10006174:	9006      	str	r0, [sp, #24]
10006176:	9303      	str	r3, [sp, #12]
10006178:	2300      	movs	r3, #0
1000617a:	9302      	str	r3, [sp, #8]
1000617c:	464b      	mov	r3, r9
1000617e:	9301      	str	r3, [sp, #4]
10006180:	ab1c      	add	r3, sp, #112	@ 0x70
10006182:	0022      	movs	r2, r4
10006184:	9300      	str	r3, [sp, #0]
10006186:	4659      	mov	r1, fp
10006188:	0033      	movs	r3, r6
1000618a:	0028      	movs	r0, r5
1000618c:	f7fe ffde 	bl	1000514c <_ntoa_format>
10006190:	0004      	movs	r4, r0
10006192:	e6c2      	b.n	10005f1a <_vsnprintf+0x33a>
10006194:	2858      	cmp	r0, #88	@ 0x58
10006196:	d009      	beq.n	100061ac <_vsnprintf+0x5cc>
10006198:	2862      	cmp	r0, #98	@ 0x62
1000619a:	d000      	beq.n	1000619e <_vsnprintf+0x5be>
1000619c:	e2e3      	b.n	10006766 <_vsnprintf+0xb86>
1000619e:	2302      	movs	r3, #2
100061a0:	469c      	mov	ip, r3
100061a2:	2300      	movs	r3, #0
100061a4:	9314      	str	r3, [sp, #80]	@ 0x50
100061a6:	3302      	adds	r3, #2
100061a8:	930f      	str	r3, [sp, #60]	@ 0x3c
100061aa:	e7ab      	b.n	10006104 <_vsnprintf+0x524>
100061ac:	2320      	movs	r3, #32
100061ae:	9a0b      	ldr	r2, [sp, #44]	@ 0x2c
100061b0:	431a      	orrs	r2, r3
100061b2:	920b      	str	r2, [sp, #44]	@ 0x2c
100061b4:	3b10      	subs	r3, #16
100061b6:	469c      	mov	ip, r3
100061b8:	2300      	movs	r3, #0
100061ba:	9314      	str	r3, [sp, #80]	@ 0x50
100061bc:	3310      	adds	r3, #16
100061be:	930f      	str	r3, [sp, #60]	@ 0x3c
100061c0:	e7a0      	b.n	10006104 <_vsnprintf+0x524>
100061c2:	2380      	movs	r3, #128	@ 0x80
100061c4:	9a0b      	ldr	r2, [sp, #44]	@ 0x2c
100061c6:	011b      	lsls	r3, r3, #4
100061c8:	431a      	orrs	r2, r3
100061ca:	920b      	str	r2, [sp, #44]	@ 0x2c
100061cc:	2320      	movs	r3, #32
100061ce:	9a0b      	ldr	r2, [sp, #44]	@ 0x2c
100061d0:	431a      	orrs	r2, r3
100061d2:	920b      	str	r2, [sp, #44]	@ 0x2c
100061d4:	e6dd      	b.n	10005f92 <_vsnprintf+0x3b2>
100061d6:	1b0b      	subs	r3, r1, r4
100061d8:	469a      	mov	sl, r3
100061da:	9b0f      	ldr	r3, [sp, #60]	@ 0x3c
100061dc:	4699      	mov	r9, r3
100061de:	003b      	movs	r3, r7
100061e0:	0037      	movs	r7, r6
100061e2:	465e      	mov	r6, fp
100061e4:	469b      	mov	fp, r3
100061e6:	0022      	movs	r2, r4
100061e8:	003b      	movs	r3, r7
100061ea:	0031      	movs	r1, r6
100061ec:	47a8      	blx	r5
100061ee:	4653      	mov	r3, sl
100061f0:	3401      	adds	r4, #1
100061f2:	5d18      	ldrb	r0, [r3, r4]
100061f4:	2800      	cmp	r0, #0
100061f6:	d1f6      	bne.n	100061e6 <_vsnprintf+0x606>
100061f8:	464b      	mov	r3, r9
100061fa:	930f      	str	r3, [sp, #60]	@ 0x3c
100061fc:	465b      	mov	r3, fp
100061fe:	46b3      	mov	fp, r6
10006200:	003e      	movs	r6, r7
10006202:	001f      	movs	r7, r3
10006204:	e685      	b.n	10005f12 <_vsnprintf+0x332>
10006206:	23c0      	movs	r3, #192	@ 0xc0
10006208:	9a0b      	ldr	r2, [sp, #44]	@ 0x2c
1000620a:	78b8      	ldrb	r0, [r7, #2]
1000620c:	431a      	orrs	r2, r3
1000620e:	920b      	str	r2, [sp, #44]	@ 0x2c
10006210:	1cf9      	adds	r1, r7, #3
10006212:	e55c      	b.n	10005cce <_vsnprintf+0xee>
10006214:	23c0      	movs	r3, #192	@ 0xc0
10006216:	009b      	lsls	r3, r3, #2
10006218:	e7f6      	b.n	10006208 <_vsnprintf+0x628>
1000621a:	230d      	movs	r3, #13
1000621c:	439a      	bics	r2, r3
1000621e:	0010      	movs	r0, r2
10006220:	e77d      	b.n	1000611e <_vsnprintf+0x53e>
10006222:	465b      	mov	r3, fp
10006224:	0035      	movs	r5, r6
10006226:	46bb      	mov	fp, r7
10006228:	464e      	mov	r6, r9
1000622a:	001f      	movs	r7, r3
1000622c:	e671      	b.n	10005f12 <_vsnprintf+0x332>
1000622e:	4643      	mov	r3, r8
10006230:	2b01      	cmp	r3, #1
10006232:	d966      	bls.n	10006302 <_vsnprintf+0x722>
10006234:	1e63      	subs	r3, r4, #1
10006236:	4443      	add	r3, r8
10006238:	0032      	movs	r2, r6
1000623a:	002e      	movs	r6, r5
1000623c:	001d      	movs	r5, r3
1000623e:	003b      	movs	r3, r7
10006240:	46a2      	mov	sl, r4
10006242:	465f      	mov	r7, fp
10006244:	4691      	mov	r9, r2
10006246:	469b      	mov	fp, r3
10006248:	0022      	movs	r2, r4
1000624a:	464b      	mov	r3, r9
1000624c:	3401      	adds	r4, #1
1000624e:	0039      	movs	r1, r7
10006250:	2020      	movs	r0, #32
10006252:	47b0      	blx	r6
10006254:	42ac      	cmp	r4, r5
10006256:	d1f7      	bne.n	10006248 <_vsnprintf+0x668>
10006258:	465b      	mov	r3, fp
1000625a:	0035      	movs	r5, r6
1000625c:	46bb      	mov	fp, r7
1000625e:	464e      	mov	r6, r9
10006260:	46a1      	mov	r9, r4
10006262:	4654      	mov	r4, sl
10006264:	001f      	movs	r7, r3
10006266:	9b0d      	ldr	r3, [sp, #52]	@ 0x34
10006268:	464a      	mov	r2, r9
1000626a:	7818      	ldrb	r0, [r3, #0]
1000626c:	4659      	mov	r1, fp
1000626e:	0033      	movs	r3, r6
10006270:	4444      	add	r4, r8
10006272:	47a8      	blx	r5
10006274:	e6ee      	b.n	10006054 <_vsnprintf+0x474>
10006276:	9b0f      	ldr	r3, [sp, #60]	@ 0x3c
10006278:	46a1      	mov	r9, r4
1000627a:	4598      	cmp	r8, r3
1000627c:	d800      	bhi.n	10006280 <_vsnprintf+0x6a0>
1000627e:	e64c      	b.n	10005f1a <_vsnprintf+0x33a>
10006280:	4444      	add	r4, r8
10006282:	1ae4      	subs	r4, r4, r3
10006284:	46b0      	mov	r8, r6
10006286:	002e      	movs	r6, r5
10006288:	0025      	movs	r5, r4
1000628a:	464c      	mov	r4, r9
1000628c:	46b9      	mov	r9, r7
1000628e:	465f      	mov	r7, fp
10006290:	0022      	movs	r2, r4
10006292:	4643      	mov	r3, r8
10006294:	3401      	adds	r4, #1
10006296:	0039      	movs	r1, r7
10006298:	2020      	movs	r0, #32
1000629a:	47b0      	blx	r6
1000629c:	42ac      	cmp	r4, r5
1000629e:	d1f7      	bne.n	10006290 <_vsnprintf+0x6b0>
100062a0:	002c      	movs	r4, r5
100062a2:	46bb      	mov	fp, r7
100062a4:	0035      	movs	r5, r6
100062a6:	464f      	mov	r7, r9
100062a8:	4646      	mov	r6, r8
100062aa:	e636      	b.n	10005f1a <_vsnprintf+0x33a>
100062ac:	980f      	ldr	r0, [sp, #60]	@ 0x3c
100062ae:	4580      	cmp	r8, r0
100062b0:	d800      	bhi.n	100062b4 <_vsnprintf+0x6d4>
100062b2:	e273      	b.n	1000679c <_vsnprintf+0xbbc>
100062b4:	4643      	mov	r3, r8
100062b6:	18e2      	adds	r2, r4, r3
100062b8:	1a13      	subs	r3, r2, r0
100062ba:	0032      	movs	r2, r6
100062bc:	002e      	movs	r6, r5
100062be:	001d      	movs	r5, r3
100062c0:	003b      	movs	r3, r7
100062c2:	4691      	mov	r9, r2
100062c4:	465f      	mov	r7, fp
100062c6:	469b      	mov	fp, r3
100062c8:	910f      	str	r1, [sp, #60]	@ 0x3c
100062ca:	0022      	movs	r2, r4
100062cc:	464b      	mov	r3, r9
100062ce:	3401      	adds	r4, #1
100062d0:	0039      	movs	r1, r7
100062d2:	2020      	movs	r0, #32
100062d4:	47b0      	blx	r6
100062d6:	42ac      	cmp	r4, r5
100062d8:	d1f7      	bne.n	100062ca <_vsnprintf+0x6ea>
100062da:	465b      	mov	r3, fp
100062dc:	46bb      	mov	fp, r7
100062de:	001f      	movs	r7, r3
100062e0:	4643      	mov	r3, r8
100062e2:	990f      	ldr	r1, [sp, #60]	@ 0x3c
100062e4:	3301      	adds	r3, #1
100062e6:	930f      	str	r3, [sp, #60]	@ 0x3c
100062e8:	780b      	ldrb	r3, [r1, #0]
100062ea:	0035      	movs	r5, r6
100062ec:	469c      	mov	ip, r3
100062ee:	464e      	mov	r6, r9
100062f0:	4660      	mov	r0, ip
100062f2:	2800      	cmp	r0, #0
100062f4:	d000      	beq.n	100062f8 <_vsnprintf+0x718>
100062f6:	e5e7      	b.n	10005ec8 <_vsnprintf+0x2e8>
100062f8:	e60f      	b.n	10005f1a <_vsnprintf+0x33a>
100062fa:	9b0d      	ldr	r3, [sp, #52]	@ 0x34
100062fc:	781b      	ldrb	r3, [r3, #0]
100062fe:	9309      	str	r3, [sp, #36]	@ 0x24
10006300:	e729      	b.n	10006156 <_vsnprintf+0x576>
10006302:	9b0d      	ldr	r3, [sp, #52]	@ 0x34
10006304:	0022      	movs	r2, r4
10006306:	7818      	ldrb	r0, [r3, #0]
10006308:	4659      	mov	r1, fp
1000630a:	0033      	movs	r3, r6
1000630c:	47a8      	blx	r5
1000630e:	464c      	mov	r4, r9
10006310:	e6a0      	b.n	10006054 <_vsnprintf+0x474>
10006312:	9a0d      	ldr	r2, [sp, #52]	@ 0x34
10006314:	3bfa      	subs	r3, #250	@ 0xfa
10006316:	3bff      	subs	r3, #255	@ 0xff
10006318:	3207      	adds	r2, #7
1000631a:	439a      	bics	r2, r3
1000631c:	3301      	adds	r3, #1
1000631e:	4699      	mov	r9, r3
10006320:	4491      	add	r9, r2
10006322:	464b      	mov	r3, r9
10006324:	930d      	str	r3, [sp, #52]	@ 0x34
10006326:	6813      	ldr	r3, [r2, #0]
10006328:	6852      	ldr	r2, [r2, #4]
1000632a:	9215      	str	r2, [sp, #84]	@ 0x54
1000632c:	431a      	orrs	r2, r3
1000632e:	d106      	bne.n	1000633e <_vsnprintf+0x75e>
10006330:	3210      	adds	r2, #16
10006332:	4390      	bics	r0, r2
10006334:	2200      	movs	r2, #0
10006336:	9209      	str	r2, [sp, #36]	@ 0x24
10006338:	2900      	cmp	r1, #0
1000633a:	d000      	beq.n	1000633e <_vsnprintf+0x75e>
1000633c:	e083      	b.n	10006446 <_vsnprintf+0x866>
1000633e:	2261      	movs	r2, #97	@ 0x61
10006340:	0681      	lsls	r1, r0, #26
10006342:	d500      	bpl.n	10006346 <_vsnprintf+0x766>
10006344:	2241      	movs	r2, #65	@ 0x41
10006346:	b2d2      	uxtb	r2, r2
10006348:	920a      	str	r2, [sp, #40]	@ 0x28
1000634a:	aa14      	add	r2, sp, #80	@ 0x50
1000634c:	4691      	mov	r9, r2
1000634e:	9a0a      	ldr	r2, [sp, #40]	@ 0x28
10006350:	2100      	movs	r1, #0
10006352:	3a0a      	subs	r2, #10
10006354:	920b      	str	r2, [sp, #44]	@ 0x2c
10006356:	4642      	mov	r2, r8
10006358:	9217      	str	r2, [sp, #92]	@ 0x5c
1000635a:	4652      	mov	r2, sl
1000635c:	9218      	str	r2, [sp, #96]	@ 0x60
1000635e:	465a      	mov	r2, fp
10006360:	46b2      	mov	sl, r6
10006362:	9109      	str	r1, [sp, #36]	@ 0x24
10006364:	001e      	movs	r6, r3
10006366:	311f      	adds	r1, #31
10006368:	9b14      	ldr	r3, [sp, #80]	@ 0x50
1000636a:	4449      	add	r1, r9
1000636c:	46bb      	mov	fp, r7
1000636e:	9416      	str	r4, [sp, #88]	@ 0x58
10006370:	951a      	str	r5, [sp, #104]	@ 0x68
10006372:	2400      	movs	r4, #0
10006374:	4667      	mov	r7, ip
10006376:	4698      	mov	r8, r3
10006378:	4689      	mov	r9, r1
1000637a:	9d15      	ldr	r5, [sp, #84]	@ 0x54
1000637c:	9019      	str	r0, [sp, #100]	@ 0x64
1000637e:	921b      	str	r2, [sp, #108]	@ 0x6c
10006380:	e00a      	b.n	10006398 <_vsnprintf+0x7b8>
10006382:	3230      	adds	r2, #48	@ 0x30
10006384:	b2d2      	uxtb	r2, r2
10006386:	464b      	mov	r3, r9
10006388:	3401      	adds	r4, #1
1000638a:	551a      	strb	r2, [r3, r4]
1000638c:	45a8      	cmp	r8, r5
1000638e:	d04c      	beq.n	1000642a <_vsnprintf+0x84a>
10006390:	2c20      	cmp	r4, #32
10006392:	d04c      	beq.n	1000642e <_vsnprintf+0x84e>
10006394:	0006      	movs	r6, r0
10006396:	000d      	movs	r5, r1
10006398:	003a      	movs	r2, r7
1000639a:	2300      	movs	r3, #0
1000639c:	0030      	movs	r0, r6
1000639e:	0029      	movs	r1, r5
100063a0:	f7fe f82a 	bl	100043f8 <__wrap___aeabi_uldivmod>
100063a4:	b2d2      	uxtb	r2, r2
100063a6:	2a09      	cmp	r2, #9
100063a8:	d9eb      	bls.n	10006382 <_vsnprintf+0x7a2>
100063aa:	9b0b      	ldr	r3, [sp, #44]	@ 0x2c
100063ac:	469c      	mov	ip, r3
100063ae:	4462      	add	r2, ip
100063b0:	b2d2      	uxtb	r2, r2
100063b2:	e7e8      	b.n	10006386 <_vsnprintf+0x7a6>
100063b4:	1000509d 	.word	0x1000509d
100063b8:	2361      	movs	r3, #97	@ 0x61
100063ba:	0682      	lsls	r2, r0, #26
100063bc:	d500      	bpl.n	100063c0 <_vsnprintf+0x7e0>
100063be:	2341      	movs	r3, #65	@ 0x41
100063c0:	b2db      	uxtb	r3, r3
100063c2:	3b0a      	subs	r3, #10
100063c4:	930b      	str	r3, [sp, #44]	@ 0x2c
100063c6:	4643      	mov	r3, r8
100063c8:	a914      	add	r1, sp, #80	@ 0x50
100063ca:	221f      	movs	r2, #31
100063cc:	468c      	mov	ip, r1
100063ce:	9315      	str	r3, [sp, #84]	@ 0x54
100063d0:	4653      	mov	r3, sl
100063d2:	4462      	add	r2, ip
100063d4:	46b2      	mov	sl, r6
100063d6:	940d      	str	r4, [sp, #52]	@ 0x34
100063d8:	9717      	str	r7, [sp, #92]	@ 0x5c
100063da:	464c      	mov	r4, r9
100063dc:	4680      	mov	r8, r0
100063de:	46a9      	mov	r9, r5
100063e0:	0017      	movs	r7, r2
100063e2:	9d09      	ldr	r5, [sp, #36]	@ 0x24
100063e4:	9e0f      	ldr	r6, [sp, #60]	@ 0x3c
100063e6:	9316      	str	r3, [sp, #88]	@ 0x58
100063e8:	e008      	b.n	100063fc <_vsnprintf+0x81c>
100063ea:	3330      	adds	r3, #48	@ 0x30
100063ec:	b2db      	uxtb	r3, r3
100063ee:	3401      	adds	r4, #1
100063f0:	553b      	strb	r3, [r7, r4]
100063f2:	42b5      	cmp	r5, r6
100063f4:	d30e      	bcc.n	10006414 <_vsnprintf+0x834>
100063f6:	2c20      	cmp	r4, #32
100063f8:	d00c      	beq.n	10006414 <_vsnprintf+0x834>
100063fa:	0005      	movs	r5, r0
100063fc:	0031      	movs	r1, r6
100063fe:	0028      	movs	r0, r5
10006400:	f7fd ffbc 	bl	1000437c <__wrap___aeabi_uidiv>
10006404:	b2cb      	uxtb	r3, r1
10006406:	2909      	cmp	r1, #9
10006408:	d9ef      	bls.n	100063ea <_vsnprintf+0x80a>
1000640a:	9a0b      	ldr	r2, [sp, #44]	@ 0x2c
1000640c:	4694      	mov	ip, r2
1000640e:	4463      	add	r3, ip
10006410:	b2db      	uxtb	r3, r3
10006412:	e7ec      	b.n	100063ee <_vsnprintf+0x80e>
10006414:	9b15      	ldr	r3, [sp, #84]	@ 0x54
10006416:	4640      	mov	r0, r8
10006418:	4698      	mov	r8, r3
1000641a:	9b16      	ldr	r3, [sp, #88]	@ 0x58
1000641c:	464d      	mov	r5, r9
1000641e:	4656      	mov	r6, sl
10006420:	46a1      	mov	r9, r4
10006422:	469a      	mov	sl, r3
10006424:	9c0d      	ldr	r4, [sp, #52]	@ 0x34
10006426:	9f17      	ldr	r7, [sp, #92]	@ 0x5c
10006428:	e69f      	b.n	1000616a <_vsnprintf+0x58a>
1000642a:	42b7      	cmp	r7, r6
1000642c:	d9b0      	bls.n	10006390 <_vsnprintf+0x7b0>
1000642e:	9b17      	ldr	r3, [sp, #92]	@ 0x5c
10006430:	4656      	mov	r6, sl
10006432:	4698      	mov	r8, r3
10006434:	9b18      	ldr	r3, [sp, #96]	@ 0x60
10006436:	465f      	mov	r7, fp
10006438:	469a      	mov	sl, r3
1000643a:	9b1b      	ldr	r3, [sp, #108]	@ 0x6c
1000643c:	9409      	str	r4, [sp, #36]	@ 0x24
1000643e:	469b      	mov	fp, r3
10006440:	9c16      	ldr	r4, [sp, #88]	@ 0x58
10006442:	9819      	ldr	r0, [sp, #100]	@ 0x64
10006444:	9d1a      	ldr	r5, [sp, #104]	@ 0x68
10006446:	4643      	mov	r3, r8
10006448:	9305      	str	r3, [sp, #20]
1000644a:	4653      	mov	r3, sl
1000644c:	9304      	str	r3, [sp, #16]
1000644e:	9b0f      	ldr	r3, [sp, #60]	@ 0x3c
10006450:	9006      	str	r0, [sp, #24]
10006452:	9303      	str	r3, [sp, #12]
10006454:	2300      	movs	r3, #0
10006456:	9302      	str	r3, [sp, #8]
10006458:	9b09      	ldr	r3, [sp, #36]	@ 0x24
1000645a:	9301      	str	r3, [sp, #4]
1000645c:	ab1c      	add	r3, sp, #112	@ 0x70
1000645e:	0022      	movs	r2, r4
10006460:	9300      	str	r3, [sp, #0]
10006462:	4659      	mov	r1, fp
10006464:	0033      	movs	r3, r6
10006466:	0028      	movs	r0, r5
10006468:	f7fe fe70 	bl	1000514c <_ntoa_format>
1000646c:	0004      	movs	r4, r0
1000646e:	f7ff fbdf 	bl	10005c30 <_vsnprintf+0x50>
10006472:	2310      	movs	r3, #16
10006474:	9a0b      	ldr	r2, [sp, #44]	@ 0x2c
10006476:	439a      	bics	r2, r3
10006478:	920f      	str	r2, [sp, #60]	@ 0x3c
1000647a:	2869      	cmp	r0, #105	@ 0x69
1000647c:	d000      	beq.n	10006480 <_vsnprintf+0x8a0>
1000647e:	e191      	b.n	100067a4 <_vsnprintf+0xbc4>
10006480:	990b      	ldr	r1, [sp, #44]	@ 0x2c
10006482:	2380      	movs	r3, #128	@ 0x80
10006484:	000a      	movs	r2, r1
10006486:	00db      	lsls	r3, r3, #3
10006488:	401a      	ands	r2, r3
1000648a:	0010      	movs	r0, r2
1000648c:	000a      	movs	r2, r1
1000648e:	4219      	tst	r1, r3
10006490:	d003      	beq.n	1000649a <_vsnprintf+0x8ba>
10006492:	2111      	movs	r1, #17
10006494:	0018      	movs	r0, r3
10006496:	438a      	bics	r2, r1
10006498:	920f      	str	r2, [sp, #60]	@ 0x3c
1000649a:	9a0f      	ldr	r2, [sp, #60]	@ 0x3c
1000649c:	2380      	movs	r3, #128	@ 0x80
1000649e:	0011      	movs	r1, r2
100064a0:	009b      	lsls	r3, r3, #2
100064a2:	4019      	ands	r1, r3
100064a4:	468c      	mov	ip, r1
100064a6:	421a      	tst	r2, r3
100064a8:	d15b      	bne.n	10006562 <_vsnprintf+0x982>
100064aa:	2380      	movs	r3, #128	@ 0x80
100064ac:	0011      	movs	r1, r2
100064ae:	005b      	lsls	r3, r3, #1
100064b0:	4019      	ands	r1, r3
100064b2:	4689      	mov	r9, r1
100064b4:	990d      	ldr	r1, [sp, #52]	@ 0x34
100064b6:	3104      	adds	r1, #4
100064b8:	910b      	str	r1, [sp, #44]	@ 0x2c
100064ba:	421a      	tst	r2, r3
100064bc:	d000      	beq.n	100064c0 <_vsnprintf+0x8e0>
100064be:	e0b2      	b.n	10006626 <_vsnprintf+0xa46>
100064c0:	0013      	movs	r3, r2
100064c2:	065b      	lsls	r3, r3, #25
100064c4:	d400      	bmi.n	100064c8 <_vsnprintf+0x8e8>
100064c6:	e0ed      	b.n	100066a4 <_vsnprintf+0xac4>
100064c8:	9b0d      	ldr	r3, [sp, #52]	@ 0x34
100064ca:	781b      	ldrb	r3, [r3, #0]
100064cc:	001a      	movs	r2, r3
100064ce:	0fd9      	lsrs	r1, r3, #31
100064d0:	910d      	str	r1, [sp, #52]	@ 0x34
100064d2:	2b00      	cmp	r3, #0
100064d4:	d100      	bne.n	100064d8 <_vsnprintf+0x8f8>
100064d6:	e0a3      	b.n	10006620 <_vsnprintf+0xa40>
100064d8:	0010      	movs	r0, r2
100064da:	aa14      	add	r2, sp, #80	@ 0x50
100064dc:	4694      	mov	ip, r2
100064de:	4642      	mov	r2, r8
100064e0:	231f      	movs	r3, #31
100064e2:	9215      	str	r2, [sp, #84]	@ 0x54
100064e4:	4652      	mov	r2, sl
100064e6:	4463      	add	r3, ip
100064e8:	46a8      	mov	r8, r5
100064ea:	46ba      	mov	sl, r7
100064ec:	464d      	mov	r5, r9
100064ee:	9414      	str	r4, [sp, #80]	@ 0x50
100064f0:	46b1      	mov	r9, r6
100064f2:	0004      	movs	r4, r0
100064f4:	001f      	movs	r7, r3
100064f6:	9216      	str	r2, [sp, #88]	@ 0x58
100064f8:	e001      	b.n	100064fe <_vsnprintf+0x91e>
100064fa:	2d20      	cmp	r5, #32
100064fc:	d00f      	beq.n	1000651e <_vsnprintf+0x93e>
100064fe:	0020      	movs	r0, r4
10006500:	210a      	movs	r1, #10
10006502:	f7fd ff3b 	bl	1000437c <__wrap___aeabi_uidiv>
10006506:	3501      	adds	r5, #1
10006508:	197e      	adds	r6, r7, r5
1000650a:	3130      	adds	r1, #48	@ 0x30
1000650c:	7031      	strb	r1, [r6, #0]
1000650e:	0020      	movs	r0, r4
10006510:	210a      	movs	r1, #10
10006512:	f7fd ff33 	bl	1000437c <__wrap___aeabi_uidiv>
10006516:	0026      	movs	r6, r4
10006518:	0004      	movs	r4, r0
1000651a:	2e09      	cmp	r6, #9
1000651c:	d8ed      	bhi.n	100064fa <_vsnprintf+0x91a>
1000651e:	9b15      	ldr	r3, [sp, #84]	@ 0x54
10006520:	464e      	mov	r6, r9
10006522:	46a9      	mov	r9, r5
10006524:	4645      	mov	r5, r8
10006526:	4698      	mov	r8, r3
10006528:	9b16      	ldr	r3, [sp, #88]	@ 0x58
1000652a:	4657      	mov	r7, sl
1000652c:	469a      	mov	sl, r3
1000652e:	9c14      	ldr	r4, [sp, #80]	@ 0x50
10006530:	9b0f      	ldr	r3, [sp, #60]	@ 0x3c
10006532:	9306      	str	r3, [sp, #24]
10006534:	4643      	mov	r3, r8
10006536:	9305      	str	r3, [sp, #20]
10006538:	4653      	mov	r3, sl
1000653a:	9304      	str	r3, [sp, #16]
1000653c:	230a      	movs	r3, #10
1000653e:	9303      	str	r3, [sp, #12]
10006540:	9b0d      	ldr	r3, [sp, #52]	@ 0x34
10006542:	9302      	str	r3, [sp, #8]
10006544:	464b      	mov	r3, r9
10006546:	9301      	str	r3, [sp, #4]
10006548:	ab1c      	add	r3, sp, #112	@ 0x70
1000654a:	0022      	movs	r2, r4
1000654c:	9300      	str	r3, [sp, #0]
1000654e:	4659      	mov	r1, fp
10006550:	0033      	movs	r3, r6
10006552:	0028      	movs	r0, r5
10006554:	f7fe fdfa 	bl	1000514c <_ntoa_format>
10006558:	9b0b      	ldr	r3, [sp, #44]	@ 0x2c
1000655a:	0004      	movs	r4, r0
1000655c:	930d      	str	r3, [sp, #52]	@ 0x34
1000655e:	f7ff fb67 	bl	10005c30 <_vsnprintf+0x50>
10006562:	2207      	movs	r2, #7
10006564:	9b0d      	ldr	r3, [sp, #52]	@ 0x34
10006566:	3307      	adds	r3, #7
10006568:	4393      	bics	r3, r2
1000656a:	3201      	adds	r2, #1
1000656c:	4694      	mov	ip, r2
1000656e:	449c      	add	ip, r3
10006570:	4662      	mov	r2, ip
10006572:	920d      	str	r2, [sp, #52]	@ 0x34
10006574:	cb0c      	ldmia	r3, {r2, r3}
10006576:	0fd9      	lsrs	r1, r3, #31
10006578:	910b      	str	r1, [sp, #44]	@ 0x2c
1000657a:	0011      	movs	r1, r2
1000657c:	4319      	orrs	r1, r3
1000657e:	d100      	bne.n	10006582 <_vsnprintf+0x9a2>
10006580:	e09b      	b.n	100066ba <_vsnprintf+0xada>
10006582:	17d9      	asrs	r1, r3, #31
10006584:	9113      	str	r1, [sp, #76]	@ 0x4c
10006586:	9112      	str	r1, [sp, #72]	@ 0x48
10006588:	4051      	eors	r1, r2
1000658a:	9110      	str	r1, [sp, #64]	@ 0x40
1000658c:	9913      	ldr	r1, [sp, #76]	@ 0x4c
1000658e:	4059      	eors	r1, r3
10006590:	9111      	str	r1, [sp, #68]	@ 0x44
10006592:	9810      	ldr	r0, [sp, #64]	@ 0x40
10006594:	9911      	ldr	r1, [sp, #68]	@ 0x44
10006596:	9a12      	ldr	r2, [sp, #72]	@ 0x48
10006598:	9b13      	ldr	r3, [sp, #76]	@ 0x4c
1000659a:	1a80      	subs	r0, r0, r2
1000659c:	4199      	sbcs	r1, r3
1000659e:	9010      	str	r0, [sp, #64]	@ 0x40
100065a0:	9111      	str	r1, [sp, #68]	@ 0x44
100065a2:	aa14      	add	r2, sp, #80	@ 0x50
100065a4:	4694      	mov	ip, r2
100065a6:	4642      	mov	r2, r8
100065a8:	2300      	movs	r3, #0
100065aa:	9215      	str	r2, [sp, #84]	@ 0x54
100065ac:	4652      	mov	r2, sl
100065ae:	4699      	mov	r9, r3
100065b0:	9216      	str	r2, [sp, #88]	@ 0x58
100065b2:	0032      	movs	r2, r6
100065b4:	331f      	adds	r3, #31
100065b6:	4463      	add	r3, ip
100065b8:	46a8      	mov	r8, r5
100065ba:	464e      	mov	r6, r9
100065bc:	46ba      	mov	sl, r7
100065be:	9414      	str	r4, [sp, #80]	@ 0x50
100065c0:	001f      	movs	r7, r3
100065c2:	9c10      	ldr	r4, [sp, #64]	@ 0x40
100065c4:	9d11      	ldr	r5, [sp, #68]	@ 0x44
100065c6:	4691      	mov	r9, r2
100065c8:	e001      	b.n	100065ce <_vsnprintf+0x9ee>
100065ca:	2e20      	cmp	r6, #32
100065cc:	d010      	beq.n	100065f0 <_vsnprintf+0xa10>
100065ce:	0020      	movs	r0, r4
100065d0:	0029      	movs	r1, r5
100065d2:	220a      	movs	r2, #10
100065d4:	2300      	movs	r3, #0
100065d6:	f7fd ff0f 	bl	100043f8 <__wrap___aeabi_uldivmod>
100065da:	3601      	adds	r6, #1
100065dc:	3230      	adds	r2, #48	@ 0x30
100065de:	002b      	movs	r3, r5
100065e0:	55ba      	strb	r2, [r7, r6]
100065e2:	000d      	movs	r5, r1
100065e4:	0022      	movs	r2, r4
100065e6:	0004      	movs	r4, r0
100065e8:	2b00      	cmp	r3, #0
100065ea:	d1ee      	bne.n	100065ca <_vsnprintf+0x9ea>
100065ec:	2a09      	cmp	r2, #9
100065ee:	d8ec      	bhi.n	100065ca <_vsnprintf+0x9ea>
100065f0:	9b15      	ldr	r3, [sp, #84]	@ 0x54
100065f2:	9410      	str	r4, [sp, #64]	@ 0x40
100065f4:	9511      	str	r5, [sp, #68]	@ 0x44
100065f6:	4645      	mov	r5, r8
100065f8:	4698      	mov	r8, r3
100065fa:	464b      	mov	r3, r9
100065fc:	9a16      	ldr	r2, [sp, #88]	@ 0x58
100065fe:	46b1      	mov	r9, r6
10006600:	4657      	mov	r7, sl
10006602:	001e      	movs	r6, r3
10006604:	4692      	mov	sl, r2
10006606:	9c14      	ldr	r4, [sp, #80]	@ 0x50
10006608:	9b0f      	ldr	r3, [sp, #60]	@ 0x3c
1000660a:	9306      	str	r3, [sp, #24]
1000660c:	4643      	mov	r3, r8
1000660e:	9305      	str	r3, [sp, #20]
10006610:	4653      	mov	r3, sl
10006612:	9304      	str	r3, [sp, #16]
10006614:	230a      	movs	r3, #10
10006616:	9303      	str	r3, [sp, #12]
10006618:	9b0b      	ldr	r3, [sp, #44]	@ 0x2c
1000661a:	9302      	str	r3, [sp, #8]
1000661c:	464b      	mov	r3, r9
1000661e:	e71c      	b.n	1000645a <_vsnprintf+0x87a>
10006620:	2800      	cmp	r0, #0
10006622:	d185      	bne.n	10006530 <_vsnprintf+0x950>
10006624:	e759      	b.n	100064da <_vsnprintf+0x8fa>
10006626:	9b0d      	ldr	r3, [sp, #52]	@ 0x34
10006628:	681b      	ldr	r3, [r3, #0]
1000662a:	0fda      	lsrs	r2, r3, #31
1000662c:	0011      	movs	r1, r2
1000662e:	2b00      	cmp	r3, #0
10006630:	d100      	bne.n	10006634 <_vsnprintf+0xa54>
10006632:	e0a6      	b.n	10006782 <_vsnprintf+0xba2>
10006634:	17da      	asrs	r2, r3, #31
10006636:	1898      	adds	r0, r3, r2
10006638:	4050      	eors	r0, r2
1000663a:	aa14      	add	r2, sp, #80	@ 0x50
1000663c:	4691      	mov	r9, r2
1000663e:	231f      	movs	r3, #31
10006640:	4642      	mov	r2, r8
10006642:	444b      	add	r3, r9
10006644:	46a8      	mov	r8, r5
10006646:	940d      	str	r4, [sp, #52]	@ 0x34
10006648:	9716      	str	r7, [sp, #88]	@ 0x58
1000664a:	0004      	movs	r4, r0
1000664c:	4665      	mov	r5, ip
1000664e:	46b1      	mov	r9, r6
10006650:	001f      	movs	r7, r3
10006652:	9114      	str	r1, [sp, #80]	@ 0x50
10006654:	9215      	str	r2, [sp, #84]	@ 0x54
10006656:	e001      	b.n	1000665c <_vsnprintf+0xa7c>
10006658:	2d20      	cmp	r5, #32
1000665a:	d00f      	beq.n	1000667c <_vsnprintf+0xa9c>
1000665c:	0020      	movs	r0, r4
1000665e:	210a      	movs	r1, #10
10006660:	f7fd fe8c 	bl	1000437c <__wrap___aeabi_uidiv>
10006664:	3501      	adds	r5, #1
10006666:	197e      	adds	r6, r7, r5
10006668:	3130      	adds	r1, #48	@ 0x30
1000666a:	7031      	strb	r1, [r6, #0]
1000666c:	0020      	movs	r0, r4
1000666e:	210a      	movs	r1, #10
10006670:	f7fd fe84 	bl	1000437c <__wrap___aeabi_uidiv>
10006674:	0026      	movs	r6, r4
10006676:	0004      	movs	r4, r0
10006678:	2e09      	cmp	r6, #9
1000667a:	d8ed      	bhi.n	10006658 <_vsnprintf+0xa78>
1000667c:	9b15      	ldr	r3, [sp, #84]	@ 0x54
1000667e:	46ac      	mov	ip, r5
10006680:	4645      	mov	r5, r8
10006682:	4698      	mov	r8, r3
10006684:	9b14      	ldr	r3, [sp, #80]	@ 0x50
10006686:	464e      	mov	r6, r9
10006688:	0019      	movs	r1, r3
1000668a:	9c0d      	ldr	r4, [sp, #52]	@ 0x34
1000668c:	9f16      	ldr	r7, [sp, #88]	@ 0x58
1000668e:	9b0f      	ldr	r3, [sp, #60]	@ 0x3c
10006690:	9102      	str	r1, [sp, #8]
10006692:	9306      	str	r3, [sp, #24]
10006694:	4643      	mov	r3, r8
10006696:	9305      	str	r3, [sp, #20]
10006698:	4653      	mov	r3, sl
1000669a:	9304      	str	r3, [sp, #16]
1000669c:	230a      	movs	r3, #10
1000669e:	9303      	str	r3, [sp, #12]
100066a0:	4663      	mov	r3, ip
100066a2:	e750      	b.n	10006546 <_vsnprintf+0x966>
100066a4:	0013      	movs	r3, r2
100066a6:	061b      	lsls	r3, r3, #24
100066a8:	d56e      	bpl.n	10006788 <_vsnprintf+0xba8>
100066aa:	9b0d      	ldr	r3, [sp, #52]	@ 0x34
100066ac:	2200      	movs	r2, #0
100066ae:	5e9b      	ldrsh	r3, [r3, r2]
100066b0:	17d9      	asrs	r1, r3, #31
100066b2:	185a      	adds	r2, r3, r1
100066b4:	404a      	eors	r2, r1
100066b6:	b292      	uxth	r2, r2
100066b8:	e709      	b.n	100064ce <_vsnprintf+0x8ee>
100066ba:	2300      	movs	r3, #0
100066bc:	4699      	mov	r9, r3
100066be:	2800      	cmp	r0, #0
100066c0:	d1a2      	bne.n	10006608 <_vsnprintf+0xa28>
100066c2:	2200      	movs	r2, #0
100066c4:	2300      	movs	r3, #0
100066c6:	9210      	str	r2, [sp, #64]	@ 0x40
100066c8:	9311      	str	r3, [sp, #68]	@ 0x44
100066ca:	e76a      	b.n	100065a2 <_vsnprintf+0x9c2>
100066cc:	9b0d      	ldr	r3, [sp, #52]	@ 0x34
100066ce:	681b      	ldr	r3, [r3, #0]
100066d0:	4699      	mov	r9, r3
100066d2:	2b00      	cmp	r3, #0
100066d4:	d103      	bne.n	100066de <_vsnprintf+0xafe>
100066d6:	3310      	adds	r3, #16
100066d8:	4398      	bics	r0, r3
100066da:	2900      	cmp	r1, #0
100066dc:	d138      	bne.n	10006750 <_vsnprintf+0xb70>
100066de:	2361      	movs	r3, #97	@ 0x61
100066e0:	0682      	lsls	r2, r0, #26
100066e2:	d500      	bpl.n	100066e6 <_vsnprintf+0xb06>
100066e4:	2341      	movs	r3, #65	@ 0x41
100066e6:	b2db      	uxtb	r3, r3
100066e8:	3b0a      	subs	r3, #10
100066ea:	930d      	str	r3, [sp, #52]	@ 0x34
100066ec:	4643      	mov	r3, r8
100066ee:	9316      	str	r3, [sp, #88]	@ 0x58
100066f0:	4653      	mov	r3, sl
100066f2:	a914      	add	r1, sp, #80	@ 0x50
100066f4:	221f      	movs	r2, #31
100066f6:	468c      	mov	ip, r1
100066f8:	9317      	str	r3, [sp, #92]	@ 0x5c
100066fa:	002b      	movs	r3, r5
100066fc:	4462      	add	r2, ip
100066fe:	464d      	mov	r5, r9
10006700:	46b2      	mov	sl, r6
10006702:	9415      	str	r4, [sp, #84]	@ 0x54
10006704:	9718      	str	r7, [sp, #96]	@ 0x60
10006706:	4680      	mov	r8, r0
10006708:	0017      	movs	r7, r2
1000670a:	4699      	mov	r9, r3
1000670c:	9c0b      	ldr	r4, [sp, #44]	@ 0x2c
1000670e:	9e0f      	ldr	r6, [sp, #60]	@ 0x3c
10006710:	e008      	b.n	10006724 <_vsnprintf+0xb44>
10006712:	3330      	adds	r3, #48	@ 0x30
10006714:	b2db      	uxtb	r3, r3
10006716:	3401      	adds	r4, #1
10006718:	553b      	strb	r3, [r7, r4]
1000671a:	42b5      	cmp	r5, r6
1000671c:	d30e      	bcc.n	1000673c <_vsnprintf+0xb5c>
1000671e:	2c20      	cmp	r4, #32
10006720:	d00c      	beq.n	1000673c <_vsnprintf+0xb5c>
10006722:	0005      	movs	r5, r0
10006724:	0031      	movs	r1, r6
10006726:	0028      	movs	r0, r5
10006728:	f7fd fe28 	bl	1000437c <__wrap___aeabi_uidiv>
1000672c:	b2cb      	uxtb	r3, r1
1000672e:	2909      	cmp	r1, #9
10006730:	d9ef      	bls.n	10006712 <_vsnprintf+0xb32>
10006732:	9a0d      	ldr	r2, [sp, #52]	@ 0x34
10006734:	4694      	mov	ip, r2
10006736:	4463      	add	r3, ip
10006738:	b2db      	uxtb	r3, r3
1000673a:	e7ec      	b.n	10006716 <_vsnprintf+0xb36>
1000673c:	9b16      	ldr	r3, [sp, #88]	@ 0x58
1000673e:	4640      	mov	r0, r8
10006740:	4698      	mov	r8, r3
10006742:	9b17      	ldr	r3, [sp, #92]	@ 0x5c
10006744:	4656      	mov	r6, sl
10006746:	464d      	mov	r5, r9
10006748:	469a      	mov	sl, r3
1000674a:	940b      	str	r4, [sp, #44]	@ 0x2c
1000674c:	9f18      	ldr	r7, [sp, #96]	@ 0x60
1000674e:	9c15      	ldr	r4, [sp, #84]	@ 0x54
10006750:	4643      	mov	r3, r8
10006752:	9305      	str	r3, [sp, #20]
10006754:	4653      	mov	r3, sl
10006756:	9304      	str	r3, [sp, #16]
10006758:	9b0f      	ldr	r3, [sp, #60]	@ 0x3c
1000675a:	9006      	str	r0, [sp, #24]
1000675c:	9303      	str	r3, [sp, #12]
1000675e:	2300      	movs	r3, #0
10006760:	9302      	str	r3, [sp, #8]
10006762:	9b0b      	ldr	r3, [sp, #44]	@ 0x2c
10006764:	e50b      	b.n	1000617e <_vsnprintf+0x59e>
10006766:	990b      	ldr	r1, [sp, #44]	@ 0x2c
10006768:	2380      	movs	r3, #128	@ 0x80
1000676a:	000a      	movs	r2, r1
1000676c:	00db      	lsls	r3, r3, #3
1000676e:	401a      	ands	r2, r3
10006770:	0010      	movs	r0, r2
10006772:	000a      	movs	r2, r1
10006774:	4219      	tst	r1, r3
10006776:	d000      	beq.n	1000677a <_vsnprintf+0xb9a>
10006778:	e68b      	b.n	10006492 <_vsnprintf+0x8b2>
1000677a:	2310      	movs	r3, #16
1000677c:	439a      	bics	r2, r3
1000677e:	920f      	str	r2, [sp, #60]	@ 0x3c
10006780:	e68b      	b.n	1000649a <_vsnprintf+0x8ba>
10006782:	2800      	cmp	r0, #0
10006784:	d183      	bne.n	1000668e <_vsnprintf+0xaae>
10006786:	e758      	b.n	1000663a <_vsnprintf+0xa5a>
10006788:	9b0d      	ldr	r3, [sp, #52]	@ 0x34
1000678a:	681b      	ldr	r3, [r3, #0]
1000678c:	17d9      	asrs	r1, r3, #31
1000678e:	185a      	adds	r2, r3, r1
10006790:	404a      	eors	r2, r1
10006792:	e69c      	b.n	100064ce <_vsnprintf+0x8ee>
10006794:	9b0d      	ldr	r3, [sp, #52]	@ 0x34
10006796:	681b      	ldr	r3, [r3, #0]
10006798:	9309      	str	r3, [sp, #36]	@ 0x24
1000679a:	e4dc      	b.n	10006156 <_vsnprintf+0x576>
1000679c:	0003      	movs	r3, r0
1000679e:	3301      	adds	r3, #1
100067a0:	930f      	str	r3, [sp, #60]	@ 0x3c
100067a2:	e5a5      	b.n	100062f0 <_vsnprintf+0x710>
100067a4:	920b      	str	r2, [sp, #44]	@ 0x2c
100067a6:	e46d      	b.n	10006084 <_vsnprintf+0x4a4>

100067a8 <__wrap_vsnprintf>:
100067a8:	b510      	push	{r4, lr}
100067aa:	4c05      	ldr	r4, [pc, #20]	@ (100067c0 <__wrap_vsnprintf+0x18>)
100067ac:	b082      	sub	sp, #8
100067ae:	9300      	str	r3, [sp, #0]
100067b0:	0013      	movs	r3, r2
100067b2:	000a      	movs	r2, r1
100067b4:	0001      	movs	r1, r0
100067b6:	0020      	movs	r0, r4
100067b8:	f7ff fa12 	bl	10005be0 <_vsnprintf>
100067bc:	b002      	add	sp, #8
100067be:	bd10      	pop	{r4, pc}
100067c0:	10005095 	.word	0x10005095

100067c4 <vfctprintf>:
100067c4:	b500      	push	{lr}
100067c6:	b085      	sub	sp, #20
100067c8:	9103      	str	r1, [sp, #12]
100067ca:	2101      	movs	r1, #1
100067cc:	9002      	str	r0, [sp, #8]
100067ce:	9300      	str	r3, [sp, #0]
100067d0:	4803      	ldr	r0, [pc, #12]	@ (100067e0 <vfctprintf+0x1c>)
100067d2:	0013      	movs	r3, r2
100067d4:	424a      	negs	r2, r1
100067d6:	a902      	add	r1, sp, #8
100067d8:	f7ff fa02 	bl	10005be0 <_vsnprintf>
100067dc:	b005      	add	sp, #20
100067de:	bd00      	pop	{pc}
100067e0:	100053ad 	.word	0x100053ad

100067e4 <weak_raw_vprintf>:
100067e4:	b510      	push	{r4, lr}
100067e6:	4a09      	ldr	r2, [pc, #36]	@ (1000680c <weak_raw_vprintf+0x28>)
100067e8:	0003      	movs	r3, r0
100067ea:	6814      	ldr	r4, [r2, #0]
100067ec:	b084      	sub	sp, #16
100067ee:	2c00      	cmp	r4, #0
100067f0:	d008      	beq.n	10006804 <weak_raw_vprintf+0x20>
100067f2:	2201      	movs	r2, #1
100067f4:	9100      	str	r1, [sp, #0]
100067f6:	4806      	ldr	r0, [pc, #24]	@ (10006810 <weak_raw_vprintf+0x2c>)
100067f8:	4252      	negs	r2, r2
100067fa:	a903      	add	r1, sp, #12
100067fc:	47a0      	blx	r4
100067fe:	2001      	movs	r0, #1
10006800:	b004      	add	sp, #16
10006802:	bd10      	pop	{r4, pc}
10006804:	f000 f990 	bl	10006b28 <__wrap_puts>
10006808:	2000      	movs	r0, #0
1000680a:	e7f9      	b.n	10006800 <weak_raw_vprintf+0x1c>
1000680c:	20000c44 	.word	0x20000c44
10006810:	1000539d 	.word	0x1000539d

10006814 <_exit>:
10006814:	be00      	bkpt	0x0000
10006816:	e7fd      	b.n	10006814 <_exit>

10006818 <exit>:
10006818:	b510      	push	{r4, lr}
1000681a:	f7ff fffb 	bl	10006814 <_exit>
1000681e:	46c0      	nop			@ (mov r8, r8)

10006820 <runtime_init>:
10006820:	b570      	push	{r4, r5, r6, lr}
10006822:	f7fd fc65 	bl	100040f0 <runtime_run_initializers>
10006826:	4d07      	ldr	r5, [pc, #28]	@ (10006844 <runtime_init+0x24>)
10006828:	4e07      	ldr	r6, [pc, #28]	@ (10006848 <runtime_init+0x28>)
1000682a:	42b5      	cmp	r5, r6
1000682c:	d209      	bcs.n	10006842 <runtime_init+0x22>
1000682e:	2400      	movs	r4, #0
10006830:	3e01      	subs	r6, #1
10006832:	1b76      	subs	r6, r6, r5
10006834:	08b6      	lsrs	r6, r6, #2
10006836:	cd08      	ldmia	r5!, {r3}
10006838:	4798      	blx	r3
1000683a:	0023      	movs	r3, r4
1000683c:	3401      	adds	r4, #1
1000683e:	42b3      	cmp	r3, r6
10006840:	d1f9      	bne.n	10006836 <runtime_init+0x16>
10006842:	bd70      	pop	{r4, r5, r6, pc}
10006844:	10007184 	.word	0x10007184
10006848:	10007188 	.word	0x10007188

1000684c <stdio_out_chars_no_crlf>:
1000684c:	0003      	movs	r3, r0
1000684e:	b510      	push	{r4, lr}
10006850:	0008      	movs	r0, r1
10006852:	0011      	movs	r1, r2
10006854:	681b      	ldr	r3, [r3, #0]
10006856:	4798      	blx	r3
10006858:	bd10      	pop	{r4, pc}
1000685a:	46c0      	nop			@ (mov r8, r8)

1000685c <stdio_out_chars_crlf>:
1000685c:	b5f0      	push	{r4, r5, r6, r7, lr}
1000685e:	46c6      	mov	lr, r8
10006860:	b500      	push	{lr}
10006862:	7d43      	ldrb	r3, [r0, #21]
10006864:	0007      	movs	r7, r0
10006866:	000d      	movs	r5, r1
10006868:	0016      	movs	r6, r2
1000686a:	2b00      	cmp	r3, #0
1000686c:	d038      	beq.n	100068e0 <stdio_out_chars_crlf+0x84>
1000686e:	2a00      	cmp	r2, #0
10006870:	dd2e      	ble.n	100068d0 <stdio_out_chars_crlf+0x74>
10006872:	2100      	movs	r1, #0
10006874:	1e6a      	subs	r2, r5, #1
10006876:	4690      	mov	r8, r2
10006878:	5c6a      	ldrb	r2, [r5, r1]
1000687a:	7d03      	ldrb	r3, [r0, #20]
1000687c:	1c4c      	adds	r4, r1, #1
1000687e:	2000      	movs	r0, #0
10006880:	2a0a      	cmp	r2, #10
10006882:	d00c      	beq.n	1000689e <stdio_out_chars_crlf+0x42>
10006884:	42a6      	cmp	r6, r4
10006886:	d016      	beq.n	100068b6 <stdio_out_chars_crlf+0x5a>
10006888:	4643      	mov	r3, r8
1000688a:	5d1b      	ldrb	r3, [r3, r4]
1000688c:	0021      	movs	r1, r4
1000688e:	3b0d      	subs	r3, #13
10006890:	425a      	negs	r2, r3
10006892:	4153      	adcs	r3, r2
10006894:	5c6a      	ldrb	r2, [r5, r1]
10006896:	b2db      	uxtb	r3, r3
10006898:	1c4c      	adds	r4, r1, #1
1000689a:	2a0a      	cmp	r2, #10
1000689c:	d1f2      	bne.n	10006884 <stdio_out_chars_crlf+0x28>
1000689e:	2b00      	cmp	r3, #0
100068a0:	d1f0      	bne.n	10006884 <stdio_out_chars_crlf+0x28>
100068a2:	4288      	cmp	r0, r1
100068a4:	db17      	blt.n	100068d6 <stdio_out_chars_crlf+0x7a>
100068a6:	2102      	movs	r1, #2
100068a8:	4810      	ldr	r0, [pc, #64]	@ (100068ec <stdio_out_chars_crlf+0x90>)
100068aa:	683b      	ldr	r3, [r7, #0]
100068ac:	4798      	blx	r3
100068ae:	42a6      	cmp	r6, r4
100068b0:	d007      	beq.n	100068c2 <stdio_out_chars_crlf+0x66>
100068b2:	0020      	movs	r0, r4
100068b4:	e7e8      	b.n	10006888 <stdio_out_chars_crlf+0x2c>
100068b6:	4286      	cmp	r6, r0
100068b8:	dd03      	ble.n	100068c2 <stdio_out_chars_crlf+0x66>
100068ba:	1a31      	subs	r1, r6, r0
100068bc:	683b      	ldr	r3, [r7, #0]
100068be:	1828      	adds	r0, r5, r0
100068c0:	4798      	blx	r3
100068c2:	19ad      	adds	r5, r5, r6
100068c4:	3d01      	subs	r5, #1
100068c6:	782b      	ldrb	r3, [r5, #0]
100068c8:	3b0d      	subs	r3, #13
100068ca:	425a      	negs	r2, r3
100068cc:	4153      	adcs	r3, r2
100068ce:	753b      	strb	r3, [r7, #20]
100068d0:	bc80      	pop	{r7}
100068d2:	46b8      	mov	r8, r7
100068d4:	bdf0      	pop	{r4, r5, r6, r7, pc}
100068d6:	1a09      	subs	r1, r1, r0
100068d8:	683b      	ldr	r3, [r7, #0]
100068da:	1828      	adds	r0, r5, r0
100068dc:	4798      	blx	r3
100068de:	e7e2      	b.n	100068a6 <stdio_out_chars_crlf+0x4a>
100068e0:	6803      	ldr	r3, [r0, #0]
100068e2:	0011      	movs	r1, r2
100068e4:	0028      	movs	r0, r5
100068e6:	4798      	blx	r3
100068e8:	e7f2      	b.n	100068d0 <stdio_out_chars_crlf+0x74>
100068ea:	46c0      	nop			@ (mov r8, r8)
100068ec:	1005fd28 	.word	0x1005fd28

100068f0 <stdio_buffered_printer>:
100068f0:	b5f0      	push	{r4, r5, r6, r7, lr}
100068f2:	46c6      	mov	lr, r8
100068f4:	680b      	ldr	r3, [r1, #0]
100068f6:	0006      	movs	r6, r0
100068f8:	000c      	movs	r4, r1
100068fa:	b500      	push	{lr}
100068fc:	2b80      	cmp	r3, #128	@ 0x80
100068fe:	d006      	beq.n	1000690e <stdio_buffered_printer+0x1e>
10006900:	1c5a      	adds	r2, r3, #1
10006902:	6022      	str	r2, [r4, #0]
10006904:	18e4      	adds	r4, r4, r3
10006906:	7126      	strb	r6, [r4, #4]
10006908:	bc80      	pop	{r7}
1000690a:	46b8      	mov	r8, r7
1000690c:	bdf0      	pop	{r4, r5, r6, r7, pc}
1000690e:	4b0f      	ldr	r3, [pc, #60]	@ (1000694c <stdio_buffered_printer+0x5c>)
10006910:	681d      	ldr	r5, [r3, #0]
10006912:	2d00      	cmp	r5, #0
10006914:	d016      	beq.n	10006944 <stdio_buffered_printer+0x54>
10006916:	1d0b      	adds	r3, r1, #4
10006918:	4698      	mov	r8, r3
1000691a:	4f0d      	ldr	r7, [pc, #52]	@ (10006950 <stdio_buffered_printer+0x60>)
1000691c:	e002      	b.n	10006924 <stdio_buffered_printer+0x34>
1000691e:	692d      	ldr	r5, [r5, #16]
10006920:	2d00      	cmp	r5, #0
10006922:	d00f      	beq.n	10006944 <stdio_buffered_printer+0x54>
10006924:	682b      	ldr	r3, [r5, #0]
10006926:	2b00      	cmp	r3, #0
10006928:	d0f9      	beq.n	1000691e <stdio_buffered_printer+0x2e>
1000692a:	683b      	ldr	r3, [r7, #0]
1000692c:	2b00      	cmp	r3, #0
1000692e:	d001      	beq.n	10006934 <stdio_buffered_printer+0x44>
10006930:	42ab      	cmp	r3, r5
10006932:	d1f4      	bne.n	1000691e <stdio_buffered_printer+0x2e>
10006934:	0028      	movs	r0, r5
10006936:	4641      	mov	r1, r8
10006938:	6822      	ldr	r2, [r4, #0]
1000693a:	f7ff ff8f 	bl	1000685c <stdio_out_chars_crlf>
1000693e:	692d      	ldr	r5, [r5, #16]
10006940:	2d00      	cmp	r5, #0
10006942:	d1ef      	bne.n	10006924 <stdio_buffered_printer+0x34>
10006944:	2201      	movs	r2, #1
10006946:	2300      	movs	r3, #0
10006948:	e7db      	b.n	10006902 <stdio_buffered_printer+0x12>
1000694a:	46c0      	nop			@ (mov r8, r8)
1000694c:	2000077c 	.word	0x2000077c
10006950:	20000784 	.word	0x20000784

10006954 <stdio_put_string>:
10006954:	b5f0      	push	{r4, r5, r6, r7, lr}
10006956:	46de      	mov	lr, fp
10006958:	4657      	mov	r7, sl
1000695a:	464e      	mov	r6, r9
1000695c:	4645      	mov	r5, r8
1000695e:	b5e0      	push	{r5, r6, r7, lr}
10006960:	b085      	sub	sp, #20
10006962:	0017      	movs	r7, r2
10006964:	001c      	movs	r4, r3
10006966:	0006      	movs	r6, r0
10006968:	000d      	movs	r5, r1
1000696a:	f7fd f979 	bl	10003c60 <time_us_64>
1000696e:	2300      	movs	r3, #0
10006970:	4a31      	ldr	r2, [pc, #196]	@ (10006a38 <stdio_put_string+0xe4>)
10006972:	1812      	adds	r2, r2, r0
10006974:	414b      	adcs	r3, r1
10006976:	2180      	movs	r1, #128	@ 0x80
10006978:	0609      	lsls	r1, r1, #24
1000697a:	428b      	cmp	r3, r1
1000697c:	d302      	bcc.n	10006984 <stdio_put_string+0x30>
1000697e:	2201      	movs	r2, #1
10006980:	4b2e      	ldr	r3, [pc, #184]	@ (10006a3c <stdio_put_string+0xe8>)
10006982:	4252      	negs	r2, r2
10006984:	492e      	ldr	r1, [pc, #184]	@ (10006a40 <stdio_put_string+0xec>)
10006986:	0008      	movs	r0, r1
10006988:	468a      	mov	sl, r1
1000698a:	f000 fbd5 	bl	10007138 <__mutex_try_enter_block_until_veneer>
1000698e:	9001      	str	r0, [sp, #4]
10006990:	1c6b      	adds	r3, r5, #1
10006992:	d103      	bne.n	1000699c <stdio_put_string+0x48>
10006994:	0030      	movs	r0, r6
10006996:	f000 fb67 	bl	10007068 <strlen>
1000699a:	0005      	movs	r5, r0
1000699c:	2c00      	cmp	r4, #0
1000699e:	d026      	beq.n	100069ee <stdio_put_string+0x9a>
100069a0:	4b28      	ldr	r3, [pc, #160]	@ (10006a44 <stdio_put_string+0xf0>)
100069a2:	4698      	mov	r8, r3
100069a4:	4b28      	ldr	r3, [pc, #160]	@ (10006a48 <stdio_put_string+0xf4>)
100069a6:	681c      	ldr	r4, [r3, #0]
100069a8:	2c00      	cmp	r4, #0
100069aa:	d015      	beq.n	100069d8 <stdio_put_string+0x84>
100069ac:	2f00      	cmp	r7, #0
100069ae:	d121      	bne.n	100069f4 <stdio_put_string+0xa0>
100069b0:	4f26      	ldr	r7, [pc, #152]	@ (10006a4c <stdio_put_string+0xf8>)
100069b2:	e002      	b.n	100069ba <stdio_put_string+0x66>
100069b4:	6924      	ldr	r4, [r4, #16]
100069b6:	2c00      	cmp	r4, #0
100069b8:	d00e      	beq.n	100069d8 <stdio_put_string+0x84>
100069ba:	6823      	ldr	r3, [r4, #0]
100069bc:	2b00      	cmp	r3, #0
100069be:	d0f9      	beq.n	100069b4 <stdio_put_string+0x60>
100069c0:	683b      	ldr	r3, [r7, #0]
100069c2:	2b00      	cmp	r3, #0
100069c4:	d001      	beq.n	100069ca <stdio_put_string+0x76>
100069c6:	429c      	cmp	r4, r3
100069c8:	d1f4      	bne.n	100069b4 <stdio_put_string+0x60>
100069ca:	0020      	movs	r0, r4
100069cc:	002a      	movs	r2, r5
100069ce:	0031      	movs	r1, r6
100069d0:	47c0      	blx	r8
100069d2:	6924      	ldr	r4, [r4, #16]
100069d4:	2c00      	cmp	r4, #0
100069d6:	d1f0      	bne.n	100069ba <stdio_put_string+0x66>
100069d8:	9b01      	ldr	r3, [sp, #4]
100069da:	2b00      	cmp	r3, #0
100069dc:	d128      	bne.n	10006a30 <stdio_put_string+0xdc>
100069de:	0028      	movs	r0, r5
100069e0:	b005      	add	sp, #20
100069e2:	bcf0      	pop	{r4, r5, r6, r7}
100069e4:	46bb      	mov	fp, r7
100069e6:	46b2      	mov	sl, r6
100069e8:	46a9      	mov	r9, r5
100069ea:	46a0      	mov	r8, r4
100069ec:	bdf0      	pop	{r4, r5, r6, r7, pc}
100069ee:	4b18      	ldr	r3, [pc, #96]	@ (10006a50 <stdio_put_string+0xfc>)
100069f0:	4698      	mov	r8, r3
100069f2:	e7d7      	b.n	100069a4 <stdio_put_string+0x50>
100069f4:	4b15      	ldr	r3, [pc, #84]	@ (10006a4c <stdio_put_string+0xf8>)
100069f6:	4699      	mov	r9, r3
100069f8:	ab02      	add	r3, sp, #8
100069fa:	1ddf      	adds	r7, r3, #7
100069fc:	230a      	movs	r3, #10
100069fe:	469b      	mov	fp, r3
10006a00:	e002      	b.n	10006a08 <stdio_put_string+0xb4>
10006a02:	6924      	ldr	r4, [r4, #16]
10006a04:	2c00      	cmp	r4, #0
10006a06:	d0e7      	beq.n	100069d8 <stdio_put_string+0x84>
10006a08:	6823      	ldr	r3, [r4, #0]
10006a0a:	2b00      	cmp	r3, #0
10006a0c:	d0f9      	beq.n	10006a02 <stdio_put_string+0xae>
10006a0e:	464b      	mov	r3, r9
10006a10:	681b      	ldr	r3, [r3, #0]
10006a12:	2b00      	cmp	r3, #0
10006a14:	d001      	beq.n	10006a1a <stdio_put_string+0xc6>
10006a16:	42a3      	cmp	r3, r4
10006a18:	d1f3      	bne.n	10006a02 <stdio_put_string+0xae>
10006a1a:	002a      	movs	r2, r5
10006a1c:	0031      	movs	r1, r6
10006a1e:	0020      	movs	r0, r4
10006a20:	47c0      	blx	r8
10006a22:	465b      	mov	r3, fp
10006a24:	2201      	movs	r2, #1
10006a26:	0039      	movs	r1, r7
10006a28:	0020      	movs	r0, r4
10006a2a:	703b      	strb	r3, [r7, #0]
10006a2c:	47c0      	blx	r8
10006a2e:	e7e8      	b.n	10006a02 <stdio_put_string+0xae>
10006a30:	4650      	mov	r0, sl
10006a32:	f000 fb51 	bl	100070d8 <__mutex_exit_veneer>
10006a36:	e7d2      	b.n	100069de <stdio_put_string+0x8a>
10006a38:	000f4240 	.word	0x000f4240
10006a3c:	7fffffff 	.word	0x7fffffff
10006a40:	200003c0 	.word	0x200003c0
10006a44:	1000685d 	.word	0x1000685d
10006a48:	2000077c 	.word	0x2000077c
10006a4c:	20000784 	.word	0x20000784
10006a50:	1000684d 	.word	0x1000684d

10006a54 <stdio_set_driver_enabled>:
10006a54:	4a0a      	ldr	r2, [pc, #40]	@ (10006a80 <stdio_set_driver_enabled+0x2c>)
10006a56:	6813      	ldr	r3, [r2, #0]
10006a58:	2b00      	cmp	r3, #0
10006a5a:	d105      	bne.n	10006a68 <stdio_set_driver_enabled+0x14>
10006a5c:	e00c      	b.n	10006a78 <stdio_set_driver_enabled+0x24>
10006a5e:	001a      	movs	r2, r3
10006a60:	691b      	ldr	r3, [r3, #16]
10006a62:	3210      	adds	r2, #16
10006a64:	2b00      	cmp	r3, #0
10006a66:	d007      	beq.n	10006a78 <stdio_set_driver_enabled+0x24>
10006a68:	4298      	cmp	r0, r3
10006a6a:	d1f8      	bne.n	10006a5e <stdio_set_driver_enabled+0xa>
10006a6c:	2900      	cmp	r1, #0
10006a6e:	d102      	bne.n	10006a76 <stdio_set_driver_enabled+0x22>
10006a70:	6903      	ldr	r3, [r0, #16]
10006a72:	6013      	str	r3, [r2, #0]
10006a74:	6101      	str	r1, [r0, #16]
10006a76:	4770      	bx	lr
10006a78:	2900      	cmp	r1, #0
10006a7a:	d0fc      	beq.n	10006a76 <stdio_set_driver_enabled+0x22>
10006a7c:	6010      	str	r0, [r2, #0]
10006a7e:	e7fa      	b.n	10006a76 <stdio_set_driver_enabled+0x22>
10006a80:	2000077c 	.word	0x2000077c

10006a84 <stdio_init_all>:
10006a84:	b510      	push	{r4, lr}
10006a86:	f000 f9b3 	bl	10006df0 <stdio_uart_init>
10006a8a:	2001      	movs	r0, #1
10006a8c:	bd10      	pop	{r4, pc}
10006a8e:	46c0      	nop			@ (mov r8, r8)

10006a90 <__wrap_putchar>:
10006a90:	b5f0      	push	{r4, r5, r6, r7, lr}
10006a92:	46ce      	mov	lr, r9
10006a94:	4647      	mov	r7, r8
10006a96:	b580      	push	{r7, lr}
10006a98:	b083      	sub	sp, #12
10006a9a:	466b      	mov	r3, sp
10006a9c:	0006      	movs	r6, r0
10006a9e:	1ddd      	adds	r5, r3, #7
10006aa0:	7028      	strb	r0, [r5, #0]
10006aa2:	f7fd f8dd 	bl	10003c60 <time_us_64>
10006aa6:	2300      	movs	r3, #0
10006aa8:	4a1a      	ldr	r2, [pc, #104]	@ (10006b14 <__wrap_putchar+0x84>)
10006aaa:	1812      	adds	r2, r2, r0
10006aac:	414b      	adcs	r3, r1
10006aae:	2180      	movs	r1, #128	@ 0x80
10006ab0:	0609      	lsls	r1, r1, #24
10006ab2:	428b      	cmp	r3, r1
10006ab4:	d302      	bcc.n	10006abc <__wrap_putchar+0x2c>
10006ab6:	2201      	movs	r2, #1
10006ab8:	4b17      	ldr	r3, [pc, #92]	@ (10006b18 <__wrap_putchar+0x88>)
10006aba:	4252      	negs	r2, r2
10006abc:	4917      	ldr	r1, [pc, #92]	@ (10006b1c <__wrap_putchar+0x8c>)
10006abe:	0008      	movs	r0, r1
10006ac0:	4688      	mov	r8, r1
10006ac2:	f000 fb39 	bl	10007138 <__mutex_try_enter_block_until_veneer>
10006ac6:	4b16      	ldr	r3, [pc, #88]	@ (10006b20 <__wrap_putchar+0x90>)
10006ac8:	4681      	mov	r9, r0
10006aca:	681c      	ldr	r4, [r3, #0]
10006acc:	2c00      	cmp	r4, #0
10006ace:	d014      	beq.n	10006afa <__wrap_putchar+0x6a>
10006ad0:	4f14      	ldr	r7, [pc, #80]	@ (10006b24 <__wrap_putchar+0x94>)
10006ad2:	e002      	b.n	10006ada <__wrap_putchar+0x4a>
10006ad4:	6924      	ldr	r4, [r4, #16]
10006ad6:	2c00      	cmp	r4, #0
10006ad8:	d00f      	beq.n	10006afa <__wrap_putchar+0x6a>
10006ada:	6823      	ldr	r3, [r4, #0]
10006adc:	2b00      	cmp	r3, #0
10006ade:	d0f9      	beq.n	10006ad4 <__wrap_putchar+0x44>
10006ae0:	683b      	ldr	r3, [r7, #0]
10006ae2:	2b00      	cmp	r3, #0
10006ae4:	d001      	beq.n	10006aea <__wrap_putchar+0x5a>
10006ae6:	429c      	cmp	r4, r3
10006ae8:	d1f4      	bne.n	10006ad4 <__wrap_putchar+0x44>
10006aea:	0020      	movs	r0, r4
10006aec:	2201      	movs	r2, #1
10006aee:	0029      	movs	r1, r5
10006af0:	f7ff feb4 	bl	1000685c <stdio_out_chars_crlf>
10006af4:	6924      	ldr	r4, [r4, #16]
10006af6:	2c00      	cmp	r4, #0
10006af8:	d1ef      	bne.n	10006ada <__wrap_putchar+0x4a>
10006afa:	464b      	mov	r3, r9
10006afc:	2b00      	cmp	r3, #0
10006afe:	d105      	bne.n	10006b0c <__wrap_putchar+0x7c>
10006b00:	0030      	movs	r0, r6
10006b02:	b003      	add	sp, #12
10006b04:	bcc0      	pop	{r6, r7}
10006b06:	46b9      	mov	r9, r7
10006b08:	46b0      	mov	r8, r6
10006b0a:	bdf0      	pop	{r4, r5, r6, r7, pc}
10006b0c:	4640      	mov	r0, r8
10006b0e:	f000 fae3 	bl	100070d8 <__mutex_exit_veneer>
10006b12:	e7f5      	b.n	10006b00 <__wrap_putchar+0x70>
10006b14:	000f4240 	.word	0x000f4240
10006b18:	7fffffff 	.word	0x7fffffff
10006b1c:	200003c0 	.word	0x200003c0
10006b20:	2000077c 	.word	0x2000077c
10006b24:	20000784 	.word	0x20000784

10006b28 <__wrap_puts>:
10006b28:	b570      	push	{r4, r5, r6, lr}
10006b2a:	0004      	movs	r4, r0
10006b2c:	f000 fa9c 	bl	10007068 <strlen>
10006b30:	2301      	movs	r3, #1
10006b32:	0001      	movs	r1, r0
10006b34:	0005      	movs	r5, r0
10006b36:	2201      	movs	r2, #1
10006b38:	0020      	movs	r0, r4
10006b3a:	f7ff ff0b 	bl	10006954 <stdio_put_string>
10006b3e:	4b08      	ldr	r3, [pc, #32]	@ (10006b60 <__wrap_puts+0x38>)
10006b40:	681c      	ldr	r4, [r3, #0]
10006b42:	2c00      	cmp	r4, #0
10006b44:	d006      	beq.n	10006b54 <__wrap_puts+0x2c>
10006b46:	6863      	ldr	r3, [r4, #4]
10006b48:	2b00      	cmp	r3, #0
10006b4a:	d005      	beq.n	10006b58 <__wrap_puts+0x30>
10006b4c:	4798      	blx	r3
10006b4e:	6924      	ldr	r4, [r4, #16]
10006b50:	2c00      	cmp	r4, #0
10006b52:	d1f8      	bne.n	10006b46 <__wrap_puts+0x1e>
10006b54:	0028      	movs	r0, r5
10006b56:	bd70      	pop	{r4, r5, r6, pc}
10006b58:	6924      	ldr	r4, [r4, #16]
10006b5a:	2c00      	cmp	r4, #0
10006b5c:	d1f3      	bne.n	10006b46 <__wrap_puts+0x1e>
10006b5e:	e7f9      	b.n	10006b54 <__wrap_puts+0x2c>
10006b60:	2000077c 	.word	0x2000077c

10006b64 <__wrap_vprintf>:
10006b64:	b5f0      	push	{r4, r5, r6, r7, lr}
10006b66:	46ce      	mov	lr, r9
10006b68:	4647      	mov	r7, r8
10006b6a:	b580      	push	{r7, lr}
10006b6c:	b0a3      	sub	sp, #140	@ 0x8c
10006b6e:	0004      	movs	r4, r0
10006b70:	000d      	movs	r5, r1
10006b72:	f7fd f875 	bl	10003c60 <time_us_64>
10006b76:	2300      	movs	r3, #0
10006b78:	4a29      	ldr	r2, [pc, #164]	@ (10006c20 <__wrap_vprintf+0xbc>)
10006b7a:	1812      	adds	r2, r2, r0
10006b7c:	414b      	adcs	r3, r1
10006b7e:	2180      	movs	r1, #128	@ 0x80
10006b80:	0609      	lsls	r1, r1, #24
10006b82:	428b      	cmp	r3, r1
10006b84:	d302      	bcc.n	10006b8c <__wrap_vprintf+0x28>
10006b86:	2201      	movs	r2, #1
10006b88:	4b26      	ldr	r3, [pc, #152]	@ (10006c24 <__wrap_vprintf+0xc0>)
10006b8a:	4252      	negs	r2, r2
10006b8c:	4f26      	ldr	r7, [pc, #152]	@ (10006c28 <__wrap_vprintf+0xc4>)
10006b8e:	0038      	movs	r0, r7
10006b90:	f000 fad2 	bl	10007138 <__mutex_try_enter_block_until_veneer>
10006b94:	2300      	movs	r3, #0
10006b96:	0006      	movs	r6, r0
10006b98:	9301      	str	r3, [sp, #4]
10006b9a:	0022      	movs	r2, r4
10006b9c:	002b      	movs	r3, r5
10006b9e:	4823      	ldr	r0, [pc, #140]	@ (10006c2c <__wrap_vprintf+0xc8>)
10006ba0:	a901      	add	r1, sp, #4
10006ba2:	f7ff fe0f 	bl	100067c4 <vfctprintf>
10006ba6:	9b01      	ldr	r3, [sp, #4]
10006ba8:	4680      	mov	r8, r0
10006baa:	2b00      	cmp	r3, #0
10006bac:	d114      	bne.n	10006bd8 <__wrap_vprintf+0x74>
10006bae:	4b20      	ldr	r3, [pc, #128]	@ (10006c30 <__wrap_vprintf+0xcc>)
10006bb0:	681c      	ldr	r4, [r3, #0]
10006bb2:	2c00      	cmp	r4, #0
10006bb4:	d006      	beq.n	10006bc4 <__wrap_vprintf+0x60>
10006bb6:	6863      	ldr	r3, [r4, #4]
10006bb8:	2b00      	cmp	r3, #0
10006bba:	d00b      	beq.n	10006bd4 <__wrap_vprintf+0x70>
10006bbc:	4798      	blx	r3
10006bbe:	6924      	ldr	r4, [r4, #16]
10006bc0:	2c00      	cmp	r4, #0
10006bc2:	d1f8      	bne.n	10006bb6 <__wrap_vprintf+0x52>
10006bc4:	2e00      	cmp	r6, #0
10006bc6:	d125      	bne.n	10006c14 <__wrap_vprintf+0xb0>
10006bc8:	4640      	mov	r0, r8
10006bca:	b023      	add	sp, #140	@ 0x8c
10006bcc:	bcc0      	pop	{r6, r7}
10006bce:	46b9      	mov	r9, r7
10006bd0:	46b0      	mov	r8, r6
10006bd2:	bdf0      	pop	{r4, r5, r6, r7, pc}
10006bd4:	6924      	ldr	r4, [r4, #16]
10006bd6:	e7ec      	b.n	10006bb2 <__wrap_vprintf+0x4e>
10006bd8:	4b15      	ldr	r3, [pc, #84]	@ (10006c30 <__wrap_vprintf+0xcc>)
10006bda:	681d      	ldr	r5, [r3, #0]
10006bdc:	4699      	mov	r9, r3
10006bde:	2d00      	cmp	r5, #0
10006be0:	d01c      	beq.n	10006c1c <__wrap_vprintf+0xb8>
10006be2:	4c14      	ldr	r4, [pc, #80]	@ (10006c34 <__wrap_vprintf+0xd0>)
10006be4:	e002      	b.n	10006bec <__wrap_vprintf+0x88>
10006be6:	692d      	ldr	r5, [r5, #16]
10006be8:	2d00      	cmp	r5, #0
10006bea:	d00f      	beq.n	10006c0c <__wrap_vprintf+0xa8>
10006bec:	682b      	ldr	r3, [r5, #0]
10006bee:	2b00      	cmp	r3, #0
10006bf0:	d0f9      	beq.n	10006be6 <__wrap_vprintf+0x82>
10006bf2:	6823      	ldr	r3, [r4, #0]
10006bf4:	2b00      	cmp	r3, #0
10006bf6:	d001      	beq.n	10006bfc <__wrap_vprintf+0x98>
10006bf8:	42ab      	cmp	r3, r5
10006bfa:	d1f4      	bne.n	10006be6 <__wrap_vprintf+0x82>
10006bfc:	0028      	movs	r0, r5
10006bfe:	9a01      	ldr	r2, [sp, #4]
10006c00:	a902      	add	r1, sp, #8
10006c02:	f7ff fe2b 	bl	1000685c <stdio_out_chars_crlf>
10006c06:	692d      	ldr	r5, [r5, #16]
10006c08:	2d00      	cmp	r5, #0
10006c0a:	d1ef      	bne.n	10006bec <__wrap_vprintf+0x88>
10006c0c:	464b      	mov	r3, r9
10006c0e:	9501      	str	r5, [sp, #4]
10006c10:	681c      	ldr	r4, [r3, #0]
10006c12:	e7ce      	b.n	10006bb2 <__wrap_vprintf+0x4e>
10006c14:	0038      	movs	r0, r7
10006c16:	f000 fa5f 	bl	100070d8 <__mutex_exit_veneer>
10006c1a:	e7d5      	b.n	10006bc8 <__wrap_vprintf+0x64>
10006c1c:	9501      	str	r5, [sp, #4]
10006c1e:	e7d1      	b.n	10006bc4 <__wrap_vprintf+0x60>
10006c20:	000f4240 	.word	0x000f4240
10006c24:	7fffffff 	.word	0x7fffffff
10006c28:	200003c0 	.word	0x200003c0
10006c2c:	100068f1 	.word	0x100068f1
10006c30:	2000077c 	.word	0x2000077c
10006c34:	20000784 	.word	0x20000784

10006c38 <__wrap_printf>:
10006c38:	b40f      	push	{r0, r1, r2, r3}
10006c3a:	b500      	push	{lr}
10006c3c:	b083      	sub	sp, #12
10006c3e:	a904      	add	r1, sp, #16
10006c40:	c901      	ldmia	r1!, {r0}
10006c42:	9101      	str	r1, [sp, #4]
10006c44:	f7ff ff8e 	bl	10006b64 <__wrap_vprintf>
10006c48:	b003      	add	sp, #12
10006c4a:	bc08      	pop	{r3}
10006c4c:	b004      	add	sp, #16
10006c4e:	4718      	bx	r3

10006c50 <stdio_uart_out_chars>:
10006c50:	b5f0      	push	{r4, r5, r6, r7, lr}
10006c52:	2900      	cmp	r1, #0
10006c54:	dd15      	ble.n	10006c82 <stdio_uart_out_chars+0x32>
10006c56:	4b0e      	ldr	r3, [pc, #56]	@ (10006c90 <stdio_uart_out_chars+0x40>)
10006c58:	270d      	movs	r7, #13
10006c5a:	681a      	ldr	r2, [r3, #0]
10006c5c:	4b0d      	ldr	r3, [pc, #52]	@ (10006c94 <stdio_uart_out_chars+0x44>)
10006c5e:	4c0e      	ldr	r4, [pc, #56]	@ (10006c98 <stdio_uart_out_chars+0x48>)
10006c60:	18d3      	adds	r3, r2, r3
10006c62:	425d      	negs	r5, r3
10006c64:	416b      	adcs	r3, r5
10006c66:	1845      	adds	r5, r0, r1
10006c68:	2120      	movs	r1, #32
10006c6a:	005b      	lsls	r3, r3, #1
10006c6c:	5f1e      	ldrsh	r6, [r3, r4]
10006c6e:	7804      	ldrb	r4, [r0, #0]
10006c70:	42a6      	cmp	r6, r4
10006c72:	d007      	beq.n	10006c84 <stdio_uart_out_chars+0x34>
10006c74:	6993      	ldr	r3, [r2, #24]
10006c76:	4219      	tst	r1, r3
10006c78:	d1fc      	bne.n	10006c74 <stdio_uart_out_chars+0x24>
10006c7a:	3001      	adds	r0, #1
10006c7c:	6014      	str	r4, [r2, #0]
10006c7e:	42a8      	cmp	r0, r5
10006c80:	d1f5      	bne.n	10006c6e <stdio_uart_out_chars+0x1e>
10006c82:	bdf0      	pop	{r4, r5, r6, r7, pc}
10006c84:	6993      	ldr	r3, [r2, #24]
10006c86:	4219      	tst	r1, r3
10006c88:	d1fc      	bne.n	10006c84 <stdio_uart_out_chars+0x34>
10006c8a:	6017      	str	r7, [r2, #0]
10006c8c:	e7f2      	b.n	10006c74 <stdio_uart_out_chars+0x24>
10006c8e:	46c0      	nop			@ (mov r8, r8)
10006c90:	20000ce0 	.word	0x20000ce0
10006c94:	bffc8000 	.word	0xbffc8000
10006c98:	20000cdc 	.word	0x20000cdc

10006c9c <stdio_uart_in_chars>:
10006c9c:	4b20      	ldr	r3, [pc, #128]	@ (10006d20 <stdio_uart_in_chars+0x84>)
10006c9e:	b570      	push	{r4, r5, r6, lr}
10006ca0:	0004      	movs	r4, r0
10006ca2:	1e0d      	subs	r5, r1, #0
10006ca4:	681e      	ldr	r6, [r3, #0]
10006ca6:	dd2a      	ble.n	10006cfe <stdio_uart_in_chars+0x62>
10006ca8:	2000      	movs	r0, #0
10006caa:	2110      	movs	r1, #16
10006cac:	4b1d      	ldr	r3, [pc, #116]	@ (10006d24 <stdio_uart_in_chars+0x88>)
10006cae:	3c01      	subs	r4, #1
10006cb0:	681a      	ldr	r2, [r3, #0]
10006cb2:	6993      	ldr	r3, [r2, #24]
10006cb4:	4219      	tst	r1, r3
10006cb6:	d114      	bne.n	10006ce2 <stdio_uart_in_chars+0x46>
10006cb8:	3001      	adds	r0, #1
10006cba:	6993      	ldr	r3, [r2, #24]
10006cbc:	4219      	tst	r1, r3
10006cbe:	d1fc      	bne.n	10006cba <stdio_uart_in_chars+0x1e>
10006cc0:	6813      	ldr	r3, [r2, #0]
10006cc2:	5423      	strb	r3, [r4, r0]
10006cc4:	4285      	cmp	r5, r0
10006cc6:	d1f4      	bne.n	10006cb2 <stdio_uart_in_chars+0x16>
10006cc8:	2e00      	cmp	r6, #0
10006cca:	d008      	beq.n	10006cde <stdio_uart_in_chars+0x42>
10006ccc:	2350      	movs	r3, #80	@ 0x50
10006cce:	6393      	str	r3, [r2, #56]	@ 0x38
10006cd0:	6b51      	ldr	r1, [r2, #52]	@ 0x34
10006cd2:	3b18      	subs	r3, #24
10006cd4:	400b      	ands	r3, r1
10006cd6:	4914      	ldr	r1, [pc, #80]	@ (10006d28 <stdio_uart_in_chars+0x8c>)
10006cd8:	468c      	mov	ip, r1
10006cda:	4462      	add	r2, ip
10006cdc:	6013      	str	r3, [r2, #0]
10006cde:	0028      	movs	r0, r5
10006ce0:	e00c      	b.n	10006cfc <stdio_uart_in_chars+0x60>
10006ce2:	2e00      	cmp	r6, #0
10006ce4:	d008      	beq.n	10006cf8 <stdio_uart_in_chars+0x5c>
10006ce6:	2350      	movs	r3, #80	@ 0x50
10006ce8:	6393      	str	r3, [r2, #56]	@ 0x38
10006cea:	6b51      	ldr	r1, [r2, #52]	@ 0x34
10006cec:	3b18      	subs	r3, #24
10006cee:	400b      	ands	r3, r1
10006cf0:	490d      	ldr	r1, [pc, #52]	@ (10006d28 <stdio_uart_in_chars+0x8c>)
10006cf2:	468c      	mov	ip, r1
10006cf4:	4462      	add	r2, ip
10006cf6:	6013      	str	r3, [r2, #0]
10006cf8:	2800      	cmp	r0, #0
10006cfa:	d00d      	beq.n	10006d18 <stdio_uart_in_chars+0x7c>
10006cfc:	bd70      	pop	{r4, r5, r6, pc}
10006cfe:	2e00      	cmp	r6, #0
10006d00:	d00a      	beq.n	10006d18 <stdio_uart_in_chars+0x7c>
10006d02:	2250      	movs	r2, #80	@ 0x50
10006d04:	4b07      	ldr	r3, [pc, #28]	@ (10006d24 <stdio_uart_in_chars+0x88>)
10006d06:	681b      	ldr	r3, [r3, #0]
10006d08:	639a      	str	r2, [r3, #56]	@ 0x38
10006d0a:	6b59      	ldr	r1, [r3, #52]	@ 0x34
10006d0c:	3a18      	subs	r2, #24
10006d0e:	400a      	ands	r2, r1
10006d10:	4905      	ldr	r1, [pc, #20]	@ (10006d28 <stdio_uart_in_chars+0x8c>)
10006d12:	468c      	mov	ip, r1
10006d14:	4463      	add	r3, ip
10006d16:	601a      	str	r2, [r3, #0]
10006d18:	2003      	movs	r0, #3
10006d1a:	4240      	negs	r0, r0
10006d1c:	e7ee      	b.n	10006cfc <stdio_uart_in_chars+0x60>
10006d1e:	46c0      	nop			@ (mov r8, r8)
10006d20:	20000748 	.word	0x20000748
10006d24:	20000ce0 	.word	0x20000ce0
10006d28:	00001034 	.word	0x00001034

10006d2c <on_uart_rx>:
10006d2c:	4b06      	ldr	r3, [pc, #24]	@ (10006d48 <on_uart_rx+0x1c>)
10006d2e:	b510      	push	{r4, lr}
10006d30:	681b      	ldr	r3, [r3, #0]
10006d32:	2b00      	cmp	r3, #0
10006d34:	d006      	beq.n	10006d44 <on_uart_rx+0x18>
10006d36:	2100      	movs	r1, #0
10006d38:	4a04      	ldr	r2, [pc, #16]	@ (10006d4c <on_uart_rx+0x20>)
10006d3a:	6812      	ldr	r2, [r2, #0]
10006d3c:	6391      	str	r1, [r2, #56]	@ 0x38
10006d3e:	4a04      	ldr	r2, [pc, #16]	@ (10006d50 <on_uart_rx+0x24>)
10006d40:	6810      	ldr	r0, [r2, #0]
10006d42:	4798      	blx	r3
10006d44:	bd10      	pop	{r4, pc}
10006d46:	46c0      	nop			@ (mov r8, r8)
10006d48:	20000748 	.word	0x20000748
10006d4c:	20000ce0 	.word	0x20000ce0
10006d50:	2000074c 	.word	0x2000074c

10006d54 <stdio_uart_out_flush>:
10006d54:	2208      	movs	r2, #8
10006d56:	4902      	ldr	r1, [pc, #8]	@ (10006d60 <stdio_uart_out_flush+0xc>)
10006d58:	698b      	ldr	r3, [r1, #24]
10006d5a:	421a      	tst	r2, r3
10006d5c:	d1fc      	bne.n	10006d58 <stdio_uart_out_flush+0x4>
10006d5e:	4770      	bx	lr
10006d60:	40034000 	.word	0x40034000

10006d64 <stdio_uart_set_chars_available_callback>:
10006d64:	4b1c      	ldr	r3, [pc, #112]	@ (10006dd8 <stdio_uart_set_chars_available_callback+0x74>)
10006d66:	b5f0      	push	{r4, r5, r6, r7, lr}
10006d68:	681a      	ldr	r2, [r3, #0]
10006d6a:	46c6      	mov	lr, r8
10006d6c:	4698      	mov	r8, r3
10006d6e:	4b1b      	ldr	r3, [pc, #108]	@ (10006ddc <stdio_uart_set_chars_available_callback+0x78>)
10006d70:	000e      	movs	r6, r1
10006d72:	18d3      	adds	r3, r2, r3
10006d74:	4259      	negs	r1, r3
10006d76:	414b      	adcs	r3, r1
10006d78:	4f19      	ldr	r7, [pc, #100]	@ (10006de0 <stdio_uart_set_chars_available_callback+0x7c>)
10006d7a:	3314      	adds	r3, #20
10006d7c:	001c      	movs	r4, r3
10006d7e:	0005      	movs	r5, r0
10006d80:	b500      	push	{lr}
10006d82:	683b      	ldr	r3, [r7, #0]
10006d84:	2800      	cmp	r0, #0
10006d86:	d007      	beq.n	10006d98 <stdio_uart_set_chars_available_callback+0x34>
10006d88:	2b00      	cmp	r3, #0
10006d8a:	d011      	beq.n	10006db0 <stdio_uart_set_chars_available_callback+0x4c>
10006d8c:	4b15      	ldr	r3, [pc, #84]	@ (10006de4 <stdio_uart_set_chars_available_callback+0x80>)
10006d8e:	603d      	str	r5, [r7, #0]
10006d90:	601e      	str	r6, [r3, #0]
10006d92:	bc80      	pop	{r7}
10006d94:	46b8      	mov	r8, r7
10006d96:	bdf0      	pop	{r4, r5, r6, r7, pc}
10006d98:	2b00      	cmp	r3, #0
10006d9a:	d0f7      	beq.n	10006d8c <stdio_uart_set_chars_available_callback+0x28>
10006d9c:	6390      	str	r0, [r2, #56]	@ 0x38
10006d9e:	2100      	movs	r1, #0
10006da0:	0020      	movs	r0, r4
10006da2:	f7fc f93b 	bl	1000301c <irq_set_enabled>
10006da6:	0020      	movs	r0, r4
10006da8:	490f      	ldr	r1, [pc, #60]	@ (10006de8 <stdio_uart_set_chars_available_callback+0x84>)
10006daa:	f7fc f97f 	bl	100030ac <irq_remove_handler>
10006dae:	e7ed      	b.n	10006d8c <stdio_uart_set_chars_available_callback+0x28>
10006db0:	0020      	movs	r0, r4
10006db2:	490d      	ldr	r1, [pc, #52]	@ (10006de8 <stdio_uart_set_chars_available_callback+0x84>)
10006db4:	f7fc f950 	bl	10003058 <irq_set_exclusive_handler>
10006db8:	2101      	movs	r1, #1
10006dba:	0020      	movs	r0, r4
10006dbc:	f7fc f92e 	bl	1000301c <irq_set_enabled>
10006dc0:	4643      	mov	r3, r8
10006dc2:	2250      	movs	r2, #80	@ 0x50
10006dc4:	681b      	ldr	r3, [r3, #0]
10006dc6:	639a      	str	r2, [r3, #56]	@ 0x38
10006dc8:	6b59      	ldr	r1, [r3, #52]	@ 0x34
10006dca:	3a18      	subs	r2, #24
10006dcc:	400a      	ands	r2, r1
10006dce:	4907      	ldr	r1, [pc, #28]	@ (10006dec <stdio_uart_set_chars_available_callback+0x88>)
10006dd0:	468c      	mov	ip, r1
10006dd2:	4463      	add	r3, ip
10006dd4:	601a      	str	r2, [r3, #0]
10006dd6:	e7d9      	b.n	10006d8c <stdio_uart_set_chars_available_callback+0x28>
10006dd8:	20000ce0 	.word	0x20000ce0
10006ddc:	bffc8000 	.word	0xbffc8000
10006de0:	20000748 	.word	0x20000748
10006de4:	2000074c 	.word	0x2000074c
10006de8:	10006d2d 	.word	0x10006d2d
10006dec:	00001034 	.word	0x00001034

10006df0 <stdio_uart_init>:
10006df0:	4b0d      	ldr	r3, [pc, #52]	@ (10006e28 <stdio_uart_init+0x38>)
10006df2:	b510      	push	{r4, lr}
10006df4:	781b      	ldrb	r3, [r3, #0]
10006df6:	4b0d      	ldr	r3, [pc, #52]	@ (10006e2c <stdio_uart_init+0x3c>)
10006df8:	4c0d      	ldr	r4, [pc, #52]	@ (10006e30 <stdio_uart_init+0x40>)
10006dfa:	781b      	ldrb	r3, [r3, #0]
10006dfc:	4b0d      	ldr	r3, [pc, #52]	@ (10006e34 <stdio_uart_init+0x44>)
10006dfe:	2102      	movs	r1, #2
10006e00:	781b      	ldrb	r3, [r3, #0]
10006e02:	4b0d      	ldr	r3, [pc, #52]	@ (10006e38 <stdio_uart_init+0x48>)
10006e04:	2000      	movs	r0, #0
10006e06:	6023      	str	r3, [r4, #0]
10006e08:	f7fc f854 	bl	10002eb4 <gpio_set_function>
10006e0c:	2102      	movs	r1, #2
10006e0e:	2001      	movs	r0, #1
10006e10:	f7fc f850 	bl	10002eb4 <gpio_set_function>
10006e14:	21e1      	movs	r1, #225	@ 0xe1
10006e16:	6820      	ldr	r0, [r4, #0]
10006e18:	0249      	lsls	r1, r1, #9
10006e1a:	f7fc ff6f 	bl	10003cfc <uart_init>
10006e1e:	2101      	movs	r1, #1
10006e20:	4806      	ldr	r0, [pc, #24]	@ (10006e3c <stdio_uart_init+0x4c>)
10006e22:	f7ff fe17 	bl	10006a54 <stdio_set_driver_enabled>
10006e26:	bd10      	pop	{r4, pc}
10006e28:	1005fd6c 	.word	0x1005fd6c
10006e2c:	1005fd68 	.word	0x1005fd68
10006e30:	20000ce0 	.word	0x20000ce0
10006e34:	1005fd64 	.word	0x1005fd64
10006e38:	40034000 	.word	0x40034000
10006e3c:	200003a0 	.word	0x200003a0

10006e40 <spi_init>:
10006e40:	4b48      	ldr	r3, [pc, #288]	@ (10006f64 <spi_init+0x124>)
10006e42:	0002      	movs	r2, r0
10006e44:	469c      	mov	ip, r3
10006e46:	4462      	add	r2, ip
10006e48:	1e53      	subs	r3, r2, #1
10006e4a:	419a      	sbcs	r2, r3
10006e4c:	2380      	movs	r3, #128	@ 0x80
10006e4e:	b5f0      	push	{r4, r5, r6, r7, lr}
10006e50:	464e      	mov	r6, r9
10006e52:	46de      	mov	lr, fp
10006e54:	4657      	mov	r7, sl
10006e56:	4645      	mov	r5, r8
10006e58:	025b      	lsls	r3, r3, #9
10006e5a:	469c      	mov	ip, r3
10006e5c:	b5e0      	push	{r5, r6, r7, lr}
10006e5e:	4b42      	ldr	r3, [pc, #264]	@ (10006f68 <spi_init+0x128>)
10006e60:	0412      	lsls	r2, r2, #16
10006e62:	4462      	add	r2, ip
10006e64:	b085      	sub	sp, #20
10006e66:	9002      	str	r0, [sp, #8]
10006e68:	601a      	str	r2, [r3, #0]
10006e6a:	4b40      	ldr	r3, [pc, #256]	@ (10006f6c <spi_init+0x12c>)
10006e6c:	000e      	movs	r6, r1
10006e6e:	4940      	ldr	r1, [pc, #256]	@ (10006f70 <spi_init+0x130>)
10006e70:	601a      	str	r2, [r3, #0]
10006e72:	0010      	movs	r0, r2
10006e74:	680b      	ldr	r3, [r1, #0]
10006e76:	4398      	bics	r0, r3
10006e78:	d1fb      	bne.n	10006e72 <spi_init+0x32>
10006e7a:	2006      	movs	r0, #6
10006e7c:	f7fd f8bc 	bl	10003ff8 <clock_get_hz>
10006e80:	2302      	movs	r3, #2
10006e82:	9902      	ldr	r1, [sp, #8]
10006e84:	0004      	movs	r4, r0
10006e86:	468c      	mov	ip, r1
10006e88:	684a      	ldr	r2, [r1, #4]
10006e8a:	9001      	str	r0, [sp, #4]
10006e8c:	401a      	ands	r2, r3
10006e8e:	9203      	str	r2, [sp, #12]
10006e90:	1d0a      	adds	r2, r1, #4
10006e92:	4690      	mov	r8, r2
10006e94:	4a37      	ldr	r2, [pc, #220]	@ (10006f74 <spi_init+0x134>)
10006e96:	0df1      	lsrs	r1, r6, #23
10006e98:	4462      	add	r2, ip
10006e9a:	4691      	mov	r9, r2
10006e9c:	6013      	str	r3, [r2, #0]
10006e9e:	0270      	lsls	r0, r6, #9
10006ea0:	2900      	cmp	r1, #0
10006ea2:	d15a      	bne.n	10006f5a <spi_init+0x11a>
10006ea4:	42a0      	cmp	r0, r4
10006ea6:	d858      	bhi.n	10006f5a <spi_init+0x11a>
10006ea8:	2480      	movs	r4, #128	@ 0x80
10006eaa:	0064      	lsls	r4, r4, #1
10006eac:	2702      	movs	r7, #2
10006eae:	46a2      	mov	sl, r4
10006eb0:	46b4      	mov	ip, r6
10006eb2:	0db3      	lsrs	r3, r6, #22
10006eb4:	02b2      	lsls	r2, r6, #10
10006eb6:	e004      	b.n	10006ec2 <spi_init+0x82>
10006eb8:	9e01      	ldr	r6, [sp, #4]
10006eba:	4296      	cmp	r6, r2
10006ebc:	d30a      	bcc.n	10006ed4 <spi_init+0x94>
10006ebe:	0022      	movs	r2, r4
10006ec0:	002b      	movs	r3, r5
10006ec2:	3702      	adds	r7, #2
10006ec4:	4557      	cmp	r7, sl
10006ec6:	d005      	beq.n	10006ed4 <spi_init+0x94>
10006ec8:	0004      	movs	r4, r0
10006eca:	000d      	movs	r5, r1
10006ecc:	18a4      	adds	r4, r4, r2
10006ece:	415d      	adcs	r5, r3
10006ed0:	2b00      	cmp	r3, #0
10006ed2:	d0f1      	beq.n	10006eb8 <spi_init+0x78>
10006ed4:	4666      	mov	r6, ip
10006ed6:	9b01      	ldr	r3, [sp, #4]
10006ed8:	2580      	movs	r5, #128	@ 0x80
10006eda:	469a      	mov	sl, r3
10006edc:	46b3      	mov	fp, r6
10006ede:	023c      	lsls	r4, r7, #8
10006ee0:	1be4      	subs	r4, r4, r7
10006ee2:	006d      	lsls	r5, r5, #1
10006ee4:	002e      	movs	r6, r5
10006ee6:	3d01      	subs	r5, #1
10006ee8:	2d00      	cmp	r5, #0
10006eea:	d038      	beq.n	10006f5e <spi_init+0x11e>
10006eec:	0021      	movs	r1, r4
10006eee:	4650      	mov	r0, sl
10006ef0:	f7fd fa44 	bl	1000437c <__wrap___aeabi_uidiv>
10006ef4:	1be4      	subs	r4, r4, r7
10006ef6:	4583      	cmp	fp, r0
10006ef8:	d2f4      	bcs.n	10006ee4 <spi_init+0xa4>
10006efa:	0031      	movs	r1, r6
10006efc:	4379      	muls	r1, r7
10006efe:	022d      	lsls	r5, r5, #8
10006f00:	9c02      	ldr	r4, [sp, #8]
10006f02:	22ff      	movs	r2, #255	@ 0xff
10006f04:	2680      	movs	r6, #128	@ 0x80
10006f06:	46a4      	mov	ip, r4
10006f08:	6127      	str	r7, [r4, #16]
10006f0a:	6823      	ldr	r3, [r4, #0]
10006f0c:	0212      	lsls	r2, r2, #8
10006f0e:	406b      	eors	r3, r5
10006f10:	0176      	lsls	r6, r6, #5
10006f12:	4466      	add	r6, ip
10006f14:	4013      	ands	r3, r2
10006f16:	6033      	str	r3, [r6, #0]
10006f18:	2380      	movs	r3, #128	@ 0x80
10006f1a:	9a03      	ldr	r2, [sp, #12]
10006f1c:	019b      	lsls	r3, r3, #6
10006f1e:	4443      	add	r3, r8
10006f20:	601a      	str	r2, [r3, #0]
10006f22:	464d      	mov	r5, r9
10006f24:	2202      	movs	r2, #2
10006f26:	2707      	movs	r7, #7
10006f28:	6860      	ldr	r0, [r4, #4]
10006f2a:	602a      	str	r2, [r5, #0]
10006f2c:	6825      	ldr	r5, [r4, #0]
10006f2e:	4010      	ands	r0, r2
10006f30:	406f      	eors	r7, r5
10006f32:	25cf      	movs	r5, #207	@ 0xcf
10006f34:	403d      	ands	r5, r7
10006f36:	6035      	str	r5, [r6, #0]
10006f38:	6018      	str	r0, [r3, #0]
10006f3a:	480f      	ldr	r0, [pc, #60]	@ (10006f78 <spi_init+0x138>)
10006f3c:	4684      	mov	ip, r0
10006f3e:	2003      	movs	r0, #3
10006f40:	4464      	add	r4, ip
10006f42:	6020      	str	r0, [r4, #0]
10006f44:	9801      	ldr	r0, [sp, #4]
10006f46:	601a      	str	r2, [r3, #0]
10006f48:	f7fd fa18 	bl	1000437c <__wrap___aeabi_uidiv>
10006f4c:	b005      	add	sp, #20
10006f4e:	bcf0      	pop	{r4, r5, r6, r7}
10006f50:	46bb      	mov	fp, r7
10006f52:	46b2      	mov	sl, r6
10006f54:	46a9      	mov	r9, r5
10006f56:	46a0      	mov	r8, r4
10006f58:	bdf0      	pop	{r4, r5, r6, r7, pc}
10006f5a:	2702      	movs	r7, #2
10006f5c:	e7bb      	b.n	10006ed6 <spi_init+0x96>
10006f5e:	0039      	movs	r1, r7
10006f60:	e7ce      	b.n	10006f00 <spi_init+0xc0>
10006f62:	46c0      	nop			@ (mov r8, r8)
10006f64:	bffc4000 	.word	0xbffc4000
10006f68:	4000e000 	.word	0x4000e000
10006f6c:	4000f000 	.word	0x4000f000
10006f70:	4000c008 	.word	0x4000c008
10006f74:	00003004 	.word	0x00003004
10006f78:	00002024 	.word	0x00002024

10006f7c <core1_trampoline>:
10006f7c:	bd03      	pop	{r0, r1, pc}
10006f7e:	46c0      	nop			@ (mov r8, r8)

10006f80 <core1_wrapper>:
10006f80:	b510      	push	{r4, lr}
10006f82:	0004      	movs	r4, r0
10006f84:	f7fd f8c8 	bl	10004118 <runtime_run_per_core_initializers>
10006f88:	47a0      	blx	r4
10006f8a:	bd10      	pop	{r4, pc}

10006f8c <multicore_launch_core1_raw>:
10006f8c:	b5f0      	push	{r4, r5, r6, r7, lr}
10006f8e:	0004      	movs	r4, r0
10006f90:	b087      	sub	sp, #28
10006f92:	200f      	movs	r0, #15
10006f94:	000e      	movs	r6, r1
10006f96:	0017      	movs	r7, r2
10006f98:	f7fc f852 	bl	10003040 <irq_is_enabled>
10006f9c:	2100      	movs	r1, #0
10006f9e:	0005      	movs	r5, r0
10006fa0:	200f      	movs	r0, #15
10006fa2:	f7fc f83b 	bl	1000301c <irq_set_enabled>
10006fa6:	2300      	movs	r3, #0
10006fa8:	2200      	movs	r2, #0
10006faa:	9200      	str	r2, [sp, #0]
10006fac:	9301      	str	r3, [sp, #4]
10006fae:	2301      	movs	r3, #1
10006fb0:	9302      	str	r3, [sp, #8]
10006fb2:	23d0      	movs	r3, #208	@ 0xd0
10006fb4:	9604      	str	r6, [sp, #16]
10006fb6:	9405      	str	r4, [sp, #20]
10006fb8:	2600      	movs	r6, #0
10006fba:	2400      	movs	r4, #0
10006fbc:	2101      	movs	r1, #1
10006fbe:	2002      	movs	r0, #2
10006fc0:	9703      	str	r7, [sp, #12]
10006fc2:	061b      	lsls	r3, r3, #24
10006fc4:	2c00      	cmp	r4, #0
10006fc6:	d014      	beq.n	10006ff2 <multicore_launch_core1_raw+0x66>
10006fc8:	6d1a      	ldr	r2, [r3, #80]	@ 0x50
10006fca:	4210      	tst	r0, r2
10006fcc:	d0fc      	beq.n	10006fc8 <multicore_launch_core1_raw+0x3c>
10006fce:	655c      	str	r4, [r3, #84]	@ 0x54
10006fd0:	bf40      	sev
10006fd2:	6d1a      	ldr	r2, [r3, #80]	@ 0x50
10006fd4:	4211      	tst	r1, r2
10006fd6:	d103      	bne.n	10006fe0 <multicore_launch_core1_raw+0x54>
10006fd8:	bf20      	wfe
10006fda:	6d1a      	ldr	r2, [r3, #80]	@ 0x50
10006fdc:	4211      	tst	r1, r2
10006fde:	d0fb      	beq.n	10006fd8 <multicore_launch_core1_raw+0x4c>
10006fe0:	6d9a      	ldr	r2, [r3, #88]	@ 0x58
10006fe2:	42a2      	cmp	r2, r4
10006fe4:	d00a      	beq.n	10006ffc <multicore_launch_core1_raw+0x70>
10006fe6:	2600      	movs	r6, #0
10006fe8:	466c      	mov	r4, sp
10006fea:	00b2      	lsls	r2, r6, #2
10006fec:	58a4      	ldr	r4, [r4, r2]
10006fee:	e7e9      	b.n	10006fc4 <multicore_launch_core1_raw+0x38>
10006ff0:	6d9a      	ldr	r2, [r3, #88]	@ 0x58
10006ff2:	6d1a      	ldr	r2, [r3, #80]	@ 0x50
10006ff4:	4211      	tst	r1, r2
10006ff6:	d1fb      	bne.n	10006ff0 <multicore_launch_core1_raw+0x64>
10006ff8:	bf40      	sev
10006ffa:	e7e5      	b.n	10006fc8 <multicore_launch_core1_raw+0x3c>
10006ffc:	3601      	adds	r6, #1
10006ffe:	2e06      	cmp	r6, #6
10007000:	d1f2      	bne.n	10006fe8 <multicore_launch_core1_raw+0x5c>
10007002:	0029      	movs	r1, r5
10007004:	200f      	movs	r0, #15
10007006:	f7fc f809 	bl	1000301c <irq_set_enabled>
1000700a:	b007      	add	sp, #28
1000700c:	bdf0      	pop	{r4, r5, r6, r7, pc}
1000700e:	46c0      	nop			@ (mov r8, r8)

10007010 <multicore_launch_core1>:
10007010:	4b0d      	ldr	r3, [pc, #52]	@ (10007048 <multicore_launch_core1+0x38>)
10007012:	4a0e      	ldr	r2, [pc, #56]	@ (1000704c <multicore_launch_core1+0x3c>)
10007014:	b570      	push	{r4, r5, r6, lr}
10007016:	4293      	cmp	r3, r2
10007018:	d310      	bcc.n	1000703c <multicore_launch_core1+0x2c>
1000701a:	001c      	movs	r4, r3
1000701c:	4a0c      	ldr	r2, [pc, #48]	@ (10007050 <multicore_launch_core1+0x40>)
1000701e:	1899      	adds	r1, r3, r2
10007020:	4d0b      	ldr	r5, [pc, #44]	@ (10007050 <multicore_launch_core1+0x40>)
10007022:	4a0c      	ldr	r2, [pc, #48]	@ (10007054 <multicore_launch_core1+0x44>)
10007024:	6892      	ldr	r2, [r2, #8]
10007026:	5160      	str	r0, [r4, r5]
10007028:	20ff      	movs	r0, #255	@ 0xff
1000702a:	00c0      	lsls	r0, r0, #3
1000702c:	5023      	str	r3, [r4, r0]
1000702e:	4b0a      	ldr	r3, [pc, #40]	@ (10007058 <multicore_launch_core1+0x48>)
10007030:	480a      	ldr	r0, [pc, #40]	@ (1000705c <multicore_launch_core1+0x4c>)
10007032:	5023      	str	r3, [r4, r0]
10007034:	480a      	ldr	r0, [pc, #40]	@ (10007060 <multicore_launch_core1+0x50>)
10007036:	f7ff ffa9 	bl	10006f8c <multicore_launch_core1_raw>
1000703a:	bd70      	pop	{r4, r5, r6, pc}
1000703c:	2301      	movs	r3, #1
1000703e:	425b      	negs	r3, r3
10007040:	001c      	movs	r4, r3
10007042:	4908      	ldr	r1, [pc, #32]	@ (10007064 <multicore_launch_core1+0x54>)
10007044:	e7ec      	b.n	10007020 <multicore_launch_core1+0x10>
10007046:	46c0      	nop			@ (mov r8, r8)
10007048:	20040800 	.word	0x20040800
1000704c:	20040000 	.word	0x20040000
10007050:	000007f4 	.word	0x000007f4
10007054:	e000ed00 	.word	0xe000ed00
10007058:	10006f81 	.word	0x10006f81
1000705c:	000007fc 	.word	0x000007fc
10007060:	10006f7d 	.word	0x10006f7d
10007064:	000007f3 	.word	0x000007f3

10007068 <strlen>:
10007068:	b510      	push	{r4, lr}
1000706a:	0783      	lsls	r3, r0, #30
1000706c:	d00a      	beq.n	10007084 <strlen+0x1c>
1000706e:	0003      	movs	r3, r0
10007070:	2103      	movs	r1, #3
10007072:	e002      	b.n	1000707a <strlen+0x12>
10007074:	3301      	adds	r3, #1
10007076:	420b      	tst	r3, r1
10007078:	d005      	beq.n	10007086 <strlen+0x1e>
1000707a:	781a      	ldrb	r2, [r3, #0]
1000707c:	2a00      	cmp	r2, #0
1000707e:	d1f9      	bne.n	10007074 <strlen+0xc>
10007080:	1a18      	subs	r0, r3, r0
10007082:	bd10      	pop	{r4, pc}
10007084:	0003      	movs	r3, r0
10007086:	6819      	ldr	r1, [r3, #0]
10007088:	4a0c      	ldr	r2, [pc, #48]	@ (100070bc <strlen+0x54>)
1000708a:	4c0d      	ldr	r4, [pc, #52]	@ (100070c0 <strlen+0x58>)
1000708c:	188a      	adds	r2, r1, r2
1000708e:	438a      	bics	r2, r1
10007090:	4222      	tst	r2, r4
10007092:	d10f      	bne.n	100070b4 <strlen+0x4c>
10007094:	6859      	ldr	r1, [r3, #4]
10007096:	4a09      	ldr	r2, [pc, #36]	@ (100070bc <strlen+0x54>)
10007098:	3304      	adds	r3, #4
1000709a:	188a      	adds	r2, r1, r2
1000709c:	438a      	bics	r2, r1
1000709e:	4222      	tst	r2, r4
100070a0:	d108      	bne.n	100070b4 <strlen+0x4c>
100070a2:	6859      	ldr	r1, [r3, #4]
100070a4:	4a05      	ldr	r2, [pc, #20]	@ (100070bc <strlen+0x54>)
100070a6:	3304      	adds	r3, #4
100070a8:	188a      	adds	r2, r1, r2
100070aa:	438a      	bics	r2, r1
100070ac:	4222      	tst	r2, r4
100070ae:	d0f1      	beq.n	10007094 <strlen+0x2c>
100070b0:	e000      	b.n	100070b4 <strlen+0x4c>
100070b2:	3301      	adds	r3, #1
100070b4:	781a      	ldrb	r2, [r3, #0]
100070b6:	2a00      	cmp	r2, #0
100070b8:	d1fb      	bne.n	100070b2 <strlen+0x4a>
100070ba:	e7e1      	b.n	10007080 <strlen+0x18>
100070bc:	fefefeff 	.word	0xfefefeff
100070c0:	80808080 	.word	0x80808080

100070c4 <_fini>:
100070c4:	b5f8      	push	{r3, r4, r5, r6, r7, lr}
100070c6:	46c0      	nop			@ (mov r8, r8)

100070c8 <__sem_release_veneer>:
100070c8:	b401      	push	{r0}
100070ca:	4802      	ldr	r0, [pc, #8]	@ (100070d4 <__sem_release_veneer+0xc>)
100070cc:	4684      	mov	ip, r0
100070ce:	bc01      	pop	{r0}
100070d0:	4760      	bx	ip
100070d2:	bf00      	nop
100070d4:	20000149 	.word	0x20000149

100070d8 <__mutex_exit_veneer>:
100070d8:	b401      	push	{r0}
100070da:	4802      	ldr	r0, [pc, #8]	@ (100070e4 <__mutex_exit_veneer+0xc>)
100070dc:	4684      	mov	ip, r0
100070de:	bc01      	pop	{r0}
100070e0:	4760      	bx	ip
100070e2:	bf00      	nop
100070e4:	20000231 	.word	0x20000231

100070e8 <____aeabi_ldiv0_veneer>:
100070e8:	b401      	push	{r0}
100070ea:	4802      	ldr	r0, [pc, #8]	@ (100070f4 <____aeabi_ldiv0_veneer+0xc>)
100070ec:	4684      	mov	ip, r0
100070ee:	bc01      	pop	{r0}
100070f0:	4760      	bx	ip
100070f2:	bf00      	nop
100070f4:	200002a5 	.word	0x200002a5

100070f8 <____aeabi_idiv0_veneer>:
100070f8:	b401      	push	{r0}
100070fa:	4802      	ldr	r0, [pc, #8]	@ (10007104 <____aeabi_idiv0_veneer+0xc>)
100070fc:	4684      	mov	ip, r0
100070fe:	bc01      	pop	{r0}
10007100:	4760      	bx	ip
10007102:	bf00      	nop
10007104:	200002a5 	.word	0x200002a5

10007108 <__sem_acquire_blocking_veneer>:
10007108:	b401      	push	{r0}
1000710a:	4802      	ldr	r0, [pc, #8]	@ (10007114 <__sem_acquire_blocking_veneer+0xc>)
1000710c:	4684      	mov	ip, r0
1000710e:	bc01      	pop	{r0}
10007110:	4760      	bx	ip
10007112:	bf00      	nop
10007114:	200000c1 	.word	0x200000c1

10007118 <__spi_write_blocking_veneer>:
10007118:	b401      	push	{r0}
1000711a:	4802      	ldr	r0, [pc, #8]	@ (10007124 <__spi_write_blocking_veneer+0xc>)
1000711c:	4684      	mov	ip, r0
1000711e:	bc01      	pop	{r0}
10007120:	4760      	bx	ip
10007122:	bf00      	nop
10007124:	20000259 	.word	0x20000259

10007128 <__sem_try_acquire_veneer>:
10007128:	b401      	push	{r0}
1000712a:	4802      	ldr	r0, [pc, #8]	@ (10007134 <__sem_try_acquire_veneer+0xc>)
1000712c:	4684      	mov	ip, r0
1000712e:	bc01      	pop	{r0}
10007130:	4760      	bx	ip
10007132:	bf00      	nop
10007134:	20000105 	.word	0x20000105

10007138 <__mutex_try_enter_block_until_veneer>:
10007138:	b401      	push	{r0}
1000713a:	4802      	ldr	r0, [pc, #8]	@ (10007144 <__mutex_try_enter_block_until_veneer+0xc>)
1000713c:	4684      	mov	ip, r0
1000713e:	bc01      	pop	{r0}
10007140:	4760      	bx	ip
10007142:	bf00      	nop
10007144:	20000195 	.word	0x20000195

10007148 <__pre_init_runtime_init_early_resets>:
10007148:	10004141                                AA..

1000714c <__pre_init_runtime_init_usb_power_down>:
1000714c:	1000416d 100042b9 10005079 100049b1     mA...B..yP...I..
1000715c:	10004fe9                                .O..

10007160 <__pre_init_runtime_init_clocks>:
10007160:	100041e1                                .A..

10007164 <__pre_init_runtime_init_post_clock_resets>:
10007164:	10004189                                .A..

10007168 <__pre_init_runtime_init_rp2040_gpio_ie_disable>:
10007168:	100041a9                                .A..

1000716c <__pre_init_runtime_init_spin_locks_reset>:
1000716c:	100041bd                                .A..

10007170 <__pre_init_runtime_init_mutex>:
10007170:	10003365                                e3..

10007174 <__pre_init_runtime_init_install_ram_vector_table>:
10007174:	100041c5                                .A..

10007178 <__pre_init_runtime_init_default_alarm_pool>:
10007178:	100036c9                                .6..

1000717c <__pre_init_first_per_core_initializer>:
1000717c:	100040e1                                .@..

10007180 <__pre_init_runtime_init_per_core_irq_priorities>:
10007180:	10002ff9                                ./..

10007184 <__frame_dummy_init_array_entry>:
10007184:	100002b1                                ....

Disassembly of section .data:

200000c0 <sem_acquire_blocking>:
200000c0:	b510      	push	{r4, lr}
200000c2:	2400      	movs	r4, #0
200000c4:	e006      	b.n	200000d4 <sem_acquire_blocking+0x14>
200000c6:	6803      	ldr	r3, [r0, #0]
200000c8:	f3bf 8f5f 	dmb	sy
200000cc:	601c      	str	r4, [r3, #0]
200000ce:	f381 8810 	msr	PRIMASK, r1
200000d2:	bf20      	wfe
200000d4:	6802      	ldr	r2, [r0, #0]
200000d6:	f3ef 8110 	mrs	r1, PRIMASK
200000da:	b672      	cpsid	i
200000dc:	6813      	ldr	r3, [r2, #0]
200000de:	2b00      	cmp	r3, #0
200000e0:	d0fc      	beq.n	200000dc <sem_acquire_blocking+0x1c>
200000e2:	f3bf 8f5f 	dmb	sy
200000e6:	2204      	movs	r2, #4
200000e8:	5e83      	ldrsh	r3, [r0, r2]
200000ea:	2b00      	cmp	r3, #0
200000ec:	ddeb      	ble.n	200000c6 <sem_acquire_blocking+0x6>
200000ee:	3b01      	subs	r3, #1
200000f0:	8083      	strh	r3, [r0, #4]
200000f2:	6803      	ldr	r3, [r0, #0]
200000f4:	f3bf 8f5f 	dmb	sy
200000f8:	2200      	movs	r2, #0
200000fa:	601a      	str	r2, [r3, #0]
200000fc:	f381 8810 	msr	PRIMASK, r1
20000100:	bd10      	pop	{r4, pc}
20000102:	46c0      	nop			@ (mov r8, r8)

20000104 <sem_try_acquire>:
20000104:	6802      	ldr	r2, [r0, #0]
20000106:	f3ef 8110 	mrs	r1, PRIMASK
2000010a:	b672      	cpsid	i
2000010c:	6813      	ldr	r3, [r2, #0]
2000010e:	2b00      	cmp	r3, #0
20000110:	d0fc      	beq.n	2000010c <sem_try_acquire+0x8>
20000112:	f3bf 8f5f 	dmb	sy
20000116:	2204      	movs	r2, #4
20000118:	5e83      	ldrsh	r3, [r0, r2]
2000011a:	2b00      	cmp	r3, #0
2000011c:	dc08      	bgt.n	20000130 <sem_try_acquire+0x2c>
2000011e:	6803      	ldr	r3, [r0, #0]
20000120:	f3bf 8f5f 	dmb	sy
20000124:	2200      	movs	r2, #0
20000126:	601a      	str	r2, [r3, #0]
20000128:	f381 8810 	msr	PRIMASK, r1
2000012c:	2000      	movs	r0, #0
2000012e:	4770      	bx	lr
20000130:	3b01      	subs	r3, #1
20000132:	8083      	strh	r3, [r0, #4]
20000134:	6803      	ldr	r3, [r0, #0]
20000136:	f3bf 8f5f 	dmb	sy
2000013a:	2200      	movs	r2, #0
2000013c:	601a      	str	r2, [r3, #0]
2000013e:	f381 8810 	msr	PRIMASK, r1
20000142:	2001      	movs	r0, #1
20000144:	e7f3      	b.n	2000012e <sem_try_acquire+0x2a>
20000146:	46c0      	nop			@ (mov r8, r8)

20000148 <sem_release>:
20000148:	b510      	push	{r4, lr}
2000014a:	6802      	ldr	r2, [r0, #0]
2000014c:	f3ef 8110 	mrs	r1, PRIMASK
20000150:	b672      	cpsid	i
20000152:	6813      	ldr	r3, [r2, #0]
20000154:	2b00      	cmp	r3, #0
20000156:	d0fc      	beq.n	20000152 <sem_release+0xa>
20000158:	f3bf 8f5f 	dmb	sy
2000015c:	2204      	movs	r2, #4
2000015e:	5e83      	ldrsh	r3, [r0, r2]
20000160:	2406      	movs	r4, #6
20000162:	5f02      	ldrsh	r2, [r0, r4]
20000164:	429a      	cmp	r2, r3
20000166:	dd0b      	ble.n	20000180 <sem_release+0x38>
20000168:	3301      	adds	r3, #1
2000016a:	8083      	strh	r3, [r0, #4]
2000016c:	6803      	ldr	r3, [r0, #0]
2000016e:	f3bf 8f5f 	dmb	sy
20000172:	2200      	movs	r2, #0
20000174:	601a      	str	r2, [r3, #0]
20000176:	f381 8810 	msr	PRIMASK, r1
2000017a:	bf40      	sev
2000017c:	2001      	movs	r0, #1
2000017e:	bd10      	pop	{r4, pc}
20000180:	6803      	ldr	r3, [r0, #0]
20000182:	f3bf 8f5f 	dmb	sy
20000186:	2200      	movs	r2, #0
20000188:	601a      	str	r2, [r3, #0]
2000018a:	f381 8810 	msr	PRIMASK, r1
2000018e:	2000      	movs	r0, #0
20000190:	e7f5      	b.n	2000017e <sem_release+0x36>
20000192:	46c0      	nop			@ (mov r8, r8)

20000194 <mutex_try_enter_block_until>:
20000194:	b5f0      	push	{r4, r5, r6, r7, lr}
20000196:	46c6      	mov	lr, r8
20000198:	0015      	movs	r5, r2
2000019a:	b500      	push	{lr}
2000019c:	0004      	movs	r4, r0
2000019e:	001e      	movs	r6, r3
200001a0:	6802      	ldr	r2, [r0, #0]
200001a2:	f3ef 8110 	mrs	r1, PRIMASK
200001a6:	b672      	cpsid	i
200001a8:	6813      	ldr	r3, [r2, #0]
200001aa:	2b00      	cmp	r3, #0
200001ac:	d0fc      	beq.n	200001a8 <mutex_try_enter_block_until+0x14>
200001ae:	f3bf 8f5f 	dmb	sy
200001b2:	2304      	movs	r3, #4
200001b4:	56e3      	ldrsb	r3, [r4, r3]
200001b6:	2b00      	cmp	r3, #0
200001b8:	db2d      	blt.n	20000216 <mutex_try_enter_block_until+0x82>
200001ba:	6822      	ldr	r2, [r4, #0]
200001bc:	f3bf 8f5f 	dmb	sy
200001c0:	2000      	movs	r0, #0
200001c2:	6010      	str	r0, [r2, #0]
200001c4:	f381 8810 	msr	PRIMASK, r1
200001c8:	22d0      	movs	r2, #208	@ 0xd0
200001ca:	0612      	lsls	r2, r2, #24
200001cc:	7812      	ldrb	r2, [r2, #0]
200001ce:	b252      	sxtb	r2, r2
200001d0:	4690      	mov	r8, r2
200001d2:	429a      	cmp	r2, r3
200001d4:	d103      	bne.n	200001de <mutex_try_enter_block_until+0x4a>
200001d6:	2000      	movs	r0, #0
200001d8:	bc80      	pop	{r7}
200001da:	46b8      	mov	r8, r7
200001dc:	bdf0      	pop	{r4, r5, r6, r7, pc}
200001de:	2700      	movs	r7, #0
200001e0:	e00b      	b.n	200001fa <mutex_try_enter_block_until+0x66>
200001e2:	6823      	ldr	r3, [r4, #0]
200001e4:	f3bf 8f5f 	dmb	sy
200001e8:	601f      	str	r7, [r3, #0]
200001ea:	f381 8810 	msr	PRIMASK, r1
200001ee:	0028      	movs	r0, r5
200001f0:	0031      	movs	r1, r6
200001f2:	f000 f859 	bl	200002a8 <__best_effort_wfe_or_timeout_veneer>
200001f6:	2800      	cmp	r0, #0
200001f8:	d1ed      	bne.n	200001d6 <mutex_try_enter_block_until+0x42>
200001fa:	6822      	ldr	r2, [r4, #0]
200001fc:	f3ef 8110 	mrs	r1, PRIMASK
20000200:	b672      	cpsid	i
20000202:	6813      	ldr	r3, [r2, #0]
20000204:	2b00      	cmp	r3, #0
20000206:	d0fc      	beq.n	20000202 <mutex_try_enter_block_until+0x6e>
20000208:	f3bf 8f5f 	dmb	sy
2000020c:	7923      	ldrb	r3, [r4, #4]
2000020e:	2b7f      	cmp	r3, #127	@ 0x7f
20000210:	d9e7      	bls.n	200001e2 <mutex_try_enter_block_until+0x4e>
20000212:	4643      	mov	r3, r8
20000214:	e002      	b.n	2000021c <mutex_try_enter_block_until+0x88>
20000216:	23d0      	movs	r3, #208	@ 0xd0
20000218:	061b      	lsls	r3, r3, #24
2000021a:	681b      	ldr	r3, [r3, #0]
2000021c:	7123      	strb	r3, [r4, #4]
2000021e:	6823      	ldr	r3, [r4, #0]
20000220:	f3bf 8f5f 	dmb	sy
20000224:	2200      	movs	r2, #0
20000226:	601a      	str	r2, [r3, #0]
20000228:	f381 8810 	msr	PRIMASK, r1
2000022c:	2001      	movs	r0, #1
2000022e:	e7d3      	b.n	200001d8 <mutex_try_enter_block_until+0x44>

20000230 <mutex_exit>:
20000230:	6802      	ldr	r2, [r0, #0]
20000232:	f3ef 8110 	mrs	r1, PRIMASK
20000236:	b672      	cpsid	i
20000238:	6813      	ldr	r3, [r2, #0]
2000023a:	2b00      	cmp	r3, #0
2000023c:	d0fc      	beq.n	20000238 <mutex_exit+0x8>
2000023e:	f3bf 8f5f 	dmb	sy
20000242:	23ff      	movs	r3, #255	@ 0xff
20000244:	7103      	strb	r3, [r0, #4]
20000246:	6803      	ldr	r3, [r0, #0]
20000248:	f3bf 8f5f 	dmb	sy
2000024c:	2200      	movs	r2, #0
2000024e:	601a      	str	r2, [r3, #0]
20000250:	f381 8810 	msr	PRIMASK, r1
20000254:	bf40      	sev
20000256:	4770      	bx	lr

20000258 <spi_write_blocking>:
20000258:	b530      	push	{r4, r5, lr}
2000025a:	0004      	movs	r4, r0
2000025c:	1e10      	subs	r0, r2, #0
2000025e:	d00a      	beq.n	20000276 <spi_write_blocking+0x1e>
20000260:	000a      	movs	r2, r1
20000262:	180d      	adds	r5, r1, r0
20000264:	2102      	movs	r1, #2
20000266:	68e3      	ldr	r3, [r4, #12]
20000268:	4219      	tst	r1, r3
2000026a:	d0fc      	beq.n	20000266 <spi_write_blocking+0xe>
2000026c:	7813      	ldrb	r3, [r2, #0]
2000026e:	3201      	adds	r2, #1
20000270:	60a3      	str	r3, [r4, #8]
20000272:	4295      	cmp	r5, r2
20000274:	d1f7      	bne.n	20000266 <spi_write_blocking+0xe>
20000276:	68e3      	ldr	r3, [r4, #12]
20000278:	075b      	lsls	r3, r3, #29
2000027a:	d504      	bpl.n	20000286 <spi_write_blocking+0x2e>
2000027c:	2104      	movs	r1, #4
2000027e:	68a3      	ldr	r3, [r4, #8]
20000280:	68e3      	ldr	r3, [r4, #12]
20000282:	4219      	tst	r1, r3
20000284:	d1fb      	bne.n	2000027e <spi_write_blocking+0x26>
20000286:	2110      	movs	r1, #16
20000288:	68e3      	ldr	r3, [r4, #12]
2000028a:	4219      	tst	r1, r3
2000028c:	d1fc      	bne.n	20000288 <spi_write_blocking+0x30>
2000028e:	68e3      	ldr	r3, [r4, #12]
20000290:	075b      	lsls	r3, r3, #29
20000292:	d504      	bpl.n	2000029e <spi_write_blocking+0x46>
20000294:	2104      	movs	r1, #4
20000296:	68a3      	ldr	r3, [r4, #8]
20000298:	68e3      	ldr	r3, [r4, #12]
2000029a:	4219      	tst	r1, r3
2000029c:	d1fb      	bne.n	20000296 <spi_write_blocking+0x3e>
2000029e:	2301      	movs	r3, #1
200002a0:	6223      	str	r3, [r4, #32]
200002a2:	bd30      	pop	{r4, r5, pc}

200002a4 <__aeabi_idiv0>:
200002a4:	4770      	bx	lr
200002a6:	46c0      	nop			@ (mov r8, r8)

200002a8 <__best_effort_wfe_or_timeout_veneer>:
200002a8:	b401      	push	{r0}
200002aa:	4802      	ldr	r0, [pc, #8]	@ (200002b4 <__best_effort_wfe_or_timeout_veneer+0xc>)
200002ac:	4684      	mov	ip, r0
200002ae:	bc01      	pop	{r0}
200002b0:	4760      	bx	ip
200002b2:	bf00      	nop
200002b4:	100039e1 	.word	0x100039e1

200002b8 <isBlinkOn>:
200002b8:	00000001                                ....

200002bc <gLCD_printf_ColorF>:
200002bc:	0000ffff                                ....

200002c0 <BMP_RAILWAY_B>:
200002c0:	ffff0000 ffffffff ffffffff ffff27e4     .............'..
200002d0:	ff00ffff ffffffff fffff800 ffffffff     ................

200002e0 <soundsts.0>:
200002e0:	1005f9f0 00000001 1005f9f0 00000001     ................

200002f0 <buttons>:
200002f0:	00000000 00000101 00000001 00000101     ................
20000300:	0000000a 00000101 0000000b 00000101     ................

20000310 <striped_spin_lock_num>:
20000310:	00000010                                ....

20000314 <irq_handler_chain_slots>:
20000314:	00000000 	.word	0x00000000
20000318:	00010000 	.word	0x00010000
	...
20000324:	00020000 	.word	0x00020000
	...
20000330:	00030000 	.word	0x00030000
	...
2000033c:	00ff0000 	.word	0x00ff0000
20000340:	00000000 	.word	0x00000000

20000344 <irq_handler_chain_first_slot>:
20000344:	b501      	push	{r0, lr}
20000346:	6848      	ldr	r0, [r1, #4]
20000348:	3101      	adds	r1, #1
2000034a:	468e      	mov	lr, r1
2000034c:	4700      	bx	r0

2000034e <irq_handler_chain_remove_tail>:
2000034e:	4670      	mov	r0, lr
20000350:	3809      	subs	r0, #9
20000352:	4901      	ldr	r1, [pc, #4]	@ (20000358 <irq_handler_chain_remove_tail+0xa>)
20000354:	4788      	blx	r1
20000356:	bd01      	pop	{r0, pc}
20000358:	10003281 	.word	0x10003281

2000035c <default_alarm_pool>:
	...
20000370:	200003c8 00000000 00000000 00000000     ... ............

20000380 <aeabi_bits_funcs>:
20000380:	00003350 	.word	0x00003350
20000384:	0000334c 	.word	0x0000334c
20000388:	00003354 	.word	0x00003354
2000038c:	00003352 	.word	0x00003352

20000390 <aeabi_bits_funcs_end>:
20000390:	0000534d 	.word	0x0000534d
20000394:	0000434d 	.word	0x0000434d
20000398:	00003453 	.word	0x00003453
2000039c:	00003443 	.word	0x00003443

200003a0 <stdio_uart>:
200003a0:	10006c51 10006d55 10006c9d 10006d65     Ql..Um...l..em..
200003b0:	00000000 00000100                       ........

200003b8 <malloc_mutex>:
	...

200003c0 <print_mutex>:
	...
